{
  "gsk_…PxXM": {
    "blacklisted_until": 1781290958.1048002
  },
  "gsk_…bdFd": {
    "blacklisted_until": 1781290958.2397003
  },
  "gsk_…JOK1": {
    "blacklisted_until": 1781290958.3196921
  },
  "gsk_…GQpc": {
    "blacklisted_until": 1781290958.4118595
  },
  "gsk_…M2TI": {
    "blacklisted_until": 1781290958.489883
  },
  "gsk_…HF8S": {
    "blacklisted_until": 1781290958.562633
  }
}