{
  "gsk_…PxXM": {
    "blacklisted_until": 1781160856.0094497
  },
  "gsk_…bdFd": {
    "blacklisted_until": 1781160856.159752
  },
  "gsk_…GQpc": {
    "blacklisted_until": 1781161008.7084877
  },
  "gsk_…M2TI": {
    "blacklisted_until": 1781161008.8534265
  },
  "gsk_…JOK1": {
    "blacklisted_until": 1781161040.1654036
  },
  "gsk_…HF8S": {
    "blacklisted_until": 1781161040.3167212
  }
}