{
  "gsk_…GQpc": {
    "blacklisted_until": 1781002738.0957701
  },
  "gsk_…M2TI": {
    "blacklisted_until": 1781002738.1710417
  },
  "gsk_…JOK1": {
    "blacklisted_until": 1781002738.2369378
  },
  "gsk_…HF8S": {
    "blacklisted_until": 1781002798.3037696
  },
  "gsk_…PxXM": {
    "blacklisted_until": 1781002858.3792164
  },
  "gsk_…bdFd": {
    "blacklisted_until": 1781002858.4483387
  }
}