{
  "gsk_…JOK1": {
    "blacklisted_until": 1781197966.2128673
  },
  "gsk_…M2TI": {
    "blacklisted_until": 1781197966.391336
  },
  "gsk_…bdFd": {
    "blacklisted_until": 1781197966.0422788
  },
  "gsk_…PxXM": {
    "blacklisted_until": 1781197966.538017
  },
  "gsk_…GQpc": {
    "blacklisted_until": 1781198026.6919353
  },
  "gsk_…HF8S": {
    "blacklisted_until": 1781198086.8422976
  }
}