{
  "gsk_…bdFd": {
    "blacklisted_until": 1780481343.7007785
  },
  "gsk_…PxXM": {
    "blacklisted_until": 1780481343.8321073
  },
  "gsk_…M2TI": {
    "blacklisted_until": 1780481406.279224
  },
  "gsk_…HF8S": {
    "blacklisted_until": 1780481466.410194
  },
  "gsk_…JOK1": {
    "blacklisted_until": 1780481466.5428963
  },
  "gsk_…GQpc": {
    "blacklisted_until": 1780481497.634767
  }
}