{
  "gsk_…GQpc": {
    "blacklisted_until": 1780749086.6639507
  },
  "gsk_…M2TI": {
    "blacklisted_until": 1780749086.8031356
  },
  "gsk_…HF8S": {
    "blacklisted_until": 1780748994.859995
  },
  "gsk_…PxXM": {
    "blacklisted_until": 1780748994.9929497
  },
  "gsk_…bdFd": {
    "blacklisted_until": 1780748995.2075102
  },
  "gsk_…JOK1": {
    "blacklisted_until": 1780749086.9400196
  }
}