{
  "gsk_…PxXM": {
    "blacklisted_until": 1780705166.7612815
  },
  "gsk_…bdFd": {
    "blacklisted_until": 1780705166.9109218
  },
  "gsk_…GQpc": {
    "blacklisted_until": 1780705075.9082055
  },
  "gsk_…M2TI": {
    "blacklisted_until": 1780705076.0665362
  },
  "gsk_…JOK1": {
    "blacklisted_until": 1780705227.0544205
  },
  "gsk_…HF8S": {
    "blacklisted_until": 1780705227.193608
  }
}