{
  "gsk_…GQpc": {
    "blacklisted_until": 1779757271.416077
  },
  "gsk_…M2TI": {
    "blacklisted_until": 1779757271.6001737
  },
  "gsk_…HF8S": {
    "blacklisted_until": 1779757331.6714995
  },
  "gsk_…PxXM": {
    "blacklisted_until": 1779757331.7485542
  },
  "gsk_…bdFd": {
    "blacklisted_until": 1779757331.8166938
  },
  "gsk_…JOK1": {
    "blacklisted_until": 1779757331.8867435
  }
}