{
  "gsk_…M2TI": {
    "blacklisted_until": 1782216252.5038912
  },
  "gsk_…PxXM": {
    "blacklisted_until": 1782216345.683639
  },
  "gsk_…bdFd": {
    "blacklisted_until": 1782216345.8097212
  },
  "gsk_…JOK1": {
    "blacklisted_until": 1782216345.888396
  },
  "gsk_…GQpc": {
    "blacklisted_until": 1782216345.969678
  },
  "gsk_…HF8S": {
    "blacklisted_until": 1782216346.0461884
  }
}