{
  "gsk_…JOK1": {
    "blacklisted_until": 1780920195.2470417
  },
  "gsk_…GQpc": {
    "blacklisted_until": 1780920195.3107784
  },
  "gsk_…M2TI": {
    "blacklisted_until": 1780920195.3799713
  },
  "gsk_…HF8S": {
    "blacklisted_until": 1780920195.4426572
  },
  "gsk_…PxXM": {
    "blacklisted_until": 1780920436.3480139
  }
}