{
  "gsk_…GQpc": {
    "blacklisted_until": 1782215276.8020434
  },
  "gsk_…M2TI": {
    "blacklisted_until": 1782215276.883215
  },
  "gsk_…HF8S": {
    "blacklisted_until": 1782215276.9632957
  },
  "gsk_…PxXM": {
    "blacklisted_until": 1782215277.039766
  },
  "gsk_…bdFd": {
    "blacklisted_until": 1782215277.1202338
  },
  "gsk_…JOK1": {
    "blacklisted_until": 1782215337.202165
  }
}