{
  "gsk_…M2TI": {
    "blacklisted_until": 1781275618.3265977
  },
  "gsk_…bdFd": {
    "blacklisted_until": 1781275709.0057702
  },
  "gsk_…GQpc": {
    "blacklisted_until": 1781275709.075014
  },
  "gsk_…PxXM": {
    "blacklisted_until": 1781275708.92456
  },
  "gsk_…HF8S": {
    "blacklisted_until": 1781275527.619742
  },
  "gsk_…JOK1": {
    "blacklisted_until": 1781275527.6981707
  }
}