{
  "gsk_…HF8S": {
    "blacklisted_until": 1781403983.0905704
  },
  "gsk_…PxXM": {
    "blacklisted_until": 1781403982.946908
  },
  "gsk_…bdFd": {
    "blacklisted_until": 1781403983.0212777
  },
  "gsk_…GQpc": {
    "blacklisted_until": 1781403861.5163012
  },
  "gsk_…M2TI": {
    "blacklisted_until": 1781403861.5795486
  },
  "gsk_…JOK1": {
    "blacklisted_until": 1781403861.6485271
  }
}