{
  "gsk_…JOK1": {
    "blacklisted_until": 1781609485.4046125
  },
  "gsk_…GQpc": {
    "blacklisted_until": 1781609485.4701607
  },
  "gsk_…M2TI": {
    "blacklisted_until": 1781609485.5333495
  },
  "gsk_…HF8S": {
    "blacklisted_until": 1781609485.6356077
  },
  "gsk_…bdFd": {
    "blacklisted_until": 1781609485.7030048
  },
  "gsk_…PxXM": {
    "blacklisted_until": 1781609545.7707098
  }
}