{
  "gsk_…GQpc": {
    "blacklisted_until": 1782022539.8243973
  },
  "gsk_…M2TI": {
    "blacklisted_until": 1782022539.8946922
  },
  "gsk_…HF8S": {
    "blacklisted_until": 1782022388.2279537
  },
  "gsk_…PxXM": {
    "blacklisted_until": 1782022388.2957478
  },
  "gsk_…bdFd": {
    "blacklisted_until": 1782022448.3669896
  },
  "gsk_…JOK1": {
    "blacklisted_until": 1782022539.9670005
  }
}