{
  "gsk_…M2TI": {
    "blacklisted_until": 1781539884.92408
  },
  "gsk_…HF8S": {
    "blacklisted_until": 1781539885.0092034
  },
  "gsk_…PxXM": {
    "blacklisted_until": 1781539885.1148257
  },
  "gsk_…bdFd": {
    "blacklisted_until": 1781539885.17235
  },
  "gsk_…JOK1": {
    "blacklisted_until": 1781539885.3341687
  },
  "gsk_…GQpc": {
    "blacklisted_until": 1781539885.4205868
  }
}