{
  "gsk_…bdFd": {
    "blacklisted_until": 1781967521.7484615
  },
  "gsk_…JOK1": {
    "blacklisted_until": 1781967581.8171782
  },
  "gsk_…GQpc": {
    "blacklisted_until": 1781967581.8825154
  },
  "gsk_…M2TI": {
    "blacklisted_until": 1781967581.957647
  },
  "gsk_…HF8S": {
    "blacklisted_until": 1781967582.0287068
  },
  "gsk_…PxXM": {
    "blacklisted_until": 1781967582.1023562
  }
}