{
  "gsk_…PxXM": {
    "blacklisted_until": 1781786676.5749018
  },
  "gsk_…bdFd": {
    "blacklisted_until": 1781786676.6586466
  },
  "gsk_…JOK1": {
    "blacklisted_until": 1781786736.7307732
  },
  "gsk_…HF8S": {
    "blacklisted_until": 1781786736.8033717
  },
  "gsk_…GQpc": {
    "blacklisted_until": 1781786796.883347
  },
  "gsk_…M2TI": {
    "blacklisted_until": 1781786796.9506075
  }
}