{
  "gsk_…PxXM": {
    "blacklisted_until": 1780151233.550005
  },
  "gsk_…bdFd": {
    "blacklisted_until": 1780151233.614202
  }
}