{
  "gsk_…PxXM": {
    "blacklisted_until": 1781489780.6353357
  },
  "gsk_…JOK1": {
    "blacklisted_until": 1781489780.7789521
  },
  "gsk_…HF8S": {
    "blacklisted_until": 1781489780.9265456
  },
  "gsk_…bdFd": {
    "blacklisted_until": 1781489931.811519
  },
  "gsk_…GQpc": {
    "blacklisted_until": 1781489991.9835184
  },
  "gsk_…M2TI": {
    "blacklisted_until": 1781489992.1066654
  }
}