{
  "gsk_…PxXM": {
    "blacklisted_until": 1779825962.1813233
  },
  "gsk_…bdFd": {
    "blacklisted_until": 1779825962.2506802
  },
  "gsk_…JOK1": {
    "blacklisted_until": 1779825962.3185418
  },
  "gsk_…GQpc": {
    "blacklisted_until": 1779825962.3841786
  },
  "gsk_…M2TI": {
    "blacklisted_until": 1779825962.4547453
  },
  "gsk_…HF8S": {
    "blacklisted_until": 1779825962.51894
  }
}