{
  "gsk_…PxXM": {
    "blacklisted_until": 1781918909.513698
  },
  "gsk_…bdFd": {
    "blacklisted_until": 1781918909.5925636
  },
  "gsk_…GQpc": {
    "blacklisted_until": 1781918940.7703757
  },
  "gsk_…M2TI": {
    "blacklisted_until": 1781918940.846634
  },
  "gsk_…HF8S": {
    "blacklisted_until": 1781918940.9274073
  },
  "gsk_…JOK1": {
    "blacklisted_until": 1781918941.0163655
  }
}