{
  "gsk_…PxXM": {
    "blacklisted_until": 1780276464.7426052
  },
  "gsk_…bdFd": {
    "blacklisted_until": 1780276464.8126173
  },
  "gsk_…JOK1": {
    "blacklisted_until": 1780276464.8887177
  },
  "gsk_…GQpc": {
    "blacklisted_until": 1780276464.9566936
  },
  "gsk_…M2TI": {
    "blacklisted_until": 1780276465.0213046
  },
  "gsk_…HF8S": {
    "blacklisted_until": 1780276465.091265
  }
}