{
  "gsk_…GQpc": {
    "blacklisted_until": 1782305056.0540037
  },
  "gsk_…M2TI": {
    "blacklisted_until": 1782305056.1306715
  },
  "gsk_…PxXM": {
    "blacklisted_until": 1782305024.6514816
  },
  "gsk_…bdFd": {
    "blacklisted_until": 1782305024.734981
  },
  "gsk_…HF8S": {
    "blacklisted_until": 1782305056.2129045
  },
  "gsk_…JOK1": {
    "blacklisted_until": 1782305056.323144
  }
}