{
  "gsk_…GQpc": {
    "blacklisted_until": 1780031202.6906774
  },
  "gsk_…M2TI": {
    "blacklisted_until": 1780031202.7550504
  },
  "gsk_…JOK1": {
    "blacklisted_until": 1780031202.6302407
  },
  "gsk_…PxXM": {
    "blacklisted_until": 1780031233.6457183
  },
  "gsk_…HF8S": {
    "blacklisted_until": 1780031293.7538328
  },
  "gsk_…bdFd": {
    "blacklisted_until": 1780031353.81825
  }
}