{
  "gsk_…PxXM": {
    "blacklisted_until": 1781918575.6216607
  },
  "gsk_…bdFd": {
    "blacklisted_until": 1781918575.7090585
  },
  "gsk_…HF8S": {
    "blacklisted_until": 1781918576.020828
  },
  "gsk_…GQpc": {
    "blacklisted_until": 1781918575.868846
  },
  "gsk_…M2TI": {
    "blacklisted_until": 1781918575.9444125
  },
  "gsk_…JOK1": {
    "blacklisted_until": 1781918575.7882128
  }
}