{
  "gsk_…JOK1": {
    "blacklisted_until": 1780786250.44734
  },
  "gsk_…GQpc": {
    "blacklisted_until": 1780786310.515523
  },
  "gsk_…HF8S": {
    "blacklisted_until": 1780786370.5906875
  }
}