{
  "gsk_…PxXM": {
    "blacklisted_until": 1782263281.885025
  },
  "gsk_…bdFd": {
    "blacklisted_until": 1782263281.9673834
  },
  "gsk_…HF8S": {
    "blacklisted_until": 1782263282.0494962
  },
  "gsk_…JOK1": {
    "blacklisted_until": 1782263432.8746805
  },
  "gsk_…GQpc": {
    "blacklisted_until": 1782263432.9604023
  },
  "gsk_…M2TI": {
    "blacklisted_until": 1782263493.0531607
  }
}