{
  "gsk_…GQpc": {
    "blacklisted_until": 1780986513.708198
  },
  "gsk_…M2TI": {
    "blacklisted_until": 1780986513.7813764
  },
  "gsk_…PxXM": {
    "blacklisted_until": 1780986544.700522
  },
  "gsk_…bdFd": {
    "blacklisted_until": 1780986544.767907
  },
  "gsk_…JOK1": {
    "blacklisted_until": 1780986544.8362136
  },
  "gsk_…HF8S": {
    "blacklisted_until": 1780986544.9016025
  }
}