{
  "gsk_…PxXM": {
    "blacklisted_until": 1781200872.87569
  },
  "gsk_…bdFd": {
    "blacklisted_until": 1781200873.0282593
  },
  "gsk_…HF8S": {
    "blacklisted_until": 1781200873.1818736
  },
  "gsk_…GQpc": {
    "blacklisted_until": 1781201093.530926
  },
  "gsk_…M2TI": {
    "blacklisted_until": 1781201093.6892679
  },
  "gsk_…JOK1": {
    "blacklisted_until": 1781201093.8503613
  }
}