{
  "gsk_…HF8S": {
    "blacklisted_until": 1782354037.4128327
  },
  "gsk_…PxXM": {
    "blacklisted_until": 1782354037.4833148
  },
  "gsk_…M2TI": {
    "blacklisted_until": 1782354223.59714
  }
}