{
  "gsk_…GQpc": {
    "blacklisted_until": 1782019951.0365024
  },
  "gsk_…M2TI": {
    "blacklisted_until": 1782019951.105118
  },
  "gsk_…PxXM": {
    "blacklisted_until": 1782020132.8916485
  },
  "gsk_…bdFd": {
    "blacklisted_until": 1782020132.9578874
  },
  "gsk_…HF8S": {
    "blacklisted_until": 1782020133.034966
  }
}