{
  "gsk_…bdFd": {
    "blacklisted_until": 1781488623.9791915
  },
  "gsk_…GQpc": {
    "blacklisted_until": 1781488655.3595066
  },
  "gsk_…M2TI": {
    "blacklisted_until": 1781488655.5042844
  },
  "gsk_…HF8S": {
    "blacklisted_until": 1781488655.6381109
  },
  "gsk_…PxXM": {
    "blacklisted_until": 1781488655.7776675
  },
  "gsk_…JOK1": {
    "blacklisted_until": 1781488655.927159
  }
}