{
  "gsk_…PxXM": {
    "blacklisted_until": 1782099417.1818302
  },
  "gsk_…bdFd": {
    "blacklisted_until": 1782099417.2487822
  },
  "gsk_…HF8S": {
    "blacklisted_until": 1782099417.1189606
  },
  "gsk_…JOK1": {
    "blacklisted_until": 1782099567.8428738
  },
  "gsk_…GQpc": {
    "blacklisted_until": 1782099567.9126704
  },
  "gsk_…M2TI": {
    "blacklisted_until": 1782099628.070765
  }
}