{
  "gsk_…JOK1": {
    "blacklisted_until": 1781372799.6670704
  },
  "gsk_…M2TI": {
    "blacklisted_until": 1781373110.252283
  },
  "gsk_…HF8S": {
    "blacklisted_until": 1781372859.8261273
  },
  "gsk_…PxXM": {
    "blacklisted_until": 1781372859.910507
  },
  "gsk_…bdFd": {
    "blacklisted_until": 1781372859.9888313
  },
  "gsk_…GQpc": {
    "blacklisted_until": 1781373010.5465755
  }
}