{
  "gsk_…GQpc": {
    "blacklisted_until": 1781846398.2678444
  },
  "gsk_…M2TI": {
    "blacklisted_until": 1781846398.358392
  },
  "gsk_…HF8S": {
    "blacklisted_until": 1781846398.41845
  },
  "gsk_…PxXM": {
    "blacklisted_until": 1781846398.5132504
  },
  "gsk_…JOK1": {
    "blacklisted_until": 1781846398.1743207
  },
  "gsk_…bdFd": {
    "blacklisted_until": 1781846398.6030753
  }
}