{
  "gsk_…JOK1": {
    "blacklisted_until": 1781023230.6572127
  },
  "gsk_…GQpc": {
    "blacklisted_until": 1781023379.8879483
  },
  "gsk_…M2TI": {
    "blacklisted_until": 1781023380.4821708
  },
  "gsk_…bdFd": {
    "blacklisted_until": 1781023380.548928
  },
  "gsk_…HF8S": {
    "blacklisted_until": 1781023440.6213913
  },
  "gsk_…PxXM": {
    "blacklisted_until": 1781023440.7134607
  }
}