{
  "gsk_…JOK1": {
    "blacklisted_until": 1780524788.784654
  },
  "gsk_…GQpc": {
    "blacklisted_until": 1780524788.9237947
  },
  "gsk_…M2TI": {
    "blacklisted_until": 1780524789.0726502
  },
  "gsk_…bdFd": {
    "blacklisted_until": 1780524911.5905523
  },
  "gsk_…HF8S": {
    "blacklisted_until": 1780524911.7325633
  },
  "gsk_…PxXM": {
    "blacklisted_until": 1780524911.8792634
  }
}