{
  "gsk_…bdFd": {
    "blacklisted_until": 1780397162.851961
  },
  "gsk_…JOK1": {
    "blacklisted_until": 1780397222.9666944
  },
  "gsk_…GQpc": {
    "blacklisted_until": 1780397223.0440667
  },
  "gsk_…M2TI": {
    "blacklisted_until": 1780397223.1125734
  },
  "gsk_…PxXM": {
    "blacklisted_until": 1780397308.2740421
  },
  "gsk_…HF8S": {
    "blacklisted_until": 1780397308.3655713
  }
}