{
  "gsk_…JOK1": {
    "blacklisted_until": 1780483419.0683165
  },
  "gsk_…GQpc": {
    "blacklisted_until": 1780483419.2003458
  },
  "gsk_…bdFd": {
    "blacklisted_until": 1780483601.0124574
  }
}