{
  "gsk_…GQpc": {
    "blacklisted_until": 1781883390.3625631
  },
  "gsk_…M2TI": {
    "blacklisted_until": 1781883390.4447951
  },
  "gsk_…PxXM": {
    "blacklisted_until": 1781883452.0586452
  },
  "gsk_…bdFd": {
    "blacklisted_until": 1781883512.1397038
  },
  "gsk_…HF8S": {
    "blacklisted_until": 1781883515.1437612
  }
}