{
  "gsk_…HF8S": {
    "blacklisted_until": 1782264361.9301605
  },
  "gsk_…PxXM": {
    "blacklisted_until": 1782264362.0096762
  },
  "gsk_…bdFd": {
    "blacklisted_until": 1782264362.0899408
  },
  "gsk_…GQpc": {
    "blacklisted_until": 1782264453.406643
  },
  "gsk_…M2TI": {
    "blacklisted_until": 1782264453.487467
  },
  "gsk_…JOK1": {
    "blacklisted_until": 1782264453.5647027
  }
}