{
  "gsk_…bdFd": {
    "blacklisted_until": 1781316490.0713124
  },
  "gsk_…JOK1": {
    "blacklisted_until": 1781316640.7184663
  },
  "gsk_…GQpc": {
    "blacklisted_until": 1781316640.7917364
  },
  "gsk_…M2TI": {
    "blacklisted_until": 1781316640.86531
  },
  "gsk_…PxXM": {
    "blacklisted_until": 1781316707.0734727
  },
  "gsk_…HF8S": {
    "blacklisted_until": 1781316707.145843
  }
}