{
  "gsk_…M2TI": {
    "blacklisted_until": 1782347781.0774772
  },
  "gsk_…GQpc": {
    "blacklisted_until": 1782347781.1617227
  }
}