{
  "gsk_…JOK1": {
    "blacklisted_until": 1780914587.9633813
  },
  "gsk_…GQpc": {
    "blacklisted_until": 1780914588.038062
  },
  "gsk_…HF8S": {
    "blacklisted_until": 1780914588.1050467
  },
  "gsk_…M2TI": {
    "blacklisted_until": 1780914797.8130898
  }
}