{
  "gsk_…JOK1": {
    "blacklisted_until": 1781202098.6504567
  },
  "gsk_…M2TI": {
    "blacklisted_until": 1781202130.891549
  },
  "gsk_…GQpc": {
    "blacklisted_until": 1781202131.0792513
  }
}