{
  "gsk_…M2TI": {
    "blacklisted_until": 1780319008.3795252
  },
  "gsk_…bdFd": {
    "blacklisted_until": 1780319190.4771147
  }
}