{
  "gsk_…JOK1": {
    "blacklisted_until": 1782146380.9741604
  },
  "gsk_…GQpc": {
    "blacklisted_until": 1782146531.5871637
  },
  "gsk_…M2TI": {
    "blacklisted_until": 1782146591.662217
  }
}