{
  "gsk_…GQpc": {
    "blacklisted_until": 1781152058.4470887
  },
  "gsk_…M2TI": {
    "blacklisted_until": 1781152058.5899243
  },
  "gsk_…HF8S": {
    "blacklisted_until": 1781152058.737698
  },
  "gsk_…JOK1": {
    "blacklisted_until": 1781152058.922946
  }
}