{
  "gsk_…bdFd": {
    "blacklisted_until": 1780157671.5836642
  },
  "gsk_…JOK1": {
    "blacklisted_until": 1780157671.6478689
  },
  "gsk_…M2TI": {
    "blacklisted_until": 1780157808.5417144
  },
  "gsk_…PxXM": {
    "blacklisted_until": 1780157882.5801904
  },
  "gsk_…GQpc": {
    "blacklisted_until": 1780157882.6424713
  },
  "gsk_…HF8S": {
    "blacklisted_until": 1780157882.7100458
  }
}