{
  "gsk_…PxXM": {
    "blacklisted_until": 1782298469.7246284
  },
  "gsk_…bdFd": {
    "blacklisted_until": 1782298469.80219
  },
  "gsk_…HF8S": {
    "blacklisted_until": 1782298469.879124
  },
  "gsk_…GQpc": {
    "blacklisted_until": 1782298651.7593977
  },
  "gsk_…M2TI": {
    "blacklisted_until": 1782298651.837881
  },
  "gsk_…JOK1": {
    "blacklisted_until": 1782298651.9158013
  }
}