{
  "gsk_…GQpc": {
    "blacklisted_until": 1780185605.3952699
  },
  "gsk_…PxXM": {
    "blacklisted_until": 1780185574.3778608
  },
  "gsk_…bdFd": {
    "blacklisted_until": 1780185574.4600317
  },
  "gsk_…HF8S": {
    "blacklisted_until": 1780185605.543787
  },
  "gsk_…JOK1": {
    "blacklisted_until": 1780185605.621369
  },
  "gsk_…M2TI": {
    "blacklisted_until": 1780185605.4699173
  }
}