{
  "gsk_…JOK1": {
    "blacklisted_until": 1780912773.9841835
  },
  "gsk_…GQpc": {
    "blacklisted_until": 1780912774.0469563
  },
  "gsk_…M2TI": {
    "blacklisted_until": 1780912774.113097
  },
  "gsk_…HF8S": {
    "blacklisted_until": 1780912774.1749184
  },
  "gsk_…PxXM": {
    "blacklisted_until": 1780912774.242285
  }
}