{
  "gsk_…HF8S": {
    "blacklisted_until": 1781965821.0871265
  },
  "gsk_…JOK1": {
    "blacklisted_until": 1781965821.160734
  },
  "gsk_…GQpc": {
    "blacklisted_until": 1781965821.226124
  }
}