{
  "gsk_…JOK1": {
    "blacklisted_until": 1781791233.2058446
  },
  "gsk_…GQpc": {
    "blacklisted_until": 1781791233.056747
  },
  "gsk_…M2TI": {
    "blacklisted_until": 1781791233.1386364
  },
  "gsk_…HF8S": {
    "blacklisted_until": 1781791293.2818146
  },
  "gsk_…PxXM": {
    "blacklisted_until": 1781791353.3616948
  },
  "gsk_…bdFd": {
    "blacklisted_until": 1781791353.4393122
  }
}