{
  "gsk_…JOK1": {
    "blacklisted_until": 1780579911.2755115
  },
  "gsk_…HF8S": {
    "blacklisted_until": 1780579911.3480346
  },
  "gsk_…PxXM": {
    "blacklisted_until": 1780579911.4096453
  },
  "gsk_…bdFd": {
    "blacklisted_until": 1780579911.488237
  },
  "gsk_…GQpc": {
    "blacklisted_until": 1780580061.9065695
  },
  "gsk_…M2TI": {
    "blacklisted_until": 1780580061.9846134
  }
}