{
  "gsk_…PxXM": {
    "blacklisted_until": 1781159518.263489
  },
  "gsk_…bdFd": {
    "blacklisted_until": 1781159518.409804
  },
  "gsk_…GQpc": {
    "blacklisted_until": 1781159641.2556367
  },
  "gsk_…M2TI": {
    "blacklisted_until": 1781159641.4619346
  },
  "gsk_…JOK1": {
    "blacklisted_until": 1781159644.0404136
  },
  "gsk_…HF8S": {
    "blacklisted_until": 1781159675.3095539
  }
}