{
  "gsk_…GQpc": {
    "blacklisted_until": 1780614452.7387178
  },
  "gsk_…M2TI": {
    "blacklisted_until": 1780614452.640483
  },
  "gsk_…JOK1": {
    "blacklisted_until": 1780614421.6153333
  },
  "gsk_…bdFd": {
    "blacklisted_until": 1780614634.9238532
  },
  "gsk_…PxXM": {
    "blacklisted_until": 1780614634.8137567
  },
  "gsk_…HF8S": {
    "blacklisted_until": 1780614635.0242548
  }
}