{
  "gsk_…GQpc": {
    "blacklisted_until": 1781777319.0249603
  },
  "gsk_…JOK1": {
    "blacklisted_until": 1781777319.1619985
  },
  "gsk_…bdFd": {
    "blacklisted_until": 1781777229.7787094
  },
  "gsk_…PxXM": {
    "blacklisted_until": 1781777319.093982
  },
  "gsk_…M2TI": {
    "blacklisted_until": 1781777379.2403214
  },
  "gsk_…HF8S": {
    "blacklisted_until": 1781777379.3154206
  }
}