{
  "gsk_…bdFd": {
    "blacklisted_until": 1779896567.8593829
  },
  "gsk_…JOK1": {
    "blacklisted_until": 1779896627.9309673
  },
  "gsk_…GQpc": {
    "blacklisted_until": 1779896627.9954402
  },
  "gsk_…M2TI": {
    "blacklisted_until": 1779896628.058302
  },
  "gsk_…HF8S": {
    "blacklisted_until": 1779896628.1212928
  },
  "gsk_…PxXM": {
    "blacklisted_until": 1779896628.1920867
  }
}