{
  "gsk_…GQpc": {
    "blacklisted_until": 1780616777.9398854
  },
  "gsk_…M2TI": {
    "blacklisted_until": 1780616778.0371127
  },
  "gsk_…PxXM": {
    "blacklisted_until": 1780616869.1805751
  },
  "gsk_…bdFd": {
    "blacklisted_until": 1780616869.2898512
  },
  "gsk_…HF8S": {
    "blacklisted_until": 1780616869.4151058
  }
}