{
  "gsk_…bdFd": {
    "blacklisted_until": 1779824234.690991
  },
  "gsk_…M2TI": {
    "blacklisted_until": 1779824203.263496
  },
  "gsk_…PxXM": {
    "blacklisted_until": 1779824234.625608
  },
  "gsk_…JOK1": {
    "blacklisted_until": 1779824234.7610266
  },
  "gsk_…GQpc": {
    "blacklisted_until": 1779824234.8270671
  },
  "gsk_…HF8S": {
    "blacklisted_until": 1779824234.890863
  }
}