{
  "gsk_…PxXM": {
    "blacklisted_until": 1781569535.2696843
  },
  "gsk_…bdFd": {
    "blacklisted_until": 1781569535.3385587
  },
  "gsk_…HF8S": {
    "blacklisted_until": 1781569535.4085476
  }
}