{
  "gsk_…bdFd": {
    "blacklisted_until": 1780150539.111122
  },
  "gsk_…JOK1": {
    "blacklisted_until": 1780150539.173113
  },
  "gsk_…GQpc": {
    "blacklisted_until": 1780150539.240773
  },
  "gsk_…HF8S": {
    "blacklisted_until": 1780150538.935754
  },
  "gsk_…PxXM": {
    "blacklisted_until": 1780150539.0322788
  },
  "gsk_…M2TI": {
    "blacklisted_until": 1780150539.3043063
  }
}