{
  "gsk_…HF8S": {
    "blacklisted_until": 1781332171.2832417
  },
  "gsk_…PxXM": {
    "blacklisted_until": 1781332171.3583066
  },
  "gsk_…bdFd": {
    "blacklisted_until": 1781332171.4224145
  },
  "gsk_…JOK1": {
    "blacklisted_until": 1781332171.5501163
  },
  "gsk_…GQpc": {
    "blacklisted_until": 1781332171.1506279
  },
  "gsk_…M2TI": {
    "blacklisted_until": 1781332171.2178242
  }
}