{
  "gsk_…GQpc": {
    "blacklisted_until": 1782101938.9095192
  },
  "gsk_…M2TI": {
    "blacklisted_until": 1782101938.9745157
  },
  "gsk_…JOK1": {
    "blacklisted_until": 1782101939.0453968
  },
  "gsk_…PxXM": {
    "blacklisted_until": 1782102030.0996633
  },
  "gsk_…bdFd": {
    "blacklisted_until": 1782102030.1637185
  },
  "gsk_…HF8S": {
    "blacklisted_until": 1782102030.2300677
  }
}