{
  "gsk_…PxXM": {
    "blacklisted_until": 1781747173.5960436
  },
  "gsk_…bdFd": {
    "blacklisted_until": 1781747173.7297256
  }
}