{
  "gsk_…bdFd": {
    "blacklisted_until": 1780146400.2732937
  },
  "gsk_…PxXM": {
    "blacklisted_until": 1780146400.208297
  },
  "gsk_…HF8S": {
    "blacklisted_until": 1780146400.142104
  },
  "gsk_…GQpc": {
    "blacklisted_until": 1780146400.0199552
  },
  "gsk_…M2TI": {
    "blacklisted_until": 1780146400.0813408
  },
  "gsk_…JOK1": {
    "blacklisted_until": 1780146400.336375
  }
}