{
  "gsk_…HF8S": {
    "blacklisted_until": 1781577605.4628887
  },
  "gsk_…PxXM": {
    "blacklisted_until": 1781577605.5373795
  },
  "gsk_…bdFd": {
    "blacklisted_until": 1781577605.6076982
  },
  "gsk_…GQpc": {
    "blacklisted_until": 1781577818.771874
  },
  "gsk_…M2TI": {
    "blacklisted_until": 1781577818.8414521
  },
  "gsk_…JOK1": {
    "blacklisted_until": 1781577818.9071841
  }
}