{
  "gsk_…GQpc": {
    "blacklisted_until": 1781880405.7747295
  },
  "gsk_…M2TI": {
    "blacklisted_until": 1781880405.8680522
  },
  "gsk_…PxXM": {
    "blacklisted_until": 1781880497.2244031
  },
  "gsk_…HF8S": {
    "blacklisted_until": 1781880497.306424
  },
  "gsk_…bdFd": {
    "blacklisted_until": 1781880557.388839
  },
  "gsk_…JOK1": {
    "blacklisted_until": 1781880557.477786
  }
}