{
  "gsk_…M2TI": {
    "blacklisted_until": 1781651074.2242744
  },
  "gsk_…HF8S": {
    "blacklisted_until": 1781650983.5409718
  },
  "gsk_…JOK1": {
    "blacklisted_until": 1781650983.6092517
  },
  "gsk_…PxXM": {
    "blacklisted_until": 1781651166.741542
  },
  "gsk_…bdFd": {
    "blacklisted_until": 1781651226.8255475
  }
}