{
  "gsk_…bdFd": {
    "blacklisted_until": 1780531264.737231
  },
  "gsk_…GQpc": {
    "blacklisted_until": 1780531355.8908286
  },
  "gsk_…M2TI": {
    "blacklisted_until": 1780531356.0445745
  },
  "gsk_…PxXM": {
    "blacklisted_until": 1780531445.5575852
  },
  "gsk_…JOK1": {
    "blacklisted_until": 1780531445.7007797
  },
  "gsk_…HF8S": {
    "blacklisted_until": 1780531445.841195
  }
}