{
  "gsk_…bdFd": {
    "blacklisted_until": 1781926219.4714918
  },
  "gsk_…GQpc": {
    "blacklisted_until": 1781926310.7890947
  },
  "gsk_…M2TI": {
    "blacklisted_until": 1781926310.8749652
  },
  "gsk_…PxXM": {
    "blacklisted_until": 1781926342.317965
  },
  "gsk_…JOK1": {
    "blacklisted_until": 1781926342.4240913
  },
  "gsk_…HF8S": {
    "blacklisted_until": 1781926342.5030377
  }
}