{
  "gsk_…JOK1": {
    "blacklisted_until": 1780959827.428403
  },
  "gsk_…GQpc": {
    "blacklisted_until": 1780959795.8492846
  },
  "gsk_…M2TI": {
    "blacklisted_until": 1780959795.9922094
  },
  "gsk_…HF8S": {
    "blacklisted_until": 1780959827.5603545
  },
  "gsk_…PxXM": {
    "blacklisted_until": 1780959827.2372465
  },
  "gsk_…bdFd": {
    "blacklisted_until": 1780959887.6939611
  }
}