{
  "gsk_…M2TI": {
    "blacklisted_until": 1782096318.9675004
  },
  "gsk_…HF8S": {
    "blacklisted_until": 1782096350.1672566
  },
  "gsk_…PxXM": {
    "blacklisted_until": 1782096410.249449
  },
  "gsk_…bdFd": {
    "blacklisted_until": 1782096410.3187976
  },
  "gsk_…GQpc": {
    "blacklisted_until": 1782096445.3994017
  },
  "gsk_…JOK1": {
    "blacklisted_until": 1782096445.4912615
  }
}