{
  "gsk_…GQpc": {
    "blacklisted_until": 1781233893.5283968
  },
  "gsk_…M2TI": {
    "blacklisted_until": 1781233953.7027955
  },
  "gsk_…HF8S": {
    "blacklisted_until": 1781234013.7880552
  },
  "gsk_…PxXM": {
    "blacklisted_until": 1781234013.866916
  },
  "gsk_…bdFd": {
    "blacklisted_until": 1781234013.9460356
  },
  "gsk_…JOK1": {
    "blacklisted_until": 1781234014.0244546
  }
}