{
  "gsk_…M2TI": {
    "blacklisted_until": 1781619715.931737
  },
  "gsk_…bdFd": {
    "blacklisted_until": 1781619897.776879
  }
}