{
  "gsk_…GQpc": {
    "blacklisted_until": 1781581656.98067
  },
  "gsk_…M2TI": {
    "blacklisted_until": 1781581657.0563302
  },
  "gsk_…JOK1": {
    "blacklisted_until": 1781581688.1013913
  }
}