{
  "gsk_…JOK1": {
    "blacklisted_until": 1781975673.2353358
  },
  "gsk_…GQpc": {
    "blacklisted_until": 1781976059.8682616
  },
  "gsk_…M2TI": {
    "blacklisted_until": 1781976059.9333918
  },
  "gsk_…HF8S": {
    "blacklisted_until": 1781975733.3239176
  },
  "gsk_…PxXM": {
    "blacklisted_until": 1781975884.0503047
  },
  "gsk_…bdFd": {
    "blacklisted_until": 1781975884.1192598
  }
}