{
  "gsk_…GQpc": {
    "blacklisted_until": 1782053114.3047583
  },
  "gsk_…M2TI": {
    "blacklisted_until": 1782053114.3852901
  },
  "gsk_…HF8S": {
    "blacklisted_until": 1782053114.4747603
  },
  "gsk_…PxXM": {
    "blacklisted_until": 1782053114.5628474
  },
  "gsk_…bdFd": {
    "blacklisted_until": 1782053114.6561048
  },
  "gsk_…JOK1": {
    "blacklisted_until": 1782053114.7147968
  }
}