{
  "gsk_…bdFd": {
    "blacklisted_until": 1781067895.6106257
  },
  "gsk_…M2TI": {
    "blacklisted_until": 1781067959.5625556
  },
  "gsk_…HF8S": {
    "blacklisted_until": 1781067959.6297312
  },
  "gsk_…PxXM": {
    "blacklisted_until": 1781067959.700791
  },
  "gsk_…JOK1": {
    "blacklisted_until": 1781067959.782456
  },
  "gsk_…GQpc": {
    "blacklisted_until": 1781067959.8510005
  }
}