{
  "gsk_…PxXM": {
    "blacklisted_until": 1780145123.207409
  },
  "gsk_…bdFd": {
    "blacklisted_until": 1780145183.3325684
  },
  "gsk_…JOK1": {
    "blacklisted_until": 1780145333.7017655
  },
  "gsk_…GQpc": {
    "blacklisted_until": 1780145333.766237
  },
  "gsk_…M2TI": {
    "blacklisted_until": 1780145333.8273761
  }
}