{
  "gsk_…PxXM": {
    "blacklisted_until": 1782305968.9918656
  },
  "gsk_…bdFd": {
    "blacklisted_until": 1782305969.0787795
  },
  "gsk_…GQpc": {
    "blacklisted_until": 1782306151.0346398
  },
  "gsk_…M2TI": {
    "blacklisted_until": 1782306151.115249
  }
}