{
  "gsk_…M2TI": {
    "blacklisted_until": 1780784426.4070637
  },
  "gsk_…GQpc": {
    "blacklisted_until": 1780784335.795914
  },
  "gsk_…HF8S": {
    "blacklisted_until": 1780784486.477114
  },
  "gsk_…PxXM": {
    "blacklisted_until": 1780784486.544966
  },
  "gsk_…bdFd": {
    "blacklisted_until": 1780784486.617267
  }
}