{
  "gsk_…M2TI": {
    "blacklisted_until": 1781621450.2472417
  },
  "gsk_…HF8S": {
    "blacklisted_until": 1781621510.3441494
  },
  "gsk_…PxXM": {
    "blacklisted_until": 1781621510.4141016
  },
  "gsk_…bdFd": {
    "blacklisted_until": 1781621510.4924114
  },
  "gsk_…JOK1": {
    "blacklisted_until": 1781621510.5600104
  },
  "gsk_…GQpc": {
    "blacklisted_until": 1781621510.6277492
  }
}