{
  "gsk_…GQpc": {
    "blacklisted_until": 1780607794.2100973
  },
  "gsk_…M2TI": {
    "blacklisted_until": 1780607794.1086607
  },
  "gsk_…JOK1": {
    "blacklisted_until": 1780607584.124733
  },
  "gsk_…HF8S": {
    "blacklisted_until": 1780607584.2346241
  },
  "gsk_…bdFd": {
    "blacklisted_until": 1780607644.3617995
  }
}