{
  "gsk_…bdFd": {
    "blacklisted_until": 1780109208.7150908
  },
  "gsk_…HF8S": {
    "blacklisted_until": 1780109208.645808
  },
  "gsk_…M2TI": {
    "blacklisted_until": 1780109299.5231822
  },
  "gsk_…GQpc": {
    "blacklisted_until": 1780109299.5977106
  },
  "gsk_…JOK1": {
    "blacklisted_until": 1780109430.5927825
  },
  "gsk_…PxXM": {
    "blacklisted_until": 1780109430.670621
  }
}