{
  "gsk_…JOK1": {
    "blacklisted_until": 1779640471.9236326
  },
  "gsk_…GQpc": {
    "blacklisted_until": 1779640471.9909816
  },
  "gsk_…HF8S": {
    "blacklisted_until": 1779640472.0600429
  },
  "gsk_…PxXM": {
    "blacklisted_until": 1779640472.1312838
  }
}