{
  "gsk_…PxXM": {
    "blacklisted_until": 1780027194.7239356
  },
  "gsk_…bdFd": {
    "blacklisted_until": 1780027194.7887042
  },
  "gsk_…JOK1": {
    "blacklisted_until": 1780027194.856688
  },
  "gsk_…GQpc": {
    "blacklisted_until": 1780027194.9202259
  },
  "gsk_…M2TI": {
    "blacklisted_until": 1780027315.9971366
  }
}