{
  "gsk_…GQpc": {
    "blacklisted_until": 1782128246.852459
  },
  "gsk_…M2TI": {
    "blacklisted_until": 1782128584.5647845
  },
  "gsk_…PxXM": {
    "blacklisted_until": 1782128280.6311054
  },
  "gsk_…bdFd": {
    "blacklisted_until": 1782128280.7014449
  },
  "gsk_…JOK1": {
    "blacklisted_until": 1782128280.7685788
  },
  "gsk_…HF8S": {
    "blacklisted_until": 1782128280.837634
  }
}