{
  "gsk_…JOK1": {
    "blacklisted_until": 1781235084.4558575
  },
  "gsk_…GQpc": {
    "blacklisted_until": 1781235144.5495436
  },
  "gsk_…M2TI": {
    "blacklisted_until": 1781235293.597625
  }
}