{
  "gsk_…bdFd": {
    "blacklisted_until": 1781614719.9983377
  },
  "gsk_…GQpc": {
    "blacklisted_until": 1781614751.418316
  },
  "gsk_…M2TI": {
    "blacklisted_until": 1781614751.4805856
  },
  "gsk_…HF8S": {
    "blacklisted_until": 1781614751.5442343
  },
  "gsk_…PxXM": {
    "blacklisted_until": 1781614751.6265078
  },
  "gsk_…JOK1": {
    "blacklisted_until": 1781614751.6996555
  }
}