{
  "gsk_…PxXM": {
    "blacklisted_until": 1782269682.700408
  },
  "gsk_…bdFd": {
    "blacklisted_until": 1782269682.7807891
  },
  "gsk_…GQpc": {
    "blacklisted_until": 1782269714.017585
  },
  "gsk_…M2TI": {
    "blacklisted_until": 1782269714.0966284
  },
  "gsk_…HF8S": {
    "blacklisted_until": 1782269714.1799247
  },
  "gsk_…JOK1": {
    "blacklisted_until": 1782269714.2609513
  }
}