{
  "gsk_…PxXM": {
    "blacklisted_until": 1781931694.3580325
  },
  "gsk_…HF8S": {
    "blacklisted_until": 1781931694.440222
  },
  "gsk_…bdFd": {
    "blacklisted_until": 1781931754.7210393
  },
  "gsk_…JOK1": {
    "blacklisted_until": 1781931814.804977
  },
  "gsk_…GQpc": {
    "blacklisted_until": 1781931814.886975
  },
  "gsk_…M2TI": {
    "blacklisted_until": 1781931814.967729
  }
}