{
  "gsk_…GQpc": {
    "blacklisted_until": 1781783820.5754473
  },
  "gsk_…M2TI": {
    "blacklisted_until": 1781783820.646887
  },
  "gsk_…HF8S": {
    "blacklisted_until": 1781783649.4594579
  },
  "gsk_…PxXM": {
    "blacklisted_until": 1781783649.527219
  },
  "gsk_…bdFd": {
    "blacklisted_until": 1781783649.5931137
  },
  "gsk_…JOK1": {
    "blacklisted_until": 1781783729.66238
  }
}