{
  "gsk_…HF8S": {
    "blacklisted_until": 1779945604.1481826
  },
  "gsk_…PxXM": {
    "blacklisted_until": 1779945604.2107468
  },
  "gsk_…bdFd": {
    "blacklisted_until": 1779945604.2812998
  },
  "gsk_…JOK1": {
    "blacklisted_until": 1779945725.349435
  },
  "gsk_…GQpc": {
    "blacklisted_until": 1779945725.4142997
  },
  "gsk_…M2TI": {
    "blacklisted_until": 1779945725.4758282
  }
}