{
  "gsk_…bdFd": {
    "blacklisted_until": 1781359589.4674034
  },
  "gsk_…M2TI": {
    "blacklisted_until": 1781359661.9454272
  },
  "gsk_…PxXM": {
    "blacklisted_until": 1781359662.0335383
  },
  "gsk_…GQpc": {
    "blacklisted_until": 1781359662.1100972
  },
  "gsk_…HF8S": {
    "blacklisted_until": 1781359722.1909165
  },
  "gsk_…JOK1": {
    "blacklisted_until": 1781359722.2686625
  }
}