{
  "gsk_…M2TI": {
    "blacklisted_until": 1781412357.489939
  },
  "gsk_…PxXM": {
    "blacklisted_until": 1781412539.1509123
  },
  "gsk_…bdFd": {
    "blacklisted_until": 1781412539.2265787
  },
  "gsk_…HF8S": {
    "blacklisted_until": 1781412539.298681
  },
  "gsk_…JOK1": {
    "blacklisted_until": 1781412599.3734992
  }
}