{
  "gsk_…JOK1": {
    "blacklisted_until": 1781567371.7926228
  },
  "gsk_…GQpc": {
    "blacklisted_until": 1781567371.859647
  },
  "gsk_…M2TI": {
    "blacklisted_until": 1781567371.9344976
  },
  "gsk_…HF8S": {
    "blacklisted_until": 1781567493.0114632
  },
  "gsk_…PxXM": {
    "blacklisted_until": 1781567553.0983615
  },
  "gsk_…bdFd": {
    "blacklisted_until": 1781567553.1737761
  }
}