{
  "gsk_…GQpc": {
    "blacklisted_until": 1780161715.857634
  },
  "gsk_…PxXM": {
    "blacklisted_until": 1780161715.7170696
  },
  "gsk_…bdFd": {
    "blacklisted_until": 1780161715.7932146
  },
  "gsk_…HF8S": {
    "blacklisted_until": 1780161715.923851
  },
  "gsk_…JOK1": {
    "blacklisted_until": 1780161775.9895906
  },
  "gsk_…M2TI": {
    "blacklisted_until": 1780161836.054043
  }
}