{
  "gsk_…PxXM": {
    "blacklisted_until": 1782338587.8843782
  },
  "gsk_…bdFd": {
    "blacklisted_until": 1782338587.9538398
  },
  "gsk_…JOK1": {
    "blacklisted_until": 1782338648.0180764
  },
  "gsk_…GQpc": {
    "blacklisted_until": 1782338648.0856025
  },
  "gsk_…M2TI": {
    "blacklisted_until": 1782338648.1623247
  },
  "gsk_…HF8S": {
    "blacklisted_until": 1782338648.2363896
  }
}