{
  "gsk_…PxXM": {
    "blacklisted_until": 1781565249.8520622
  },
  "gsk_…bdFd": {
    "blacklisted_until": 1781565249.9203277
  },
  "gsk_…HF8S": {
    "blacklisted_until": 1781565068.7825499
  }
}