{
  "gsk_…PxXM": {
    "blacklisted_until": 1780620114.02085
  },
  "gsk_…bdFd": {
    "blacklisted_until": 1780620114.1461284
  },
  "gsk_…M2TI": {
    "blacklisted_until": 1780620114.2616546
  },
  "gsk_…HF8S": {
    "blacklisted_until": 1780620114.3823998
  },
  "gsk_…JOK1": {
    "blacklisted_until": 1780620174.5007367
  },
  "gsk_…GQpc": {
    "blacklisted_until": 1780620234.6069107
  }
}