{
  "gsk_…GQpc": {
    "blacklisted_until": 1780314836.5269105
  },
  "gsk_…M2TI": {
    "blacklisted_until": 1780314836.59813
  },
  "gsk_…HF8S": {
    "blacklisted_until": 1780314836.661008
  },
  "gsk_…PxXM": {
    "blacklisted_until": 1780314836.7310224
  },
  "gsk_…bdFd": {
    "blacklisted_until": 1780314836.8007233
  },
  "gsk_…JOK1": {
    "blacklisted_until": 1780314896.8642561
  }
}