{
  "gsk_…JOK1": {
    "blacklisted_until": 1781367966.0254016
  },
  "gsk_…GQpc": {
    "blacklisted_until": 1781367966.1082182
  },
  "gsk_…M2TI": {
    "blacklisted_until": 1781368087.1968548
  },
  "gsk_…HF8S": {
    "blacklisted_until": 1781368147.274736
  },
  "gsk_…PxXM": {
    "blacklisted_until": 1781368147.355857
  },
  "gsk_…bdFd": {
    "blacklisted_until": 1781368147.4332857
  }
}