{
  "gsk_…bdFd": {
    "blacklisted_until": 1782337523.1621535
  },
  "gsk_…PxXM": {
    "blacklisted_until": 1782337512.0380225
  },
  "gsk_…GQpc": {
    "blacklisted_until": 1782337298.8966918
  },
  "gsk_…M2TI": {
    "blacklisted_until": 1782337298.9716375
  },
  "gsk_…HF8S": {
    "blacklisted_until": 1782337299.0388103
  },
  "gsk_…JOK1": {
    "blacklisted_until": 1782337299.1082115
  }
}