{
  "gsk_…bdFd": {
    "blacklisted_until": 1781232188.2638602
  },
  "gsk_…GQpc": {
    "blacklisted_until": 1781232221.0384662
  },
  "gsk_…M2TI": {
    "blacklisted_until": 1781232221.132403
  },
  "gsk_…HF8S": {
    "blacklisted_until": 1781232221.2805662
  },
  "gsk_…PxXM": {
    "blacklisted_until": 1781232221.34288
  },
  "gsk_…JOK1": {
    "blacklisted_until": 1781232221.4398403
  }
}