{
  "gsk_…bdFd": {
    "blacklisted_until": 1781068565.3993447
  },
  "gsk_…JOK1": {
    "blacklisted_until": 1781068625.46812
  },
  "gsk_…GQpc": {
    "blacklisted_until": 1781068625.632837
  },
  "gsk_…M2TI": {
    "blacklisted_until": 1781068625.7050633
  },
  "gsk_…HF8S": {
    "blacklisted_until": 1781068625.7823942
  },
  "gsk_…PxXM": {
    "blacklisted_until": 1781068625.8559406
  }
}