{
  "gsk_…M2TI": {
    "blacklisted_until": 1781623785.558038
  },
  "gsk_…HF8S": {
    "blacklisted_until": 1781623573.6401234
  }
}