{
  "gsk_…bdFd": {
    "blacklisted_until": 1781932821.088688
  },
  "gsk_…JOK1": {
    "blacklisted_until": 1781932821.1676176
  },
  "gsk_…GQpc": {
    "blacklisted_until": 1781932821.2449968
  },
  "gsk_…M2TI": {
    "blacklisted_until": 1781932821.3224492
  },
  "gsk_…PxXM": {
    "blacklisted_until": 1781932973.6516297
  },
  "gsk_…HF8S": {
    "blacklisted_until": 1781932973.7289326
  }
}