{
  "gsk_…PxXM": {
    "blacklisted_until": 1781443684.1550715
  },
  "gsk_…bdFd": {
    "blacklisted_until": 1781443684.232188
  },
  "gsk_…HF8S": {
    "blacklisted_until": 1781443684.3094578
  },
  "gsk_…GQpc": {
    "blacklisted_until": 1781443775.5597734
  },
  "gsk_…M2TI": {
    "blacklisted_until": 1781443775.6383822
  },
  "gsk_…JOK1": {
    "blacklisted_until": 1781443775.7171707
  }
}