{
  "gsk_…GQpc": {
    "blacklisted_until": 1782172147.6784825
  },
  "gsk_…M2TI": {
    "blacklisted_until": 1782172147.745626
  },
  "gsk_…PxXM": {
    "blacklisted_until": 1782172178.9288635
  },
  "gsk_…JOK1": {
    "blacklisted_until": 1782172178.9965515
  },
  "gsk_…HF8S": {
    "blacklisted_until": 1782172179.0609124
  },
  "gsk_…bdFd": {
    "blacklisted_until": 1782172329.8834698
  }
}