{
  "gsk_…JOK1": {
    "blacklisted_until": 1781065653.543274
  },
  "gsk_…GQpc": {
    "blacklisted_until": 1781065653.6157458
  },
  "gsk_…M2TI": {
    "blacklisted_until": 1781065653.1247737
  },
  "gsk_…HF8S": {
    "blacklisted_until": 1781065653.2010076
  },
  "gsk_…PxXM": {
    "blacklisted_until": 1781065653.3211212
  },
  "gsk_…bdFd": {
    "blacklisted_until": 1781065653.3910997
  }
}