{
  "gsk_…GQpc": {
    "blacklisted_until": 1781970530.9704497
  },
  "gsk_…M2TI": {
    "blacklisted_until": 1781970531.0349686
  },
  "gsk_…PxXM": {
    "blacklisted_until": 1781970562.610184
  },
  "gsk_…bdFd": {
    "blacklisted_until": 1781970562.673023
  },
  "gsk_…JOK1": {
    "blacklisted_until": 1781970562.7436588
  },
  "gsk_…HF8S": {
    "blacklisted_until": 1781970562.8159873
  }
}