{
  "gsk_…PxXM": {
    "blacklisted_until": 1780663230.477951
  },
  "gsk_…bdFd": {
    "blacklisted_until": 1780663230.5748432
  },
  "gsk_…HF8S": {
    "blacklisted_until": 1780663230.7099373
  },
  "gsk_…GQpc": {
    "blacklisted_until": 1780663413.0498266
  },
  "gsk_…M2TI": {
    "blacklisted_until": 1780663413.143334
  },
  "gsk_…JOK1": {
    "blacklisted_until": 1780663413.2413542
  }
}