{
  "gsk_…bdFd": {
    "blacklisted_until": 1780946399.626834
  },
  "gsk_…PxXM": {
    "blacklisted_until": 1780946399.7593622
  },
  "gsk_…GQpc": {
    "blacklisted_until": 1780946491.0108218
  }
}