{
  "gsk_…PxXM": {
    "blacklisted_until": 1781330714.2662463
  },
  "gsk_…bdFd": {
    "blacklisted_until": 1781330714.3332007
  },
  "gsk_…GQpc": {
    "blacklisted_until": 1781330682.9116032
  },
  "gsk_…M2TI": {
    "blacklisted_until": 1781330682.9735224
  },
  "gsk_…JOK1": {
    "blacklisted_until": 1781330714.397369
  },
  "gsk_…HF8S": {
    "blacklisted_until": 1781330714.461648
  }
}