{
  "gsk_…bdFd": {
    "blacklisted_until": 1779938257.2034621
  },
  "gsk_…PxXM": {
    "blacklisted_until": 1779938257.2650862
  },
  "gsk_…GQpc": {
    "blacklisted_until": 1779938347.9949088
  },
  "gsk_…M2TI": {
    "blacklisted_until": 1779938348.0570383
  },
  "gsk_…HF8S": {
    "blacklisted_until": 1779938348.1164982
  },
  "gsk_…JOK1": {
    "blacklisted_until": 1779938348.175527
  }
}