{
  "gsk_…PxXM": {
    "blacklisted_until": 1781960553.499712
  },
  "gsk_…bdFd": {
    "blacklisted_until": 1781960553.5656865
  },
  "gsk_…JOK1": {
    "blacklisted_until": 1781960613.6365926
  },
  "gsk_…GQpc": {
    "blacklisted_until": 1781960613.7062294
  },
  "gsk_…M2TI": {
    "blacklisted_until": 1781960613.7766743
  },
  "gsk_…HF8S": {
    "blacklisted_until": 1781960613.882144
  }
}