{
  "gsk_…GQpc": {
    "blacklisted_until": 1781230745.4727485
  },
  "gsk_…M2TI": {
    "blacklisted_until": 1781230745.536878
  },
  "gsk_…HF8S": {
    "blacklisted_until": 1781230745.6175845
  },
  "gsk_…PxXM": {
    "blacklisted_until": 1781230745.7125015
  },
  "gsk_…bdFd": {
    "blacklisted_until": 1781230745.8109686
  },
  "gsk_…JOK1": {
    "blacklisted_until": 1781230745.8754892
  }
}