{
  "gsk_…GQpc": {
    "blacklisted_until": 1781775967.7119038
  },
  "gsk_…HF8S": {
    "blacklisted_until": 1781775967.7863886
  },
  "gsk_…JOK1": {
    "blacklisted_until": 1781775967.6383758
  },
  "gsk_…M2TI": {
    "blacklisted_until": 1781776027.9346802
  }
}