{
  "gsk_…JOK1": {
    "blacklisted_until": 1782176569.210862
  },
  "gsk_…HF8S": {
    "blacklisted_until": 1782176569.2768009
  }
}