{
  "gsk_…GQpc": {
    "blacklisted_until": 1780029903.65699
  },
  "gsk_…M2TI": {
    "blacklisted_until": 1780029903.7229047
  },
  "gsk_…PxXM": {
    "blacklisted_until": 1780029903.7919457
  },
  "gsk_…JOK1": {
    "blacklisted_until": 1780029903.5916958
  },
  "gsk_…bdFd": {
    "blacklisted_until": 1780029813.0468528
  },
  "gsk_…HF8S": {
    "blacklisted_until": 1780029963.941056
  }
}