{
  "gsk_…PxXM": {
    "blacklisted_until": 1781896673.109545
  },
  "gsk_…bdFd": {
    "blacklisted_until": 1781896673.1946301
  },
  "gsk_…HF8S": {
    "blacklisted_until": 1781896673.2758374
  }
}