{
  "gsk_…PxXM": {
    "blacklisted_until": 1781369758.0973184
  },
  "gsk_…bdFd": {
    "blacklisted_until": 1781369758.1763222
  },
  "gsk_…HF8S": {
    "blacklisted_until": 1781369758.2572374
  },
  "gsk_…M2TI": {
    "blacklisted_until": 1781369636.4677923
  },
  "gsk_…GQpc": {
    "blacklisted_until": 1781369636.3870654
  },
  "gsk_…JOK1": {
    "blacklisted_until": 1781369636.544869
  }
}