{
  "gsk_…GQpc": {
    "blacklisted_until": 1781974007.0874171
  },
  "gsk_…JOK1": {
    "blacklisted_until": 1781974007.0137827
  },
  "gsk_…M2TI": {
    "blacklisted_until": 1781974067.1726823
  },
  "gsk_…HF8S": {
    "blacklisted_until": 1781974098.470721
  },
  "gsk_…PxXM": {
    "blacklisted_until": 1781974158.5427752
  },
  "gsk_…bdFd": {
    "blacklisted_until": 1781974158.6173239
  }
}