{
  "gsk_…PxXM": {
    "blacklisted_until": 1780921396.9968572
  },
  "gsk_…bdFd": {
    "blacklisted_until": 1780921457.0693028
  }
}