{
  "gsk_…JOK1": {
    "blacklisted_until": 1780438213.5986657
  },
  "gsk_…GQpc": {
    "blacklisted_until": 1780438213.6764781
  },
  "gsk_…M2TI": {
    "blacklisted_until": 1780438213.7450247
  },
  "gsk_…HF8S": {
    "blacklisted_until": 1780438213.8265686
  },
  "gsk_…PxXM": {
    "blacklisted_until": 1780438213.8926709
  },
  "gsk_…bdFd": {
    "blacklisted_until": 1780438435.988666
  }
}