{
  "gsk_…HF8S": {
    "blacklisted_until": 1780837176.5524254
  },
  "gsk_…PxXM": {
    "blacklisted_until": 1780837176.630674
  },
  "gsk_…GQpc": {
    "blacklisted_until": 1780837176.7888024
  },
  "gsk_…JOK1": {
    "blacklisted_until": 1780837176.7103682
  },
  "gsk_…M2TI": {
    "blacklisted_until": 1780837176.8676624
  },
  "gsk_…bdFd": {
    "blacklisted_until": 1780837236.9478743
  }
}