{
  "gsk_…bdFd": {
    "blacklisted_until": 1782057535.2637277
  },
  "gsk_…GQpc": {
    "blacklisted_until": 1782057749.2935035
  },
  "gsk_…M2TI": {
    "blacklisted_until": 1782057749.3859773
  }
}