{
  "gsk_…GQpc": {
    "blacklisted_until": 1781533559.8349
  },
  "gsk_…M2TI": {
    "blacklisted_until": 1781533559.8894558
  },
  "gsk_…HF8S": {
    "blacklisted_until": 1781533619.9889395
  },
  "gsk_…PxXM": {
    "blacklisted_until": 1781533620.0548503
  },
  "gsk_…JOK1": {
    "blacklisted_until": 1781533710.21631
  },
  "gsk_…bdFd": {
    "blacklisted_until": 1781533770.4005044
  }
}