{
  "gsk_…HF8S": {
    "blacklisted_until": 1780323306.5781448
  },
  "gsk_…PxXM": {
    "blacklisted_until": 1780323244.133038
  },
  "gsk_…bdFd": {
    "blacklisted_until": 1780323306.6471663
  },
  "gsk_…JOK1": {
    "blacklisted_until": 1780323306.7495825
  },
  "gsk_…GQpc": {
    "blacklisted_until": 1780323306.4339845
  },
  "gsk_…M2TI": {
    "blacklisted_until": 1780323306.5018568
  }
}