{
  "gsk_…GQpc": {
    "blacklisted_until": 1781289514.6961172
  },
  "gsk_…M2TI": {
    "blacklisted_until": 1781289514.7644281
  },
  "gsk_…PxXM": {
    "blacklisted_until": 1781289516.846726
  },
  "gsk_…bdFd": {
    "blacklisted_until": 1781289516.918244
  },
  "gsk_…HF8S": {
    "blacklisted_until": 1781289519.3638017
  },
  "gsk_…JOK1": {
    "blacklisted_until": 1781289519.4300525
  }
}