{
  "gsk_…JOK1": {
    "blacklisted_until": 1780902043.7570503
  },
  "gsk_…GQpc": {
    "blacklisted_until": 1780902043.8313932
  },
  "gsk_…M2TI": {
    "blacklisted_until": 1780902043.8938992
  },
  "gsk_…HF8S": {
    "blacklisted_until": 1780902043.9639134
  }
}