{
  "gsk_…M2TI": {
    "blacklisted_until": 1780270493.7668617
  },
  "gsk_…PxXM": {
    "blacklisted_until": 1780270493.837047
  },
  "gsk_…bdFd": {
    "blacklisted_until": 1780270493.9093583
  },
  "gsk_…JOK1": {
    "blacklisted_until": 1780270553.9848773
  },
  "gsk_…GQpc": {
    "blacklisted_until": 1780270554.050367
  },
  "gsk_…HF8S": {
    "blacklisted_until": 1780270554.1182349
  }
}