{
  "gsk_…M2TI": {
    "blacklisted_until": 1780822135.5150847
  },
  "gsk_…HF8S": {
    "blacklisted_until": 1780822135.590297
  },
  "gsk_…PxXM": {
    "blacklisted_until": 1780822195.6673138
  },
  "gsk_…JOK1": {
    "blacklisted_until": 1780822195.7452874
  },
  "gsk_…GQpc": {
    "blacklisted_until": 1780822195.8255084
  },
  "gsk_…bdFd": {
    "blacklisted_until": 1780822255.99868
  }
}