{
  "gsk_…HF8S": {
    "blacklisted_until": 1781745583.6575851
  },
  "gsk_…PxXM": {
    "blacklisted_until": 1781745583.8273394
  },
  "gsk_…bdFd": {
    "blacklisted_until": 1781745583.966862
  },
  "gsk_…JOK1": {
    "blacklisted_until": 1781745584.1100032
  },
  "gsk_…GQpc": {
    "blacklisted_until": 1781745584.2771482
  },
  "gsk_…M2TI": {
    "blacklisted_until": 1781745644.4151168
  }
}