{
  "gsk_…PxXM": {
    "blacklisted_until": 1781203196.6283998
  },
  "gsk_…bdFd": {
    "blacklisted_until": 1781203196.781556
  },
  "gsk_…HF8S": {
    "blacklisted_until": 1781203196.491093
  },
  "gsk_…GQpc": {
    "blacklisted_until": 1781203105.5467467
  },
  "gsk_…M2TI": {
    "blacklisted_until": 1781203105.6837292
  }
}