{
  "gsk_…M2TI": {
    "blacklisted_until": 1781246927.2905
  },
  "gsk_…PxXM": {
    "blacklisted_until": 1781247018.211678
  },
  "gsk_…bdFd": {
    "blacklisted_until": 1781247018.3011742
  },
  "gsk_…GQpc": {
    "blacklisted_until": 1781247069.2899811
  },
  "gsk_…HF8S": {
    "blacklisted_until": 1781247069.3526375
  },
  "gsk_…JOK1": {
    "blacklisted_until": 1781247069.4332829
  }
}