{
  "gsk_…GQpc": {
    "blacklisted_until": 1779727089.253526
  },
  "gsk_…M2TI": {
    "blacklisted_until": 1779727089.3887808
  },
  "gsk_…bdFd": {
    "blacklisted_until": 1779727093.3936906
  },
  "gsk_…JOK1": {
    "blacklisted_until": 1779727093.4954467
  },
  "gsk_…HF8S": {
    "blacklisted_until": 1779727093.6325204
  },
  "gsk_…PxXM": {
    "blacklisted_until": 1779727093.7792351
  }
}