{
  "gsk_…JOK1": {
    "blacklisted_until": 1781572729.6095839
  },
  "gsk_…GQpc": {
    "blacklisted_until": 1781572729.678218
  },
  "gsk_…M2TI": {
    "blacklisted_until": 1781572729.7456865
  },
  "gsk_…PxXM": {
    "blacklisted_until": 1781572820.9831502
  },
  "gsk_…bdFd": {
    "blacklisted_until": 1781572821.066805
  },
  "gsk_…HF8S": {
    "blacklisted_until": 1781572821.1345854
  }
}