{
  "gsk_…GQpc": {
    "blacklisted_until": 1782297983.291372
  },
  "gsk_…M2TI": {
    "blacklisted_until": 1782297983.3684533
  },
  "gsk_…JOK1": {
    "blacklisted_until": 1782297983.4615242
  },
  "gsk_…HF8S": {
    "blacklisted_until": 1782298134.3000212
  },
  "gsk_…PxXM": {
    "blacklisted_until": 1782298134.3783574
  },
  "gsk_…bdFd": {
    "blacklisted_until": 1782298134.457249
  }
}