{
  "gsk_…M2TI": {
    "blacklisted_until": 1782219692.0865858
  },
  "gsk_…HF8S": {
    "blacklisted_until": 1782219696.7688518
  },
  "gsk_…JOK1": {
    "blacklisted_until": 1782219696.8536663
  },
  "gsk_…PxXM": {
    "blacklisted_until": 1782219756.945458
  },
  "gsk_…bdFd": {
    "blacklisted_until": 1782219757.0255225
  }
}