{
  "gsk_…JOK1": {
    "blacklisted_until": 1780451157.3466196
  },
  "gsk_…GQpc": {
    "blacklisted_until": 1780451161.3246195
  },
  "gsk_…M2TI": {
    "blacklisted_until": 1780450977.9381437
  },
  "gsk_…bdFd": {
    "blacklisted_until": 1780451100.2111278
  },
  "gsk_…PxXM": {
    "blacklisted_until": 1780451161.2536294
  },
  "gsk_…HF8S": {
    "blacklisted_until": 1780451161.3922617
  }
}