{
  "gsk_…GQpc": {
    "blacklisted_until": 1781408921.6460805
  },
  "gsk_…M2TI": {
    "blacklisted_until": 1781408921.7174668
  },
  "gsk_…JOK1": {
    "blacklisted_until": 1781408921.5757627
  },
  "gsk_…PxXM": {
    "blacklisted_until": 1781408799.7297854
  },
  "gsk_…bdFd": {
    "blacklisted_until": 1781408799.8005447
  },
  "gsk_…HF8S": {
    "blacklisted_until": 1781408830.7299666
  }
}