{
  "gsk_…JOK1": {
    "blacklisted_until": 1781442711.2664886
  },
  "gsk_…GQpc": {
    "blacklisted_until": 1781442711.341999
  },
  "gsk_…M2TI": {
    "blacklisted_until": 1781442711.4202182
  }
}