{
  "gsk_…bdFd": {
    "blacklisted_until": 1779979022.0271647
  },
  "gsk_…JOK1": {
    "blacklisted_until": 1779979022.127025
  },
  "gsk_…GQpc": {
    "blacklisted_until": 1779979022.2230067
  },
  "gsk_…M2TI": {
    "blacklisted_until": 1779979022.2985518
  },
  "gsk_…HF8S": {
    "blacklisted_until": 1779979022.371897
  },
  "gsk_…PxXM": {
    "blacklisted_until": 1779979022.444683
  }
}