{
  "gsk_…PxXM": {
    "blacklisted_until": 1780357842.1802578
  },
  "gsk_…HF8S": {
    "blacklisted_until": 1780357842.2502062
  },
  "gsk_…bdFd": {
    "blacklisted_until": 1780357902.3247933
  },
  "gsk_…JOK1": {
    "blacklisted_until": 1780358052.6973217
  }
}