{
  "gsk_…bdFd": {
    "blacklisted_until": 1780453135.5560937
  },
  "gsk_…GQpc": {
    "blacklisted_until": 1780453166.6594262
  },
  "gsk_…HF8S": {
    "blacklisted_until": 1780453166.7349741
  },
  "gsk_…PxXM": {
    "blacklisted_until": 1780453166.8422909
  },
  "gsk_…JOK1": {
    "blacklisted_until": 1780453166.9086866
  },
  "gsk_…M2TI": {
    "blacklisted_until": 1780453226.9748728
  }
}