{
  "gsk_…JOK1": {
    "blacklisted_until": 1780744957.3269906
  },
  "gsk_…GQpc": {
    "blacklisted_until": 1780745017.4737
  },
  "gsk_…M2TI": {
    "blacklisted_until": 1780745017.6126063
  }
}