{
  "gsk_…M2TI": {
    "blacklisted_until": 1781077238.1040173
  },
  "gsk_…PxXM": {
    "blacklisted_until": 1781077328.9808245
  },
  "gsk_…bdFd": {
    "blacklisted_until": 1781077329.137378
  },
  "gsk_…JOK1": {
    "blacklisted_until": 1781077329.218557
  },
  "gsk_…GQpc": {
    "blacklisted_until": 1781077329.2882218
  },
  "gsk_…HF8S": {
    "blacklisted_until": 1781077329.3599503
  }
}