{
  "gsk_…bdFd": {
    "blacklisted_until": 1781887941.4515805
  },
  "gsk_…GQpc": {
    "blacklisted_until": 1781888083.7861972
  },
  "gsk_…M2TI": {
    "blacklisted_until": 1781888083.86373
  },
  "gsk_…HF8S": {
    "blacklisted_until": 1781888083.9449499
  },
  "gsk_…PxXM": {
    "blacklisted_until": 1781888084.034325
  },
  "gsk_…JOK1": {
    "blacklisted_until": 1781888084.1214306
  }
}