{
  "gsk_…bdFd": {
    "blacklisted_until": 1780154666.9780555
  },
  "gsk_…GQpc": {
    "blacklisted_until": 1780154667.1314154
  },
  "gsk_…M2TI": {
    "blacklisted_until": 1780154667.1968834
  },
  "gsk_…HF8S": {
    "blacklisted_until": 1780154667.297568
  },
  "gsk_…PxXM": {
    "blacklisted_until": 1780154666.9172235
  },
  "gsk_…JOK1": {
    "blacklisted_until": 1780154667.0397086
  }
}