{
  "gsk_…PxXM": {
    "blacklisted_until": 1780524226.1659095
  },
  "gsk_…bdFd": {
    "blacklisted_until": 1780524226.32188
  },
  "gsk_…HF8S": {
    "blacklisted_until": 1780524226.024899
  }
}