{
  "gsk_…GQpc": {
    "blacklisted_until": 1782016021.8197324
  },
  "gsk_…M2TI": {
    "blacklisted_until": 1782016021.893357
  },
  "gsk_…PxXM": {
    "blacklisted_until": 1782016113.152412
  },
  "gsk_…bdFd": {
    "blacklisted_until": 1782016113.2229037
  },
  "gsk_…HF8S": {
    "blacklisted_until": 1782016113.2922676
  }
}