{
  "gsk_…M2TI": {
    "blacklisted_until": 1780945212.9334564
  },
  "gsk_…HF8S": {
    "blacklisted_until": 1780945213.0731416
  },
  "gsk_…JOK1": {
    "blacklisted_until": 1780945213.1787899
  },
  "gsk_…PxXM": {
    "blacklisted_until": 1780945425.3221474
  },
  "gsk_…bdFd": {
    "blacklisted_until": 1780945485.4343176
  }
}