{
  "gsk_…HF8S": {
    "blacklisted_until": 1780497729.1221383
  },
  "gsk_…PxXM": {
    "blacklisted_until": 1780497729.2642157
  },
  "gsk_…bdFd": {
    "blacklisted_until": 1780497729.4030085
  },
  "gsk_…JOK1": {
    "blacklisted_until": 1780497729.5420997
  },
  "gsk_…GQpc": {
    "blacklisted_until": 1780497729.6811388
  },
  "gsk_…M2TI": {
    "blacklisted_until": 1780497789.8180144
  }
}