{
  "gsk_…M2TI": {
    "blacklisted_until": 1781189685.9577682
  },
  "gsk_…HF8S": {
    "blacklisted_until": 1781189746.1146753
  },
  "gsk_…PxXM": {
    "blacklisted_until": 1781189746.2716327
  },
  "gsk_…bdFd": {
    "blacklisted_until": 1781189746.4088295
  },
  "gsk_…JOK1": {
    "blacklisted_until": 1781189746.5646477
  },
  "gsk_…GQpc": {
    "blacklisted_until": 1781189746.6979966
  }
}