{
  "gsk_…PxXM": {
    "blacklisted_until": 1779855650.5223565
  },
  "gsk_…bdFd": {
    "blacklisted_until": 1779855650.5884767
  },
  "gsk_…JOK1": {
    "blacklisted_until": 1779855650.6571505
  },
  "gsk_…GQpc": {
    "blacklisted_until": 1779855650.719767
  },
  "gsk_…M2TI": {
    "blacklisted_until": 1779855650.7945416
  },
  "gsk_…HF8S": {
    "blacklisted_until": 1779855650.864169
  }
}