{
  "gsk_…HF8S": {
    "blacklisted_until": 1780698009.498584
  },
  "gsk_…PxXM": {
    "blacklisted_until": 1780698009.641393
  },
  "gsk_…bdFd": {
    "blacklisted_until": 1780698009.8185875
  },
  "gsk_…JOK1": {
    "blacklisted_until": 1780698009.9632225
  },
  "gsk_…GQpc": {
    "blacklisted_until": 1780698042.2195766
  }
}