{
  "gsk_…JOK1": {
    "blacklisted_until": 1781111364.4632945
  },
  "gsk_…GQpc": {
    "blacklisted_until": 1781111364.5474296
  },
  "gsk_…M2TI": {
    "blacklisted_until": 1781111395.5611985
  }
}