{
  "gsk_…M2TI": {
    "blacklisted_until": 1782271752.2070212
  },
  "gsk_…PxXM": {
    "blacklisted_until": 1782271784.4867127
  },
  "gsk_…bdFd": {
    "blacklisted_until": 1782271784.565136
  },
  "gsk_…JOK1": {
    "blacklisted_until": 1782271784.6437287
  },
  "gsk_…GQpc": {
    "blacklisted_until": 1782271784.7200332
  },
  "gsk_…HF8S": {
    "blacklisted_until": 1782271784.7960901
  }
}