{
  "gsk_…PxXM": {
    "blacklisted_until": 1780988862.179379
  },
  "gsk_…bdFd": {
    "blacklisted_until": 1780988862.2448313
  },
  "gsk_…HF8S": {
    "blacklisted_until": 1780988862.1082287
  },
  "gsk_…M2TI": {
    "blacklisted_until": 1780988771.41714
  }
}