{
  "gsk_…M2TI": {
    "blacklisted_until": 1781245587.6674562
  },
  "gsk_…PxXM": {
    "blacklisted_until": 1781245680.4394443
  },
  "gsk_…bdFd": {
    "blacklisted_until": 1781245680.5193186
  },
  "gsk_…JOK1": {
    "blacklisted_until": 1781245680.68168
  },
  "gsk_…GQpc": {
    "blacklisted_until": 1781245680.783629
  },
  "gsk_…HF8S": {
    "blacklisted_until": 1781245680.8880527
  }
}