{
  "gsk_…PxXM": {
    "blacklisted_until": 1781782002.7147515
  },
  "gsk_…bdFd": {
    "blacklisted_until": 1781782002.7813644
  },
  "gsk_…HF8S": {
    "blacklisted_until": 1781782002.6486928
  },
  "gsk_…GQpc": {
    "blacklisted_until": 1781781821.44646
  },
  "gsk_…M2TI": {
    "blacklisted_until": 1781781821.514259
  }
}