{
  "gsk_…M2TI": {
    "blacklisted_until": 1781440500.1931443
  },
  "gsk_…GQpc": {
    "blacklisted_until": 1781440500.288228
  },
  "gsk_…HF8S": {
    "blacklisted_until": 1781440560.368321
  },
  "gsk_…PxXM": {
    "blacklisted_until": 1781440560.4461467
  },
  "gsk_…bdFd": {
    "blacklisted_until": 1781440560.5241346
  },
  "gsk_…JOK1": {
    "blacklisted_until": 1781440620.603115
  }
}