{
  "gsk_…M2TI": {
    "blacklisted_until": 1780402174.2739778
  },
  "gsk_…GQpc": {
    "blacklisted_until": 1780402174.3755088
  },
  "gsk_…JOK1": {
    "blacklisted_until": 1780402265.8646276
  },
  "gsk_…PxXM": {
    "blacklisted_until": 1780402265.7202852
  },
  "gsk_…bdFd": {
    "blacklisted_until": 1780402265.7932074
  },
  "gsk_…HF8S": {
    "blacklisted_until": 1780402265.9307973
  }
}