{
  "gsk_…bdFd": {
    "blacklisted_until": 1780605343.1368155
  },
  "gsk_…GQpc": {
    "blacklisted_until": 1780605477.6650116
  },
  "gsk_…M2TI": {
    "blacklisted_until": 1780605477.7617433
  },
  "gsk_…PxXM": {
    "blacklisted_until": 1780605508.8394668
  },
  "gsk_…JOK1": {
    "blacklisted_until": 1780605508.9421697
  },
  "gsk_…HF8S": {
    "blacklisted_until": 1780605509.04984
  }
}