{
  "gsk_…JOK1": {
    "blacklisted_until": 1781121545.38216
  },
  "gsk_…GQpc": {
    "blacklisted_until": 1781121545.4591956
  },
  "gsk_…M2TI": {
    "blacklisted_until": 1781121545.5261986
  },
  "gsk_…HF8S": {
    "blacklisted_until": 1781121605.6036692
  },
  "gsk_…PxXM": {
    "blacklisted_until": 1781121605.6724453
  },
  "gsk_…bdFd": {
    "blacklisted_until": 1781121605.7331166
  }
}