{
  "gsk_…M2TI": {
    "blacklisted_until": 1779870033.4559286
  },
  "gsk_…bdFd": {
    "blacklisted_until": 1779870035.0959175
  },
  "gsk_…GQpc": {
    "blacklisted_until": 1779870035.1626818
  },
  "gsk_…PxXM": {
    "blacklisted_until": 1779870035.2239468
  },
  "gsk_…JOK1": {
    "blacklisted_until": 1779870095.2899992
  },
  "gsk_…HF8S": {
    "blacklisted_until": 1779870095.3544512
  }
}