{
  "gsk_…HF8S": {
    "blacklisted_until": 1782005357.6221344
  },
  "gsk_…PxXM": {
    "blacklisted_until": 1782005357.6950836
  },
  "gsk_…GQpc": {
    "blacklisted_until": 1782005265.7845151
  },
  "gsk_…M2TI": {
    "blacklisted_until": 1782005265.8548932
  },
  "gsk_…bdFd": {
    "blacklisted_until": 1782005357.7660465
  }
}