{
  "gsk_…HF8S": {
    "blacklisted_until": 1782056328.048516
  },
  "gsk_…PxXM": {
    "blacklisted_until": 1782056328.1367795
  },
  "gsk_…JOK1": {
    "blacklisted_until": 1782056328.1970403
  },
  "gsk_…bdFd": {
    "blacklisted_until": 1782056236.551484
  },
  "gsk_…M2TI": {
    "blacklisted_until": 1782056327.9540398
  },
  "gsk_…GQpc": {
    "blacklisted_until": 1782056328.2783325
  }
}