{
  "gsk_…M2TI": {
    "blacklisted_until": 1780732212.5569928
  },
  "gsk_…HF8S": {
    "blacklisted_until": 1780732272.7055454
  },
  "gsk_…PxXM": {
    "blacklisted_until": 1780732272.8462903
  },
  "gsk_…bdFd": {
    "blacklisted_until": 1780732272.9965215
  },
  "gsk_…JOK1": {
    "blacklisted_until": 1780732273.1515448
  },
  "gsk_…GQpc": {
    "blacklisted_until": 1780732273.2951546
  }
}