{
  "gsk_…JOK1": {
    "blacklisted_until": 1782014285.8344626
  },
  "gsk_…GQpc": {
    "blacklisted_until": 1782014345.9044564
  },
  "gsk_…M2TI": {
    "blacklisted_until": 1782014345.970867
  }
}