{
  "gsk_…M2TI": {
    "blacklisted_until": 1780529504.1391857
  },
  "gsk_…PxXM": {
    "blacklisted_until": 1780529503.5372906
  },
  "gsk_…bdFd": {
    "blacklisted_until": 1780529503.6742628
  },
  "gsk_…JOK1": {
    "blacklisted_until": 1780529503.8369231
  },
  "gsk_…GQpc": {
    "blacklisted_until": 1780529503.9816916
  },
  "gsk_…HF8S": {
    "blacklisted_until": 1780529503.373435
  }
}