{
  "gsk_…M2TI": {
    "blacklisted_until": 1781662934.118944
  },
  "gsk_…HF8S": {
    "blacklisted_until": 1781662934.1915364
  },
  "gsk_…GQpc": {
    "blacklisted_until": 1781662994.2428172
  },
  "gsk_…PxXM": {
    "blacklisted_until": 1781663054.3221447
  },
  "gsk_…bdFd": {
    "blacklisted_until": 1781663054.3819942
  },
  "gsk_…JOK1": {
    "blacklisted_until": 1781663054.4805884
  }
}