{
  "gsk_…M2TI": {
    "blacklisted_until": 1781972824.5734699
  },
  "gsk_…JOK1": {
    "blacklisted_until": 1781972735.2847884
  },
  "gsk_…GQpc": {
    "blacklisted_until": 1781972735.3606946
  },
  "gsk_…HF8S": {
    "blacklisted_until": 1781972824.643289
  },
  "gsk_…PxXM": {
    "blacklisted_until": 1781972884.7086117
  },
  "gsk_…bdFd": {
    "blacklisted_until": 1781972884.777021
  }
}