{
  "gsk_…bdFd": {
    "blacklisted_until": 1779950792.085963
  },
  "gsk_…GQpc": {
    "blacklisted_until": 1779950882.9152403
  },
  "gsk_…M2TI": {
    "blacklisted_until": 1779950882.979659
  },
  "gsk_…HF8S": {
    "blacklisted_until": 1779950883.0402603
  },
  "gsk_…PxXM": {
    "blacklisted_until": 1779950883.1052868
  },
  "gsk_…JOK1": {
    "blacklisted_until": 1779950883.1657372
  }
}