{
  "gsk_…PxXM": {
    "blacklisted_until": 1780949044.5946639
  },
  "gsk_…bdFd": {
    "blacklisted_until": 1780949104.6992009
  },
  "gsk_…GQpc": {
    "blacklisted_until": 1780949104.835273
  },
  "gsk_…M2TI": {
    "blacklisted_until": 1780949165.0327604
  },
  "gsk_…HF8S": {
    "blacklisted_until": 1780949176.3696923
  },
  "gsk_…JOK1": {
    "blacklisted_until": 1780949176.5112648
  }
}