{
  "gsk_…GQpc": {
    "blacklisted_until": 1781541680.854468
  },
  "gsk_…M2TI": {
    "blacklisted_until": 1781541680.9086783
  },
  "gsk_…HF8S": {
    "blacklisted_until": 1781541680.9728465
  },
  "gsk_…PxXM": {
    "blacklisted_until": 1781541681.0583928
  },
  "gsk_…bdFd": {
    "blacklisted_until": 1781541681.1176784
  },
  "gsk_…JOK1": {
    "blacklisted_until": 1781541681.1890674
  }
}