{
  "gsk_…GQpc": {
    "blacklisted_until": 1781000676.6709747
  },
  "gsk_…M2TI": {
    "blacklisted_until": 1781000676.7414126
  },
  "gsk_…JOK1": {
    "blacklisted_until": 1781000676.8039494
  },
  "gsk_…HF8S": {
    "blacklisted_until": 1781000736.8871696
  },
  "gsk_…PxXM": {
    "blacklisted_until": 1781000887.5706859
  },
  "gsk_…bdFd": {
    "blacklisted_until": 1781000887.6344752
  }
}