{
  "gsk_…GQpc": {
    "blacklisted_until": 1781922412.7274494
  },
  "gsk_…M2TI": {
    "blacklisted_until": 1781922412.8037112
  },
  "gsk_…PxXM": {
    "blacklisted_until": 1781922443.9744694
  },
  "gsk_…bdFd": {
    "blacklisted_until": 1781922444.061263
  },
  "gsk_…JOK1": {
    "blacklisted_until": 1781922444.1408896
  },
  "gsk_…HF8S": {
    "blacklisted_until": 1781922444.2270007
  }
}