{
  "gsk_…M2TI": {
    "blacklisted_until": 1781927306.4486372
  },
  "gsk_…GQpc": {
    "blacklisted_until": 1781927306.524679
  },
  "gsk_…PxXM": {
    "blacklisted_until": 1781927455.8969874
  },
  "gsk_…JOK1": {
    "blacklisted_until": 1781927455.9739175
  },
  "gsk_…HF8S": {
    "blacklisted_until": 1781927456.0534012
  },
  "gsk_…bdFd": {
    "blacklisted_until": 1781927516.150021
  }
}