{
  "gsk_…PxXM": {
    "blacklisted_until": 1780820568.0187473
  },
  "gsk_…JOK1": {
    "blacklisted_until": 1780820266.3645036
  },
  "gsk_…GQpc": {
    "blacklisted_until": 1780820266.212563
  },
  "gsk_…bdFd": {
    "blacklisted_until": 1780820326.4592867
  },
  "gsk_…M2TI": {
    "blacklisted_until": 1780820477.362806
  },
  "gsk_…HF8S": {
    "blacklisted_until": 1780820477.435952
  }
}