{
  "gsk_…bdFd": {
    "blacklisted_until": 1780332085.311999
  },
  "gsk_…M2TI": {
    "blacklisted_until": 1780331973.6669714
  },
  "gsk_…JOK1": {
    "blacklisted_until": 1780332124.0984359
  },
  "gsk_…GQpc": {
    "blacklisted_until": 1780332124.16676
  },
  "gsk_…PxXM": {
    "blacklisted_until": 1780332163.4291525
  },
  "gsk_…HF8S": {
    "blacklisted_until": 1780332163.5004375
  }
}