{
  "gsk_…PxXM": {
    "blacklisted_until": 1779851062.9537773
  },
  "gsk_…bdFd": {
    "blacklisted_until": 1779851063.024596
  },
  "gsk_…GQpc": {
    "blacklisted_until": 1779851102.8050983
  },
  "gsk_…M2TI": {
    "blacklisted_until": 1779851102.8747432
  },
  "gsk_…JOK1": {
    "blacklisted_until": 1779851105.2715857
  },
  "gsk_…HF8S": {
    "blacklisted_until": 1779851105.3362765
  }
}