{
  "gsk_…JOK1": {
    "blacklisted_until": 1780527453.2404368
  },
  "gsk_…GQpc": {
    "blacklisted_until": 1780527453.3910794
  },
  "gsk_…M2TI": {
    "blacklisted_until": 1780527453.5284677
  },
  "gsk_…HF8S": {
    "blacklisted_until": 1780527513.6936996
  },
  "gsk_…PxXM": {
    "blacklisted_until": 1780527513.8457923
  },
  "gsk_…bdFd": {
    "blacklisted_until": 1780527514.012977
  }
}