{
  "gsk_…PxXM": {
    "blacklisted_until": 1782180555.9903696
  },
  "gsk_…JOK1": {
    "blacklisted_until": 1782180556.0552962
  },
  "gsk_…HF8S": {
    "blacklisted_until": 1782180556.1315348
  },
  "gsk_…bdFd": {
    "blacklisted_until": 1782180616.284515
  },
  "gsk_…GQpc": {
    "blacklisted_until": 1782180766.9960501
  },
  "gsk_…M2TI": {
    "blacklisted_until": 1782180767.0640132
  }
}