{
  "gsk_…JOK1": {
    "blacklisted_until": 1781166431.356683
  },
  "gsk_…bdFd": {
    "blacklisted_until": 1781166400.1439464
  },
  "gsk_…PxXM": {
    "blacklisted_until": 1781166399.9731007
  },
  "gsk_…GQpc": {
    "blacklisted_until": 1781166491.4931474
  },
  "gsk_…M2TI": {
    "blacklisted_until": 1781166491.6294813
  },
  "gsk_…HF8S": {
    "blacklisted_until": 1781166610.4986076
  }
}