{
  "gsk_…bdFd": {
    "blacklisted_until": 1780395523.748205
  },
  "gsk_…HF8S": {
    "blacklisted_until": 1780395587.8629525
  },
  "gsk_…PxXM": {
    "blacklisted_until": 1780395587.9363372
  },
  "gsk_…JOK1": {
    "blacklisted_until": 1780395588.0082748
  },
  "gsk_…GQpc": {
    "blacklisted_until": 1780395588.0844867
  },
  "gsk_…M2TI": {
    "blacklisted_until": 1780395588.1568916
  }
}