{
  "gsk_…PxXM": {
    "blacklisted_until": 1781838568.714474
  },
  "gsk_…bdFd": {
    "blacklisted_until": 1781838568.799203
  },
  "gsk_…JOK1": {
    "blacklisted_until": 1781838568.8764124
  },
  "gsk_…GQpc": {
    "blacklisted_until": 1781838568.45593
  },
  "gsk_…M2TI": {
    "blacklisted_until": 1781838568.5464354
  },
  "gsk_…HF8S": {
    "blacklisted_until": 1781838568.635961
  }
}