{
  "gsk_…JOK1": {
    "blacklisted_until": 1782007762.9783812
  },
  "gsk_…GQpc": {
    "blacklisted_until": 1782007823.0480857
  },
  "gsk_…M2TI": {
    "blacklisted_until": 1782007823.1170788
  }
}