{
  "gsk_…JOK1": {
    "blacklisted_until": 1782266968.3109732
  },
  "gsk_…GQpc": {
    "blacklisted_until": 1782266968.390892
  },
  "gsk_…M2TI": {
    "blacklisted_until": 1782266968.4685576
  },
  "gsk_…PxXM": {
    "blacklisted_until": 1782267150.4943135
  },
  "gsk_…bdFd": {
    "blacklisted_until": 1782267150.5726473
  },
  "gsk_…HF8S": {
    "blacklisted_until": 1782267150.6655226
  }
}