{
  "gsk_…HF8S": {
    "blacklisted_until": 1780106824.0508492
  },
  "gsk_…bdFd": {
    "blacklisted_until": 1780106824.1135886
  }
}