{
  "gsk_…PxXM": {
    "blacklisted_until": 1782255622.95185
  },
  "gsk_…bdFd": {
    "blacklisted_until": 1782255623.036206
  },
  "gsk_…M2TI": {
    "blacklisted_until": 1782255685.8439574
  },
  "gsk_…GQpc": {
    "blacklisted_until": 1782255685.9301639
  },
  "gsk_…JOK1": {
    "blacklisted_until": 1782255748.5375876
  },
  "gsk_…HF8S": {
    "blacklisted_until": 1782255748.6203198
  }
}