{
  "gsk_…PxXM": {
    "blacklisted_until": 1779808268.7723296
  },
  "gsk_…bdFd": {
    "blacklisted_until": 1779808268.842893
  },
  "gsk_…JOK1": {
    "blacklisted_until": 1779808266.8936894
  },
  "gsk_…GQpc": {
    "blacklisted_until": 1779808266.961664
  },
  "gsk_…M2TI": {
    "blacklisted_until": 1779808267.0299067
  },
  "gsk_…HF8S": {
    "blacklisted_until": 1779808268.910618
  }
}