{
  "gsk_…M2TI": {
    "blacklisted_until": 1782355827.1452677
  },
  "gsk_…GQpc": {
    "blacklisted_until": 1782355626.5882921
  },
  "gsk_…HF8S": {
    "blacklisted_until": 1782355763.7319193
  },
  "gsk_…PxXM": {
    "blacklisted_until": 1782355763.8007493
  },
  "gsk_…bdFd": {
    "blacklisted_until": 1782355763.8686423
  },
  "gsk_…JOK1": {
    "blacklisted_until": 1782355827.2116861
  }
}