{
  "gsk_…M2TI": {
    "blacklisted_until": 1781650466.2024956
  },
  "gsk_…PxXM": {
    "blacklisted_until": 1781650526.2812235
  },
  "gsk_…GQpc": {
    "blacklisted_until": 1781650583.43145
  },
  "gsk_…bdFd": {
    "blacklisted_until": 1781650583.5042844
  }
}