{
  "gsk_…M2TI": {
    "blacklisted_until": 1780190901.0620048
  },
  "gsk_…PxXM": {
    "blacklisted_until": 1780190719.839544
  },
  "gsk_…bdFd": {
    "blacklisted_until": 1780190719.9159753
  },
  "gsk_…JOK1": {
    "blacklisted_until": 1780190719.996832
  },
  "gsk_…GQpc": {
    "blacklisted_until": 1780190720.0748367
  }
}