{
  "gsk_…HF8S": {
    "blacklisted_until": 1780997207.3062954
  },
  "gsk_…JOK1": {
    "blacklisted_until": 1780997116.714185
  },
  "gsk_…GQpc": {
    "blacklisted_until": 1780997116.7802334
  },
  "gsk_…M2TI": {
    "blacklisted_until": 1780997116.8440816
  }
}