{
  "gsk_…GQpc": {
    "blacklisted_until": 1780033537.5032327
  },
  "gsk_…M2TI": {
    "blacklisted_until": 1780033537.5628211
  },
  "gsk_…PxXM": {
    "blacklisted_until": 1780033628.4000702
  },
  "gsk_…bdFd": {
    "blacklisted_until": 1780033628.464561
  },
  "gsk_…JOK1": {
    "blacklisted_until": 1780033628.5270734
  },
  "gsk_…HF8S": {
    "blacklisted_until": 1780033628.5900624
  }
}