{
  "gsk_…PxXM": {
    "blacklisted_until": 1780571251.0174763
  },
  "gsk_…bdFd": {
    "blacklisted_until": 1780571251.0849218
  },
  "gsk_…GQpc": {
    "blacklisted_until": 1780571405.1170247
  },
  "gsk_…M2TI": {
    "blacklisted_until": 1780571405.1848373
  }
}