{
  "gsk_…bdFd": {
    "blacklisted_until": 1781919578.338681
  },
  "gsk_…GQpc": {
    "blacklisted_until": 1781919609.6071734
  },
  "gsk_…M2TI": {
    "blacklisted_until": 1781919609.7052572
  },
  "gsk_…HF8S": {
    "blacklisted_until": 1781919609.7887995
  },
  "gsk_…PxXM": {
    "blacklisted_until": 1781919609.8693857
  },
  "gsk_…JOK1": {
    "blacklisted_until": 1781919609.951471
  }
}