{
  "gsk_…PxXM": {
    "blacklisted_until": 1780496643.4723535
  },
  "gsk_…bdFd": {
    "blacklisted_until": 1780496643.6081777
  },
  "gsk_…JOK1": {
    "blacklisted_until": 1780496643.7508683
  },
  "gsk_…GQpc": {
    "blacklisted_until": 1780496643.8879433
  },
  "gsk_…HF8S": {
    "blacklisted_until": 1780496644.0522096
  }
}