{
  "gsk_…GQpc": {
    "blacklisted_until": 1781740664.5120857
  },
  "gsk_…M2TI": {
    "blacklisted_until": 1781740664.6407268
  },
  "gsk_…HF8S": {
    "blacklisted_until": 1781740724.8934584
  },
  "gsk_…PxXM": {
    "blacklisted_until": 1781740725.0182247
  },
  "gsk_…bdFd": {
    "blacklisted_until": 1781740725.1556408
  },
  "gsk_…JOK1": {
    "blacklisted_until": 1781740725.3084457
  }
}