{
  "gsk_…M2TI": {
    "blacklisted_until": 1780496152.8408444
  },
  "gsk_…bdFd": {
    "blacklisted_until": 1780496276.6053576
  }
}