{
  "gsk_…PxXM": {
    "blacklisted_until": 1781034331.1144254
  },
  "gsk_…bdFd": {
    "blacklisted_until": 1781034331.1885855
  },
  "gsk_…HF8S": {
    "blacklisted_until": 1781034331.2651393
  },
  "gsk_…GQpc": {
    "blacklisted_until": 1781034201.2213886
  },
  "gsk_…M2TI": {
    "blacklisted_until": 1781034201.295649
  },
  "gsk_…JOK1": {
    "blacklisted_until": 1781034201.3656044
  }
}