{
  "gsk_…PxXM": {
    "blacklisted_until": 1781326271.753333
  },
  "gsk_…bdFd": {
    "blacklisted_until": 1781326271.8191206
  },
  "gsk_…JOK1": {
    "blacklisted_until": 1781326422.6287017
  },
  "gsk_…GQpc": {
    "blacklisted_until": 1781326422.6963983
  },
  "gsk_…M2TI": {
    "blacklisted_until": 1781326422.7622204
  },
  "gsk_…HF8S": {
    "blacklisted_until": 1781326422.8266685
  }
}