{
  "gsk_…JOK1": {
    "blacklisted_until": 1781108698.9772358
  },
  "gsk_…GQpc": {
    "blacklisted_until": 1781108699.0550904
  },
  "gsk_…M2TI": {
    "blacklisted_until": 1781108699.135138
  },
  "gsk_…HF8S": {
    "blacklisted_until": 1781108699.2153857
  },
  "gsk_…bdFd": {
    "blacklisted_until": 1781108938.8704796
  },
  "gsk_…PxXM": {
    "blacklisted_until": 1781108938.9412098
  }
}