{
  "gsk_…M2TI": {
    "blacklisted_until": 1781241700.6746075
  },
  "gsk_…PxXM": {
    "blacklisted_until": 1781241825.7625287
  },
  "gsk_…bdFd": {
    "blacklisted_until": 1781241825.8252237
  }
}