{
  "gsk_…GQpc": {
    "blacklisted_until": 1781124938.4992397
  },
  "gsk_…M2TI": {
    "blacklisted_until": 1781124938.5648713
  },
  "gsk_…JOK1": {
    "blacklisted_until": 1781124938.4237862
  },
  "gsk_…PxXM": {
    "blacklisted_until": 1781124880.2098002
  },
  "gsk_…bdFd": {
    "blacklisted_until": 1781124880.2841833
  },
  "gsk_…HF8S": {
    "blacklisted_until": 1781124940.358842
  }
}