{
  "gsk_…PxXM": {
    "blacklisted_until": 1781647433.020946
  },
  "gsk_…bdFd": {
    "blacklisted_until": 1781647432.9616573
  },
  "gsk_…HF8S": {
    "blacklisted_until": 1781647523.8383746
  },
  "gsk_…JOK1": {
    "blacklisted_until": 1781647523.6678877
  },
  "gsk_…GQpc": {
    "blacklisted_until": 1781647523.7340868
  },
  "gsk_…M2TI": {
    "blacklisted_until": 1781647523.7875953
  }
}