{
  "gsk_…PxXM": {
    "blacklisted_until": 1780984409.7085514
  },
  "gsk_…bdFd": {
    "blacklisted_until": 1780984409.7804513
  },
  "gsk_…GQpc": {
    "blacklisted_until": 1780984440.8017962
  },
  "gsk_…M2TI": {
    "blacklisted_until": 1780984440.8666596
  },
  "gsk_…HF8S": {
    "blacklisted_until": 1780984409.6408763
  },
  "gsk_…JOK1": {
    "blacklisted_until": 1780984440.9315686
  }
}