{
  "gsk_…GQpc": {
    "blacklisted_until": 1781401887.5945055
  },
  "gsk_…JOK1": {
    "blacklisted_until": 1781401887.6612065
  },
  "gsk_…M2TI": {
    "blacklisted_until": 1781401947.7520542
  },
  "gsk_…HF8S": {
    "blacklisted_until": 1781402098.3918905
  },
  "gsk_…PxXM": {
    "blacklisted_until": 1781402098.4597776
  },
  "gsk_…bdFd": {
    "blacklisted_until": 1781402098.5273986
  }
}