{
  "gsk_…GQpc": {
    "blacklisted_until": 1781733399.022826
  },
  "gsk_…bdFd": {
    "blacklisted_until": 1781733308.1551929
  },
  "gsk_…M2TI": {
    "blacklisted_until": 1781733459.1595592
  },
  "gsk_…PxXM": {
    "blacklisted_until": 1781733490.4286966
  },
  "gsk_…JOK1": {
    "blacklisted_until": 1781733490.5712147
  },
  "gsk_…HF8S": {
    "blacklisted_until": 1781733490.712701
  }
}