{
  "gsk_…PxXM": {
    "blacklisted_until": 1781365892.421837
  },
  "gsk_…HF8S": {
    "blacklisted_until": 1781365892.5009277
  },
  "gsk_…bdFd": {
    "blacklisted_until": 1781365952.5876408
  },
  "gsk_…GQpc": {
    "blacklisted_until": 1781366043.6894774
  },
  "gsk_…JOK1": {
    "blacklisted_until": 1781366043.7708936
  },
  "gsk_…M2TI": {
    "blacklisted_until": 1781366103.8477688
  }
}