{
  "gsk_…GQpc": {
    "blacklisted_until": 1782139514.6786363
  },
  "gsk_…M2TI": {
    "blacklisted_until": 1782139514.7512808
  },
  "gsk_…JOK1": {
    "blacklisted_until": 1782139514.8210812
  },
  "gsk_…HF8S": {
    "blacklisted_until": 1782139606.0730524
  },
  "gsk_…PxXM": {
    "blacklisted_until": 1782139666.1475961
  },
  "gsk_…bdFd": {
    "blacklisted_until": 1782139666.2265317
  }
}