{
  "gsk_…GQpc": {
    "blacklisted_until": 1779763007.5962012
  },
  "gsk_…M2TI": {
    "blacklisted_until": 1779763007.669664
  },
  "gsk_…HF8S": {
    "blacklisted_until": 1779763007.7348566
  },
  "gsk_…PxXM": {
    "blacklisted_until": 1779763007.8182416
  },
  "gsk_…bdFd": {
    "blacklisted_until": 1779763007.4410136
  },
  "gsk_…JOK1": {
    "blacklisted_until": 1779763007.5314813
  }
}