{
  "gsk_…HF8S": {
    "blacklisted_until": 1781404316.4799085
  },
  "gsk_…PxXM": {
    "blacklisted_until": 1781404316.5545318
  },
  "gsk_…bdFd": {
    "blacklisted_until": 1781404316.6253986
  },
  "gsk_…GQpc": {
    "blacklisted_until": 1781404498.046491
  },
  "gsk_…M2TI": {
    "blacklisted_until": 1781404498.1119478
  },
  "gsk_…JOK1": {
    "blacklisted_until": 1781404498.180897
  }
}