{
  "gsk_…PxXM": {
    "blacklisted_until": 1780604402.664911
  },
  "gsk_…bdFd": {
    "blacklisted_until": 1780604371.2743406
  },
  "gsk_…GQpc": {
    "blacklisted_until": 1780604402.3387563
  },
  "gsk_…M2TI": {
    "blacklisted_until": 1780604402.4587836
  },
  "gsk_…HF8S": {
    "blacklisted_until": 1780604402.5653398
  },
  "gsk_…JOK1": {
    "blacklisted_until": 1780604402.777607
  }
}