{
  "gsk_…bdFd": {
    "blacklisted_until": 1781496782.599225
  },
  "gsk_…GQpc": {
    "blacklisted_until": 1781496816.0532935
  },
  "gsk_…M2TI": {
    "blacklisted_until": 1781496816.201038
  },
  "gsk_…HF8S": {
    "blacklisted_until": 1781496816.3415792
  },
  "gsk_…PxXM": {
    "blacklisted_until": 1781496816.568601
  },
  "gsk_…JOK1": {
    "blacklisted_until": 1781496816.7036426
  }
}