{
  "gsk_…bdFd": {
    "blacklisted_until": 1780647733.237369
  },
  "gsk_…JOK1": {
    "blacklisted_until": 1780647733.309335
  },
  "gsk_…GQpc": {
    "blacklisted_until": 1780647733.414408
  },
  "gsk_…M2TI": {
    "blacklisted_until": 1780647733.6258965
  },
  "gsk_…HF8S": {
    "blacklisted_until": 1780647733.723148
  },
  "gsk_…PxXM": {
    "blacklisted_until": 1780647733.8186448
  }
}