{
  "gsk_…HF8S": {
    "blacklisted_until": 1781405379.3568213
  },
  "gsk_…PxXM": {
    "blacklisted_until": 1781405379.4205492
  },
  "gsk_…bdFd": {
    "blacklisted_until": 1781405379.4864655
  },
  "gsk_…GQpc": {
    "blacklisted_until": 1781405560.9042401
  },
  "gsk_…M2TI": {
    "blacklisted_until": 1781405560.9685705
  },
  "gsk_…JOK1": {
    "blacklisted_until": 1781405561.0346928
  }
}