{
  "gsk_…M2TI": {
    "blacklisted_until": 1781611980.190153
  },
  "gsk_…HF8S": {
    "blacklisted_until": 1781612040.2622588
  },
  "gsk_…PxXM": {
    "blacklisted_until": 1781612040.3317118
  },
  "gsk_…bdFd": {
    "blacklisted_until": 1781612040.4003956
  },
  "gsk_…JOK1": {
    "blacklisted_until": 1781612040.4669945
  },
  "gsk_…GQpc": {
    "blacklisted_until": 1781612040.530986
  }
}