{
  "gsk_…PxXM": {
    "blacklisted_until": 1781078411.2152998
  },
  "gsk_…bdFd": {
    "blacklisted_until": 1781078411.3141553
  },
  "gsk_…JOK1": {
    "blacklisted_until": 1781078411.4654603
  },
  "gsk_…GQpc": {
    "blacklisted_until": 1781078411.5386164
  },
  "gsk_…HF8S": {
    "blacklisted_until": 1781078411.7686229
  },
  "gsk_…M2TI": {
    "blacklisted_until": 1781078411.6188338
  }
}