{
  "gsk_…M2TI": {
    "blacklisted_until": 1780100950.09417
  },
  "gsk_…PxXM": {
    "blacklisted_until": 1780100980.9113657
  },
  "gsk_…bdFd": {
    "blacklisted_until": 1780100980.9748697
  },
  "gsk_…JOK1": {
    "blacklisted_until": 1780100981.0384007
  },
  "gsk_…GQpc": {
    "blacklisted_until": 1780100981.104149
  },
  "gsk_…HF8S": {
    "blacklisted_until": 1780100981.1715834
  }
}