{
  "gsk_…bdFd": {
    "blacklisted_until": 1780520519.4625869
  },
  "gsk_…PxXM": {
    "blacklisted_until": 1780520519.304194
  },
  "gsk_…HF8S": {
    "blacklisted_until": 1780520519.6004083
  }
}