{
  "gsk_…HF8S": {
    "blacklisted_until": 1780833891.3181834
  },
  "gsk_…PxXM": {
    "blacklisted_until": 1780833891.3949523
  },
  "gsk_…bdFd": {
    "blacklisted_until": 1780833891.4752896
  },
  "gsk_…JOK1": {
    "blacklisted_until": 1780833891.5511498
  },
  "gsk_…GQpc": {
    "blacklisted_until": 1780833891.6437707
  }
}