{
  "gsk_…PxXM": {
    "blacklisted_until": 1781965123.0951626
  },
  "gsk_…bdFd": {
    "blacklisted_until": 1781965123.1653082
  },
  "gsk_…JOK1": {
    "blacklisted_until": 1781965183.2350357
  },
  "gsk_…GQpc": {
    "blacklisted_until": 1781965183.3034673
  },
  "gsk_…HF8S": {
    "blacklisted_until": 1781965183.369593
  }
}