{
  "gsk_…M2TI": {
    "blacklisted_until": 1781290219.1364584
  },
  "gsk_…PxXM": {
    "blacklisted_until": 1781290250.4528108
  },
  "gsk_…bdFd": {
    "blacklisted_until": 1781290250.5261376
  },
  "gsk_…JOK1": {
    "blacklisted_until": 1781290250.5984156
  },
  "gsk_…GQpc": {
    "blacklisted_until": 1781290250.6834636
  },
  "gsk_…HF8S": {
    "blacklisted_until": 1781290250.7550004
  }
}