{
  "gsk_…JOK1": {
    "blacklisted_until": 1782087017.6749754
  },
  "gsk_…GQpc": {
    "blacklisted_until": 1782087017.3208575
  },
  "gsk_…M2TI": {
    "blacklisted_until": 1782087017.4000454
  },
  "gsk_…HF8S": {
    "blacklisted_until": 1782087017.4698594
  },
  "gsk_…PxXM": {
    "blacklisted_until": 1782087017.5384698
  },
  "gsk_…bdFd": {
    "blacklisted_until": 1782087017.6082366
  }
}