{
  "gsk_…GQpc": {
    "blacklisted_until": 1780145667.5510917
  },
  "gsk_…M2TI": {
    "blacklisted_until": 1780145667.61527
  },
  "gsk_…JOK1": {
    "blacklisted_until": 1780145667.6768024
  },
  "gsk_…HF8S": {
    "blacklisted_until": 1780145727.7531447
  },
  "gsk_…PxXM": {
    "blacklisted_until": 1780145727.8242683
  },
  "gsk_…bdFd": {
    "blacklisted_until": 1780145787.8950841
  }
}