{
  "gsk_…GQpc": {
    "blacklisted_until": 1781575482.4289858
  },
  "gsk_…M2TI": {
    "blacklisted_until": 1781575482.4929574
  },
  "gsk_…JOK1": {
    "blacklisted_until": 1781575482.5542161
  }
}