{
  "gsk_…HF8S": {
    "blacklisted_until": 1782054167.1528623
  },
  "gsk_…PxXM": {
    "blacklisted_until": 1782054167.2504253
  },
  "gsk_…bdFd": {
    "blacklisted_until": 1782054167.3400052
  },
  "gsk_…JOK1": {
    "blacklisted_until": 1782054167.4260402
  },
  "gsk_…GQpc": {
    "blacklisted_until": 1782054167.4871566
  },
  "gsk_…M2TI": {
    "blacklisted_until": 1782054167.5662613
  }
}