{
  "gsk_…GQpc": {
    "blacklisted_until": 1781976367.368965
  },
  "gsk_…M2TI": {
    "blacklisted_until": 1781976367.4341776
  },
  "gsk_…HF8S": {
    "blacklisted_until": 1781976427.5066648
  },
  "gsk_…JOK1": {
    "blacklisted_until": 1781976427.5838408
  },
  "gsk_…PxXM": {
    "blacklisted_until": 1781976487.733064
  },
  "gsk_…bdFd": {
    "blacklisted_until": 1781976487.7973855
  }
}