{
  "gsk_…HF8S": {
    "blacklisted_until": 1781280410.6266127
  },
  "gsk_…GQpc": {
    "blacklisted_until": 1781280591.1731791
  },
  "gsk_…bdFd": {
    "blacklisted_until": 1781280560.1340916
  },
  "gsk_…M2TI": {
    "blacklisted_until": 1781280591.246517
  },
  "gsk_…PxXM": {
    "blacklisted_until": 1781280591.324228
  },
  "gsk_…JOK1": {
    "blacklisted_until": 1781280591.4054854
  }
}