{
  "gsk_…M2TI": {
    "blacklisted_until": 1781663538.3619046
  },
  "gsk_…HF8S": {
    "blacklisted_until": 1781663569.4109025
  },
  "gsk_…GQpc": {
    "blacklisted_until": 1781663629.4755473
  },
  "gsk_…PxXM": {
    "blacklisted_until": 1781663689.5555353
  },
  "gsk_…bdFd": {
    "blacklisted_until": 1781663689.6230228
  },
  "gsk_…JOK1": {
    "blacklisted_until": 1781663749.6793442
  }
}