{
  "gsk_…JOK1": {
    "blacklisted_until": 1781328280.0363183
  },
  "gsk_…GQpc": {
    "blacklisted_until": 1781328280.101826
  },
  "gsk_…M2TI": {
    "blacklisted_until": 1781328280.1681354
  },
  "gsk_…HF8S": {
    "blacklisted_until": 1781328280.23391
  },
  "gsk_…bdFd": {
    "blacklisted_until": 1781328495.456552
  },
  "gsk_…PxXM": {
    "blacklisted_until": 1781328495.5229309
  }
}