{
  "gsk_…GQpc": {
    "blacklisted_until": 1781980766.3350005
  },
  "gsk_…M2TI": {
    "blacklisted_until": 1781980766.397779
  },
  "gsk_…HF8S": {
    "blacklisted_until": 1781980826.4667044
  },
  "gsk_…PxXM": {
    "blacklisted_until": 1781980826.5352004
  },
  "gsk_…bdFd": {
    "blacklisted_until": 1781980826.6033056
  },
  "gsk_…JOK1": {
    "blacklisted_until": 1781980826.671468
  }
}