{
  "gsk_…M2TI": {
    "blacklisted_until": 1782384581.8122647
  },
  "gsk_…HF8S": {
    "blacklisted_until": 1782384581.8825428
  },
  "gsk_…PxXM": {
    "blacklisted_until": 1782384581.9519887
  },
  "gsk_…bdFd": {
    "blacklisted_until": 1782384582.0162055
  },
  "gsk_…JOK1": {
    "blacklisted_until": 1782384582.0917058
  },
  "gsk_…GQpc": {
    "blacklisted_until": 1782384582.1587136
  }
}