{
  "gsk_…JOK1": {
    "blacklisted_until": 1781704857.896278
  },
  "gsk_…GQpc": {
    "blacklisted_until": 1781704859.299926
  },
  "gsk_…M2TI": {
    "blacklisted_until": 1781704860.7127447
  },
  "gsk_…PxXM": {
    "blacklisted_until": 1781704675.7103806
  },
  "gsk_…bdFd": {
    "blacklisted_until": 1781704675.8780997
  }
}