{
  "gsk_…bdFd": {
    "blacklisted_until": 1780955722.3336596
  },
  "gsk_…GQpc": {
    "blacklisted_until": 1780955813.6256957
  },
  "gsk_…M2TI": {
    "blacklisted_until": 1780955813.7236426
  },
  "gsk_…HF8S": {
    "blacklisted_until": 1780955813.86581
  },
  "gsk_…PxXM": {
    "blacklisted_until": 1780955813.9715588
  },
  "gsk_…JOK1": {
    "blacklisted_until": 1780955814.0748656
  }
}