{
  "gsk_…bdFd": {
    "blacklisted_until": 1779605772.0988364
  },
  "gsk_…JOK1": {
    "blacklisted_until": 1779605893.1682365
  },
  "gsk_…GQpc": {
    "blacklisted_until": 1779605893.232716
  },
  "gsk_…M2TI": {
    "blacklisted_until": 1779605893.297337
  },
  "gsk_…HF8S": {
    "blacklisted_until": 1779605893.3627174
  },
  "gsk_…PxXM": {
    "blacklisted_until": 1779605893.4258661
  }
}