{
  "gsk_…PxXM": {
    "blacklisted_until": 1780825688.336589
  },
  "gsk_…bdFd": {
    "blacklisted_until": 1780825688.4223666
  },
  "gsk_…JOK1": {
    "blacklisted_until": 1780825688.505143
  },
  "gsk_…GQpc": {
    "blacklisted_until": 1780825688.5798552
  },
  "gsk_…M2TI": {
    "blacklisted_until": 1780825688.6652436
  },
  "gsk_…HF8S": {
    "blacklisted_until": 1780825688.7407632
  }
}