{
  "gsk_…HF8S": {
    "blacklisted_until": 1780573134.8294895
  },
  "gsk_…JOK1": {
    "blacklisted_until": 1780573134.8955798
  },
  "gsk_…GQpc": {
    "blacklisted_until": 1780573044.1381643
  },
  "gsk_…M2TI": {
    "blacklisted_until": 1780573044.206726
  },
  "gsk_…PxXM": {
    "blacklisted_until": 1780573194.9749727
  },
  "gsk_…bdFd": {
    "blacklisted_until": 1780573195.038079
  }
}