{
  "gsk_…GQpc": {
    "blacklisted_until": 1780246581.8694715
  },
  "gsk_…M2TI": {
    "blacklisted_until": 1780246581.9385731
  },
  "gsk_…JOK1": {
    "blacklisted_until": 1780246582.0043926
  },
  "gsk_…bdFd": {
    "blacklisted_until": 1780246369.4653344
  },
  "gsk_…HF8S": {
    "blacklisted_until": 1780246369.5380037
  },
  "gsk_…PxXM": {
    "blacklisted_until": 1780246369.6072812
  }
}