{
  "gsk_…M2TI": {
    "blacklisted_until": 1782013072.4844944
  },
  "gsk_…GQpc": {
    "blacklisted_until": 1782013072.4117706
  },
  "gsk_…JOK1": {
    "blacklisted_until": 1782012981.7995634
  }
}