{
  "gsk_…JOK1": {
    "blacklisted_until": 1782145616.7063258
  },
  "gsk_…HF8S": {
    "blacklisted_until": 1782145616.854701
  },
  "gsk_…PxXM": {
    "blacklisted_until": 1782145616.5646384
  },
  "gsk_…M2TI": {
    "blacklisted_until": 1782145616.7848966
  },
  "gsk_…bdFd": {
    "blacklisted_until": 1782145616.6388521
  }
}