{
  "gsk_…GQpc": {
    "blacklisted_until": 1781004012.3965678
  },
  "gsk_…M2TI": {
    "blacklisted_until": 1781004012.4624271
  },
  "gsk_…JOK1": {
    "blacklisted_until": 1781004012.5268548
  },
  "gsk_…HF8S": {
    "blacklisted_until": 1781004072.605646
  }
}