{
  "gsk_…PxXM": {
    "blacklisted_until": 1781117701.7820458
  },
  "gsk_…bdFd": {
    "blacklisted_until": 1781117701.8551037
  },
  "gsk_…HF8S": {
    "blacklisted_until": 1781117701.9300432
  },
  "gsk_…M2TI": {
    "blacklisted_until": 1781117824.3089106
  },
  "gsk_…JOK1": {
    "blacklisted_until": 1781117824.3735685
  },
  "gsk_…GQpc": {
    "blacklisted_until": 1781117824.4482515
  }
}