{
  "gsk_…M2TI": {
    "blacklisted_until": 1780189315.905499
  },
  "gsk_…HF8S": {
    "blacklisted_until": 1780189375.9847248
  },
  "gsk_…PxXM": {
    "blacklisted_until": 1780189376.0635629
  },
  "gsk_…bdFd": {
    "blacklisted_until": 1780189376.1462965
  },
  "gsk_…GQpc": {
    "blacklisted_until": 1780189442.2627547
  },
  "gsk_…JOK1": {
    "blacklisted_until": 1780189442.3475032
  }
}