{
  "gsk_…GQpc": {
    "blacklisted_until": 1781317921.5074723
  },
  "gsk_…M2TI": {
    "blacklisted_until": 1781317921.5788715
  },
  "gsk_…JOK1": {
    "blacklisted_until": 1781317921.4351964
  },
  "gsk_…bdFd": {
    "blacklisted_until": 1781317739.4646802
  }
}