{
  "gsk_…M2TI": {
    "blacklisted_until": 1780187317.584864
  },
  "gsk_…PxXM": {
    "blacklisted_until": 1780187348.509973
  },
  "gsk_…bdFd": {
    "blacklisted_until": 1780187348.586377
  },
  "gsk_…JOK1": {
    "blacklisted_until": 1780187348.670348
  },
  "gsk_…GQpc": {
    "blacklisted_until": 1780187348.7471762
  },
  "gsk_…HF8S": {
    "blacklisted_until": 1780187348.8241322
  }
}