{
  "gsk_…PxXM": {
    "blacklisted_until": 1782301539.550241
  },
  "gsk_…bdFd": {
    "blacklisted_until": 1782301539.6602345
  },
  "gsk_…HF8S": {
    "blacklisted_until": 1782301539.7438316
  }
}