{
  "gsk_…bdFd": {
    "blacklisted_until": 1781291324.3432162
  },
  "gsk_…GQpc": {
    "blacklisted_until": 1781291360.3796704
  },
  "gsk_…M2TI": {
    "blacklisted_until": 1781291360.4487934
  },
  "gsk_…HF8S": {
    "blacklisted_until": 1781291360.513571
  },
  "gsk_…PxXM": {
    "blacklisted_until": 1781291360.5875716
  },
  "gsk_…JOK1": {
    "blacklisted_until": 1781291360.6608148
  }
}