{
  "gsk_…M2TI": {
    "blacklisted_until": 1781195200.229716
  },
  "gsk_…bdFd": {
    "blacklisted_until": 1781195200.0800543
  },
  "gsk_…PxXM": {
    "blacklisted_until": 1781195200.3650408
  },
  "gsk_…JOK1": {
    "blacklisted_until": 1781195260.5632741
  },
  "gsk_…GQpc": {
    "blacklisted_until": 1781195260.718773
  },
  "gsk_…HF8S": {
    "blacklisted_until": 1781195260.853447
  }
}