{
  "gsk_…PxXM": {
    "blacklisted_until": 1781784305.6242585
  },
  "gsk_…bdFd": {
    "blacklisted_until": 1781784305.6947532
  },
  "gsk_…HF8S": {
    "blacklisted_until": 1781784305.5552576
  },
  "gsk_…JOK1": {
    "blacklisted_until": 1781784397.303456
  },
  "gsk_…GQpc": {
    "blacklisted_until": 1781784457.3965652
  },
  "gsk_…M2TI": {
    "blacklisted_until": 1781784457.469661
  }
}