{
  "gsk_…HF8S": {
    "blacklisted_until": 1782296398.5075796
  },
  "gsk_…PxXM": {
    "blacklisted_until": 1782296398.5873315
  },
  "gsk_…bdFd": {
    "blacklisted_until": 1782296398.6637805
  },
  "gsk_…JOK1": {
    "blacklisted_until": 1782296549.393782
  },
  "gsk_…GQpc": {
    "blacklisted_until": 1782296549.473169
  },
  "gsk_…M2TI": {
    "blacklisted_until": 1782296549.5510604
  }
}