{
  "gsk_…M2TI": {
    "blacklisted_until": 1781530018.0585327
  },
  "gsk_…PxXM": {
    "blacklisted_until": 1781530049.1889637
  },
  "gsk_…bdFd": {
    "blacklisted_until": 1781530049.2509713
  },
  "gsk_…JOK1": {
    "blacklisted_until": 1781530049.3031352
  },
  "gsk_…GQpc": {
    "blacklisted_until": 1781530049.3553524
  },
  "gsk_…HF8S": {
    "blacklisted_until": 1781530049.415838
  }
}