{
  "gsk_…bdFd": {
    "blacklisted_until": 1779716018.2418807
  },
  "gsk_…PxXM": {
    "blacklisted_until": 1779716018.3446693
  }
}