{
  "gsk_…M2TI": {
    "blacklisted_until": 1780695909.9862044
  },
  "gsk_…PxXM": {
    "blacklisted_until": 1780695973.3356915
  },
  "gsk_…bdFd": {
    "blacklisted_until": 1780695973.476292
  },
  "gsk_…JOK1": {
    "blacklisted_until": 1780695973.6222098
  },
  "gsk_…GQpc": {
    "blacklisted_until": 1780695973.761194
  },
  "gsk_…HF8S": {
    "blacklisted_until": 1780695973.9017086
  }
}