{
  "gsk_…JOK1": {
    "blacklisted_until": 1780523707.0328727
  },
  "gsk_…GQpc": {
    "blacklisted_until": 1780523707.1784177
  },
  "gsk_…M2TI": {
    "blacklisted_until": 1780523707.3662574
  },
  "gsk_…PxXM": {
    "blacklisted_until": 1780523920.8664958
  },
  "gsk_…bdFd": {
    "blacklisted_until": 1780523921.0030007
  },
  "gsk_…HF8S": {
    "blacklisted_until": 1780523921.1624706
  }
}