{
  "gsk_…PxXM": {
    "blacklisted_until": 1781837923.0792706
  },
  "gsk_…bdFd": {
    "blacklisted_until": 1781837923.1742275
  },
  "gsk_…JOK1": {
    "blacklisted_until": 1781837923.2675078
  },
  "gsk_…GQpc": {
    "blacklisted_until": 1781837923.3598623
  },
  "gsk_…M2TI": {
    "blacklisted_until": 1781837923.4335213
  },
  "gsk_…HF8S": {
    "blacklisted_until": 1781837923.522846
  }
}