{
  "gsk_…HF8S": {
    "blacklisted_until": 1780327679.1332934
  },
  "gsk_…JOK1": {
    "blacklisted_until": 1780327739.2045498
  }
}