{
  "gsk_…HF8S": {
    "blacklisted_until": 1781785968.5349162
  },
  "gsk_…PxXM": {
    "blacklisted_until": 1781786361.5752332
  },
  "gsk_…bdFd": {
    "blacklisted_until": 1781786361.6478496
  },
  "gsk_…JOK1": {
    "blacklisted_until": 1781786028.602887
  },
  "gsk_…GQpc": {
    "blacklisted_until": 1781786179.5560472
  },
  "gsk_…M2TI": {
    "blacklisted_until": 1781786179.6245885
  }
}