{
  "gsk_…PxXM": {
    "blacklisted_until": 1780909433.318687
  },
  "gsk_…HF8S": {
    "blacklisted_until": 1780909250.872103
  },
  "gsk_…JOK1": {
    "blacklisted_until": 1780909342.8026962
  },
  "gsk_…bdFd": {
    "blacklisted_until": 1780909342.866476
  }
}