{
  "gsk_…HF8S": {
    "blacklisted_until": 1780226767.685679
  },
  "gsk_…PxXM": {
    "blacklisted_until": 1780226767.7525938
  },
  "gsk_…bdFd": {
    "blacklisted_until": 1780226767.8257127
  },
  "gsk_…JOK1": {
    "blacklisted_until": 1780226767.893627
  },
  "gsk_…GQpc": {
    "blacklisted_until": 1780226767.9718
  },
  "gsk_…M2TI": {
    "blacklisted_until": 1780226768.0487776
  }
}