{
  "gsk_…bdFd": {
    "blacklisted_until": 1780826628.9793034
  },
  "gsk_…JOK1": {
    "blacklisted_until": 1780826750.066026
  },
  "gsk_…GQpc": {
    "blacklisted_until": 1780826750.1411252
  },
  "gsk_…M2TI": {
    "blacklisted_until": 1780826750.21941
  },
  "gsk_…HF8S": {
    "blacklisted_until": 1780826754.4974525
  },
  "gsk_…PxXM": {
    "blacklisted_until": 1780826754.5747883
  }
}