{
  "gsk_…GQpc": {
    "blacklisted_until": 1782133329.4687016
  },
  "gsk_…HF8S": {
    "blacklisted_until": 1782133450.6954832
  },
  "gsk_…PxXM": {
    "blacklisted_until": 1782133510.7891097
  },
  "gsk_…bdFd": {
    "blacklisted_until": 1782133510.8620448
  }
}