{
  "gsk_…PxXM": {
    "blacklisted_until": 1781036579.3627384
  },
  "gsk_…bdFd": {
    "blacklisted_until": 1781036579.437317
  },
  "gsk_…HF8S": {
    "blacklisted_until": 1781036579.2993264
  },
  "gsk_…GQpc": {
    "blacklisted_until": 1781036488.7064536
  },
  "gsk_…M2TI": {
    "blacklisted_until": 1781036488.7728443
  },
  "gsk_…JOK1": {
    "blacklisted_until": 1781036488.838528
  }
}