{
  "gsk_…GQpc": {
    "blacklisted_until": 1780567897.9914892
  },
  "gsk_…M2TI": {
    "blacklisted_until": 1780567897.9242284
  },
  "gsk_…JOK1": {
    "blacklisted_until": 1780567989.5019062
  },
  "gsk_…HF8S": {
    "blacklisted_until": 1780567989.5684893
  },
  "gsk_…PxXM": {
    "blacklisted_until": 1780568049.6412404
  },
  "gsk_…bdFd": {
    "blacklisted_until": 1780568049.7054415
  }
}