{
  "gsk_…M2TI": {
    "blacklisted_until": 1781738966.2991476
  },
  "gsk_…GQpc": {
    "blacklisted_until": 1781738966.4041886
  },
  "gsk_…PxXM": {
    "blacklisted_until": 1781739058.0416262
  },
  "gsk_…bdFd": {
    "blacklisted_until": 1781739058.182748
  },
  "gsk_…JOK1": {
    "blacklisted_until": 1781739058.3196878
  },
  "gsk_…HF8S": {
    "blacklisted_until": 1781739058.453525
  }
}