{
  "gsk_…HF8S": {
    "blacklisted_until": 1782224204.9825003
  },
  "gsk_…PxXM": {
    "blacklisted_until": 1782224205.0654871
  },
  "gsk_…bdFd": {
    "blacklisted_until": 1782224205.1461303
  },
  "gsk_…JOK1": {
    "blacklisted_until": 1782224205.2256002
  }
}