{
  "gsk_…PxXM": {
    "blacklisted_until": 1779855315.1350539
  },
  "gsk_…bdFd": {
    "blacklisted_until": 1779855315.204224
  },
  "gsk_…JOK1": {
    "blacklisted_until": 1779855315.2670393
  },
  "gsk_…GQpc": {
    "blacklisted_until": 1779855315.3304691
  },
  "gsk_…M2TI": {
    "blacklisted_until": 1779855315.4004457
  },
  "gsk_…HF8S": {
    "blacklisted_until": 1779855315.4667072
  }
}