{
  "gsk_…PxXM": {
    "blacklisted_until": 1780613967.0011806
  },
  "gsk_…HF8S": {
    "blacklisted_until": 1780613967.0986667
  },
  "gsk_…bdFd": {
    "blacklisted_until": 1780614027.199067
  },
  "gsk_…GQpc": {
    "blacklisted_until": 1780614118.3909998
  },
  "gsk_…M2TI": {
    "blacklisted_until": 1780614118.4915445
  },
  "gsk_…JOK1": {
    "blacklisted_until": 1780614118.598245
  }
}