{
  "gsk_…PxXM": {
    "blacklisted_until": 1781928092.7521574
  },
  "gsk_…HF8S": {
    "blacklisted_until": 1781928092.8292372
  },
  "gsk_…bdFd": {
    "blacklisted_until": 1781928152.9159396
  },
  "gsk_…JOK1": {
    "blacklisted_until": 1781928152.9994395
  },
  "gsk_…GQpc": {
    "blacklisted_until": 1781928213.087528
  },
  "gsk_…M2TI": {
    "blacklisted_until": 1781928213.1664293
  }
}