{
  "gsk_…HF8S": {
    "blacklisted_until": 1781881522.075142
  },
  "gsk_…PxXM": {
    "blacklisted_until": 1781881522.1599932
  },
  "gsk_…bdFd": {
    "blacklisted_until": 1781881582.3006344
  },
  "gsk_…JOK1": {
    "blacklisted_until": 1781881582.389008
  }
}