{
  "gsk_…bdFd": {
    "blacklisted_until": 1781691417.6213617
  },
  "gsk_…PxXM": {
    "blacklisted_until": 1781691417.5240326
  },
  "gsk_…GQpc": {
    "blacklisted_until": 1781691621.11178
  },
  "gsk_…M2TI": {
    "blacklisted_until": 1781691589.6812363
  },
  "gsk_…JOK1": {
    "blacklisted_until": 1781691621.0051687
  },
  "gsk_…HF8S": {
    "blacklisted_until": 1781691621.215919
  }
}