{
  "gsk_…bdFd": {
    "blacklisted_until": 1782339227.2459755
  },
  "gsk_…PxXM": {
    "blacklisted_until": 1782339227.1726933
  },
  "gsk_…GQpc": {
    "blacklisted_until": 1782339318.5186265
  }
}