{
  "gsk_…bdFd": {
    "blacklisted_until": 1779678945.4010503
  },
  "gsk_…JOK1": {
    "blacklisted_until": 1779679005.4883993
  },
  "gsk_…GQpc": {
    "blacklisted_until": 1779679057.700616
  },
  "gsk_…M2TI": {
    "blacklisted_until": 1779679057.774016
  },
  "gsk_…PxXM": {
    "blacklisted_until": 1779679059.573825
  },
  "gsk_…HF8S": {
    "blacklisted_until": 1779679059.6424668
  }
}