{
  "gsk_…JOK1": {
    "blacklisted_until": 1781028855.6333833
  },
  "gsk_…GQpc": {
    "blacklisted_until": 1781028855.7141762
  },
  "gsk_…M2TI": {
    "blacklisted_until": 1781028915.7922983
  }
}