{
  "gsk_…GQpc": {
    "blacklisted_until": 1782269026.9681349
  },
  "gsk_…M2TI": {
    "blacklisted_until": 1782269027.0503232
  },
  "gsk_…JOK1": {
    "blacklisted_until": 1782269027.1311178
  }
}