{
  "gsk_…M2TI": {
    "blacklisted_until": 1780621104.3175786
  },
  "gsk_…HF8S": {
    "blacklisted_until": 1780621104.434434
  },
  "gsk_…PxXM": {
    "blacklisted_until": 1780621104.539972
  },
  "gsk_…bdFd": {
    "blacklisted_until": 1780621104.676477
  },
  "gsk_…JOK1": {
    "blacklisted_until": 1780621104.7787037
  },
  "gsk_…GQpc": {
    "blacklisted_until": 1780621164.8827963
  }
}