{
  "gsk_…GQpc": {
    "blacklisted_until": 1780790520.5173254
  },
  "gsk_…HF8S": {
    "blacklisted_until": 1780790520.599797
  },
  "gsk_…PxXM": {
    "blacklisted_until": 1780790671.2511148
  },
  "gsk_…bdFd": {
    "blacklisted_until": 1780790671.3269634
  },
  "gsk_…JOK1": {
    "blacklisted_until": 1780790671.392998
  },
  "gsk_…M2TI": {
    "blacklisted_until": 1780790671.459466
  }
}