{
  "gsk_…JOK1": {
    "blacklisted_until": 1781403158.4367537
  },
  "gsk_…GQpc": {
    "blacklisted_until": 1781403158.5048757
  },
  "gsk_…M2TI": {
    "blacklisted_until": 1781403218.6009448
  },
  "gsk_…bdFd": {
    "blacklisted_until": 1781403343.5528917
  },
  "gsk_…HF8S": {
    "blacklisted_until": 1781403343.6176238
  },
  "gsk_…PxXM": {
    "blacklisted_until": 1781403343.6868737
  }
}