{
  "gsk_…M2TI": {
    "blacklisted_until": 1780987151.7858348
  },
  "gsk_…HF8S": {
    "blacklisted_until": 1780987211.8550477
  },
  "gsk_…PxXM": {
    "blacklisted_until": 1780987211.9233346
  },
  "gsk_…bdFd": {
    "blacklisted_until": 1780987212.0251813
  }
}