{
  "gsk_…PxXM": {
    "blacklisted_until": 1780581805.5713804
  },
  "gsk_…HF8S": {
    "blacklisted_until": 1780581805.6419208
  },
  "gsk_…bdFd": {
    "blacklisted_until": 1780581865.7087631
  },
  "gsk_…JOK1": {
    "blacklisted_until": 1780581925.7991667
  },
  "gsk_…GQpc": {
    "blacklisted_until": 1780581925.8773613
  },
  "gsk_…M2TI": {
    "blacklisted_until": 1780581925.9439268
  }
}