{
  "gsk_…M2TI": {
    "blacklisted_until": 1779591266.7920632
  },
  "gsk_…PxXM": {
    "blacklisted_until": 1779591269.8274295
  },
  "gsk_…bdFd": {
    "blacklisted_until": 1779591269.896645
  },
  "gsk_…GQpc": {
    "blacklisted_until": 1779591269.9599936
  },
  "gsk_…HF8S": {
    "blacklisted_until": 1779591270.0212357
  },
  "gsk_…JOK1": {
    "blacklisted_until": 1779591330.1367743
  }
}