{
  "gsk_…PxXM": {
    "blacklisted_until": 1780312402.6580305
  },
  "gsk_…bdFd": {
    "blacklisted_until": 1780312402.7241518
  },
  "gsk_…GQpc": {
    "blacklisted_until": 1780312190.5492258
  },
  "gsk_…M2TI": {
    "blacklisted_until": 1780312190.6127968
  },
  "gsk_…HF8S": {
    "blacklisted_until": 1780312190.6760275
  },
  "gsk_…JOK1": {
    "blacklisted_until": 1780312221.552193
  }
}