{
  "gsk_…PxXM": {
    "blacklisted_until": 1780561899.0611842
  },
  "gsk_…bdFd": {
    "blacklisted_until": 1780561899.1347144
  }
}