{
  "gsk_…GQpc": {
    "blacklisted_until": 1780947433.2396438
  },
  "gsk_…bdFd": {
    "blacklisted_until": 1780947433.347847
  },
  "gsk_…JOK1": {
    "blacklisted_until": 1780947493.450922
  },
  "gsk_…M2TI": {
    "blacklisted_until": 1780947493.5643017
  },
  "gsk_…HF8S": {
    "blacklisted_until": 1780947493.7500315
  },
  "gsk_…PxXM": {
    "blacklisted_until": 1780947644.4752066
  }
}