{
  "gsk_…bdFd": {
    "blacklisted_until": 1782049722.8667428
  },
  "gsk_…JOK1": {
    "blacklisted_until": 1782049782.9725363
  },
  "gsk_…GQpc": {
    "blacklisted_until": 1782049783.0451307
  },
  "gsk_…M2TI": {
    "blacklisted_until": 1782049783.135129
  },
  "gsk_…HF8S": {
    "blacklisted_until": 1782049783.2359176
  },
  "gsk_…PxXM": {
    "blacklisted_until": 1782049783.3136191
  }
}