{
  "gsk_…GQpc": {
    "blacklisted_until": 1780108618.3515298
  },
  "gsk_…M2TI": {
    "blacklisted_until": 1780108618.2828546
  },
  "gsk_…PxXM": {
    "blacklisted_until": 1780108678.4165068
  },
  "gsk_…JOK1": {
    "blacklisted_until": 1780108678.487076
  }
}