{
  "gsk_…GQpc": {
    "blacklisted_until": 1780866361.471361
  },
  "gsk_…M2TI": {
    "blacklisted_until": 1780866361.5720732
  },
  "gsk_…JOK1": {
    "blacklisted_until": 1780866420.9874244
  },
  "gsk_…HF8S": {
    "blacklisted_until": 1780866421.0924132
  },
  "gsk_…PxXM": {
    "blacklisted_until": 1780866481.1918972
  },
  "gsk_…bdFd": {
    "blacklisted_until": 1780866481.294525
  }
}