{
  "gsk_…PxXM": {
    "blacklisted_until": 1780989588.9359858
  },
  "gsk_…bdFd": {
    "blacklisted_until": 1780989589.00981
  },
  "gsk_…HF8S": {
    "blacklisted_until": 1780989589.0768795
  },
  "gsk_…JOK1": {
    "blacklisted_until": 1780989358.3382723
  },
  "gsk_…GQpc": {
    "blacklisted_until": 1780989358.4110591
  },
  "gsk_…M2TI": {
    "blacklisted_until": 1780989418.4841301
  }
}