{
  "gsk_…M2TI": {
    "blacklisted_until": 1781066345.1357245
  },
  "gsk_…PxXM": {
    "blacklisted_until": 1781066345.2114434
  },
  "gsk_…bdFd": {
    "blacklisted_until": 1781066345.2809064
  },
  "gsk_…JOK1": {
    "blacklisted_until": 1781066405.3490362
  },
  "gsk_…GQpc": {
    "blacklisted_until": 1781066405.4255414
  },
  "gsk_…HF8S": {
    "blacklisted_until": 1781066405.503617
  }
}