{
  "gsk_…PxXM": {
    "blacklisted_until": 1781146244.4809577
  },
  "gsk_…bdFd": {
    "blacklisted_until": 1781146244.6211996
  },
  "gsk_…JOK1": {
    "blacklisted_until": 1781146304.7770472
  },
  "gsk_…GQpc": {
    "blacklisted_until": 1781146304.9203262
  },
  "gsk_…M2TI": {
    "blacklisted_until": 1781146305.062019
  },
  "gsk_…HF8S": {
    "blacklisted_until": 1781146351.537111
  }
}