{
  "gsk_…GQpc": {
    "blacklisted_until": 1780144368.2527406
  },
  "gsk_…M2TI": {
    "blacklisted_until": 1780144368.3218832
  },
  "gsk_…HF8S": {
    "blacklisted_until": 1780144368.3840673
  },
  "gsk_…JOK1": {
    "blacklisted_until": 1780144368.4462554
  },
  "gsk_…PxXM": {
    "blacklisted_until": 1780144518.8336904
  },
  "gsk_…bdFd": {
    "blacklisted_until": 1780144578.9060092
  }
}