{
  "gsk_…M2TI": {
    "blacklisted_until": 1781773510.7522957
  },
  "gsk_…PxXM": {
    "blacklisted_until": 1781773658.93714
  },
  "gsk_…bdFd": {
    "blacklisted_until": 1781773659.0030115
  }
}