{
  "gsk_…bdFd": {
    "blacklisted_until": 1780073280.3140094
  },
  "gsk_…JOK1": {
    "blacklisted_until": 1780073340.5426784
  },
  "gsk_…M2TI": {
    "blacklisted_until": 1780073371.5907638
  }
}