{
  "gsk_…M2TI": {
    "blacklisted_until": 1780449703.5093617
  },
  "gsk_…PxXM": {
    "blacklisted_until": 1780449794.6904292
  },
  "gsk_…bdFd": {
    "blacklisted_until": 1780449794.7666998
  },
  "gsk_…JOK1": {
    "blacklisted_until": 1780449794.9965725
  },
  "gsk_…GQpc": {
    "blacklisted_until": 1780449795.0634232
  },
  "gsk_…HF8S": {
    "blacklisted_until": 1780449795.1341925
  }
}