{
  "gsk_…GQpc": {
    "blacklisted_until": 1781033134.3112607
  },
  "gsk_…M2TI": {
    "blacklisted_until": 1781033134.3872454
  },
  "gsk_…JOK1": {
    "blacklisted_until": 1781033134.461937
  },
  "gsk_…PxXM": {
    "blacklisted_until": 1781033316.8685458
  },
  "gsk_…bdFd": {
    "blacklisted_until": 1781033316.9415083
  },
  "gsk_…HF8S": {
    "blacklisted_until": 1781033317.0170424
  }
}