{
  "gsk_…JOK1": {
    "blacklisted_until": 1781116453.5583925
  },
  "gsk_…GQpc": {
    "blacklisted_until": 1781116453.6234238
  },
  "gsk_…M2TI": {
    "blacklisted_until": 1781116453.690663
  },
  "gsk_…PxXM": {
    "blacklisted_until": 1781116635.2815526
  },
  "gsk_…bdFd": {
    "blacklisted_until": 1781116635.3444118
  },
  "gsk_…HF8S": {
    "blacklisted_until": 1781116635.417796
  }
}