{
  "gsk_…GQpc": {
    "blacklisted_until": 1780314138.4399552
  },
  "gsk_…M2TI": {
    "blacklisted_until": 1780314138.5040092
  },
  "gsk_…PxXM": {
    "blacklisted_until": 1780314138.5698822
  },
  "gsk_…bdFd": {
    "blacklisted_until": 1780314138.635938
  },
  "gsk_…HF8S": {
    "blacklisted_until": 1780314198.7071724
  },
  "gsk_…JOK1": {
    "blacklisted_until": 1780314258.7803917
  }
}