{
  "gsk_…GQpc": {
    "blacklisted_until": 1782302971.4464486
  },
  "gsk_…M2TI": {
    "blacklisted_until": 1782302971.526553
  },
  "gsk_…JOK1": {
    "blacklisted_until": 1782302971.606892
  }
}