{
  "gsk_…GQpc": {
    "blacklisted_until": 1780789890.4908907
  },
  "gsk_…HF8S": {
    "blacklisted_until": 1780789890.556331
  },
  "gsk_…PxXM": {
    "blacklisted_until": 1780789950.6639707
  },
  "gsk_…bdFd": {
    "blacklisted_until": 1780789950.7292118
  },
  "gsk_…M2TI": {
    "blacklisted_until": 1780789950.7951028
  },
  "gsk_…JOK1": {
    "blacklisted_until": 1780790010.8667839
  }
}