{
  "gsk_…GQpc": {
    "blacklisted_until": 1782258184.7485416
  },
  "gsk_…M2TI": {
    "blacklisted_until": 1782258184.8268948
  },
  "gsk_…HF8S": {
    "blacklisted_until": 1782258184.9046047
  },
  "gsk_…JOK1": {
    "blacklisted_until": 1782258184.9894578
  }
}