{
  "gsk_…M2TI": {
    "blacklisted_until": 1780729249.1211288
  },
  "gsk_…PxXM": {
    "blacklisted_until": 1780729280.3816118
  },
  "gsk_…bdFd": {
    "blacklisted_until": 1780729280.5186954
  },
  "gsk_…JOK1": {
    "blacklisted_until": 1780729280.65719
  },
  "gsk_…GQpc": {
    "blacklisted_until": 1780729280.7966385
  },
  "gsk_…HF8S": {
    "blacklisted_until": 1780729280.9483113
  }
}