{
  "gsk_…GQpc": {
    "blacklisted_until": 1780281500.3906555
  },
  "gsk_…HF8S": {
    "blacklisted_until": 1780281804.591969
  },
  "gsk_…PxXM": {
    "blacklisted_until": 1780281500.1681004
  },
  "gsk_…bdFd": {
    "blacklisted_until": 1780281500.236608
  },
  "gsk_…JOK1": {
    "blacklisted_until": 1780281500.3080642
  }
}