{
  "gsk_…PxXM": {
    "blacklisted_until": 1780563508.1656861
  },
  "gsk_…bdFd": {
    "blacklisted_until": 1780563508.2441292
  },
  "gsk_…GQpc": {
    "blacklisted_until": 1780563660.0705817
  },
  "gsk_…M2TI": {
    "blacklisted_until": 1780563660.1377358
  }
}