{
  "gsk_…PxXM": {
    "blacklisted_until": 1781284813.0702894
  },
  "gsk_…bdFd": {
    "blacklisted_until": 1781284813.146124
  },
  "gsk_…HF8S": {
    "blacklisted_until": 1781284813.3023212
  }
}