{
  "gsk_…GQpc": {
    "blacklisted_until": 1781750322.32674
  },
  "gsk_…M2TI": {
    "blacklisted_until": 1781750322.4436853
  },
  "gsk_…JOK1": {
    "blacklisted_until": 1781750322.2063968
  },
  "gsk_…HF8S": {
    "blacklisted_until": 1781750382.5750618
  },
  "gsk_…PxXM": {
    "blacklisted_until": 1781750442.7885451
  },
  "gsk_…bdFd": {
    "blacklisted_until": 1781750442.9113178
  }
}