{
  "gsk_…PxXM": {
    "blacklisted_until": 1781200506.4329607
  },
  "gsk_…bdFd": {
    "blacklisted_until": 1781200506.5945196
  },
  "gsk_…HF8S": {
    "blacklisted_until": 1781200506.7446308
  }
}