{
  "gsk_…GQpc": {
    "blacklisted_until": 1780869190.477314
  },
  "gsk_…M2TI": {
    "blacklisted_until": 1780869190.5829577
  },
  "gsk_…JOK1": {
    "blacklisted_until": 1780869190.6818883
  },
  "gsk_…HF8S": {
    "blacklisted_until": 1780869252.5074153
  },
  "gsk_…PxXM": {
    "blacklisted_until": 1780869312.6071038
  },
  "gsk_…bdFd": {
    "blacklisted_until": 1780869312.7369454
  }
}