{
  "gsk_…M2TI": {
    "blacklisted_until": 1781247613.5720825
  },
  "gsk_…PxXM": {
    "blacklisted_until": 1781247673.7098184
  },
  "gsk_…bdFd": {
    "blacklisted_until": 1781247673.7696102
  },
  "gsk_…JOK1": {
    "blacklisted_until": 1781247733.8628616
  },
  "gsk_…GQpc": {
    "blacklisted_until": 1781247734.022452
  },
  "gsk_…HF8S": {
    "blacklisted_until": 1781247794.1067612
  }
}