{
  "gsk_…GQpc": {
    "blacklisted_until": 1781081622.9114342
  },
  "gsk_…M2TI": {
    "blacklisted_until": 1781081622.9841926
  },
  "gsk_…HF8S": {
    "blacklisted_until": 1781081623.1365848
  },
  "gsk_…PxXM": {
    "blacklisted_until": 1781081623.2062757
  },
  "gsk_…JOK1": {
    "blacklisted_until": 1781081623.2742846
  },
  "gsk_…bdFd": {
    "blacklisted_until": 1781081773.8546631
  }
}