{
  "gsk_…JOK1": {
    "blacklisted_until": 1781287884.7183394
  },
  "gsk_…GQpc": {
    "blacklisted_until": 1781287884.7899563
  },
  "gsk_…PxXM": {
    "blacklisted_until": 1781287884.581133
  },
  "gsk_…bdFd": {
    "blacklisted_until": 1781287884.6522589
  },
  "gsk_…M2TI": {
    "blacklisted_until": 1781287884.8612666
  },
  "gsk_…HF8S": {
    "blacklisted_until": 1781287884.936033
  }
}