{
  "gsk_…M2TI": {
    "blacklisted_until": 1781886570.282516
  },
  "gsk_…PxXM": {
    "blacklisted_until": 1781886601.4810705
  },
  "gsk_…bdFd": {
    "blacklisted_until": 1781886601.564701
  },
  "gsk_…JOK1": {
    "blacklisted_until": 1781886601.6631088
  },
  "gsk_…GQpc": {
    "blacklisted_until": 1781886601.7449572
  },
  "gsk_…HF8S": {
    "blacklisted_until": 1781886601.819694
  }
}