{
  "gsk_…GQpc": {
    "blacklisted_until": 1781523668.4565678
  },
  "gsk_…M2TI": {
    "blacklisted_until": 1781523668.514709
  },
  "gsk_…bdFd": {
    "blacklisted_until": 1781523699.6089559
  },
  "gsk_…PxXM": {
    "blacklisted_until": 1781523699.6901495
  },
  "gsk_…JOK1": {
    "blacklisted_until": 1781523759.742228
  },
  "gsk_…HF8S": {
    "blacklisted_until": 1781523759.835753
  }
}