{
  "gsk_…GQpc": {
    "blacklisted_until": 1781891300.830463
  },
  "gsk_…M2TI": {
    "blacklisted_until": 1781891300.9097888
  },
  "gsk_…JOK1": {
    "blacklisted_until": 1781891300.7452297
  },
  "gsk_…PxXM": {
    "blacklisted_until": 1781891088.625619
  },
  "gsk_…HF8S": {
    "blacklisted_until": 1781891088.7133648
  },
  "gsk_…bdFd": {
    "blacklisted_until": 1781891148.8945985
  }
}