{
  "gsk_…M2TI": {
    "blacklisted_until": 1781204468.7356076
  },
  "gsk_…GQpc": {
    "blacklisted_until": 1781204468.5881987
  },
  "gsk_…PxXM": {
    "blacklisted_until": 1781204230.3819342
  },
  "gsk_…bdFd": {
    "blacklisted_until": 1781204230.5601873
  },
  "gsk_…HF8S": {
    "blacklisted_until": 1781204230.199074
  },
  "gsk_…JOK1": {
    "blacklisted_until": 1781204377.6207342
  }
}