{
  "gsk_…bdFd": {
    "blacklisted_until": 1780409795.3664346
  },
  "gsk_…GQpc": {
    "blacklisted_until": 1780409886.373807
  },
  "gsk_…M2TI": {
    "blacklisted_until": 1780409886.4725287
  },
  "gsk_…JOK1": {
    "blacklisted_until": 1780409886.5731902
  }
}