{
  "gsk_…HF8S": {
    "blacklisted_until": 1780819850.7318351
  },
  "gsk_…PxXM": {
    "blacklisted_until": 1780819850.8096952
  },
  "gsk_…JOK1": {
    "blacklisted_until": 1780819850.88489
  },
  "gsk_…bdFd": {
    "blacklisted_until": 1780819974.2225702
  }
}