{
  "gsk_…PxXM": {
    "blacklisted_until": 1781368483.042315
  },
  "gsk_…bdFd": {
    "blacklisted_until": 1781368483.1195264
  },
  "gsk_…HF8S": {
    "blacklisted_until": 1781368483.1955779
  },
  "gsk_…JOK1": {
    "blacklisted_until": 1781368633.935162
  },
  "gsk_…GQpc": {
    "blacklisted_until": 1781368634.0151422
  },
  "gsk_…M2TI": {
    "blacklisted_until": 1781368694.1271672
  }
}