{
  "gsk_…GQpc": {
    "blacklisted_until": 1781647857.9054842
  },
  "gsk_…M2TI": {
    "blacklisted_until": 1781647857.9991674
  },
  "gsk_…HF8S": {
    "blacklisted_until": 1781647858.0870183
  },
  "gsk_…JOK1": {
    "blacklisted_until": 1781647858.1722357
  }
}