{
  "gsk_…JOK1": {
    "blacklisted_until": 1780443214.463373
  },
  "gsk_…GQpc": {
    "blacklisted_until": 1780443214.5308437
  },
  "gsk_…M2TI": {
    "blacklisted_until": 1780443123.5251586
  },
  "gsk_…PxXM": {
    "blacklisted_until": 1780443214.3896465
  },
  "gsk_…HF8S": {
    "blacklisted_until": 1780443214.5972185
  },
  "gsk_…bdFd": {
    "blacklisted_until": 1780443305.434612
  }
}