{
  "gsk_…HF8S": {
    "blacklisted_until": 1781035331.7748697
  },
  "gsk_…PxXM": {
    "blacklisted_until": 1781035331.8539765
  },
  "gsk_…bdFd": {
    "blacklisted_until": 1781035331.922897
  }
}