{
  "gsk_…M2TI": {
    "blacklisted_until": 1780689550.4842024
  },
  "gsk_…HF8S": {
    "blacklisted_until": 1780689550.7297375
  },
  "gsk_…bdFd": {
    "blacklisted_until": 1780689550.8787198
  },
  "gsk_…JOK1": {
    "blacklisted_until": 1780689551.028925
  },
  "gsk_…GQpc": {
    "blacklisted_until": 1780689792.7350416
  }
}