{
  "gsk_…bdFd": {
    "blacklisted_until": 1780870703.7973814
  },
  "gsk_…PxXM": {
    "blacklisted_until": 1780870703.693605
  },
  "gsk_…GQpc": {
    "blacklisted_until": 1780870938.6408567
  },
  "gsk_…M2TI": {
    "blacklisted_until": 1780870938.7511702
  }
}