{
  "gsk_…PxXM": {
    "blacklisted_until": 1782043951.003164
  },
  "gsk_…bdFd": {
    "blacklisted_until": 1782043951.0977895
  },
  "gsk_…JOK1": {
    "blacklisted_until": 1782044011.1594167
  },
  "gsk_…GQpc": {
    "blacklisted_until": 1782044011.2557318
  },
  "gsk_…M2TI": {
    "blacklisted_until": 1782044011.3232384
  },
  "gsk_…HF8S": {
    "blacklisted_until": 1782044011.4088511
  }
}