{
  "gsk_…bdFd": {
    "blacklisted_until": 1781730243.6490839
  },
  "gsk_…M2TI": {
    "blacklisted_until": 1781730312.098729
  },
  "gsk_…HF8S": {
    "blacklisted_until": 1781730312.2392087
  },
  "gsk_…PxXM": {
    "blacklisted_until": 1781730312.3578887
  },
  "gsk_…GQpc": {
    "blacklisted_until": 1781730343.8285596
  },
  "gsk_…JOK1": {
    "blacklisted_until": 1781730343.9813616
  }
}