{
  "gsk_…M2TI": {
    "blacklisted_until": 1780991703.000333
  },
  "gsk_…HF8S": {
    "blacklisted_until": 1780991824.091335
  },
  "gsk_…PxXM": {
    "blacklisted_until": 1780991824.1569817
  },
  "gsk_…bdFd": {
    "blacklisted_until": 1780991824.2289534
  }
}