{
  "gsk_…JOK1": {
    "blacklisted_until": 1781792173.854072
  },
  "gsk_…GQpc": {
    "blacklisted_until": 1781792173.9267256
  },
  "gsk_…M2TI": {
    "blacklisted_until": 1781792174.0021744
  },
  "gsk_…HF8S": {
    "blacklisted_until": 1781792277.64755
  },
  "gsk_…PxXM": {
    "blacklisted_until": 1781792337.771352
  },
  "gsk_…bdFd": {
    "blacklisted_until": 1781792337.8432438
  }
}