{
  "gsk_…GQpc": {
    "blacklisted_until": 1780328975.353875
  },
  "gsk_…M2TI": {
    "blacklisted_until": 1780328975.4205468
  },
  "gsk_…PxXM": {
    "blacklisted_until": 1780329006.3110056
  },
  "gsk_…bdFd": {
    "blacklisted_until": 1780329006.38212
  },
  "gsk_…HF8S": {
    "blacklisted_until": 1780329006.4555671
  }
}