{
  "gsk_…HF8S": {
    "blacklisted_until": 1781118699.5746837
  },
  "gsk_…PxXM": {
    "blacklisted_until": 1781118699.64923
  },
  "gsk_…bdFd": {
    "blacklisted_until": 1781118699.7210975
  }
}