{
  "gsk_…bdFd": {
    "blacklisted_until": 1780354435.208252
  },
  "gsk_…GQpc": {
    "blacklisted_until": 1780354533.1156764
  },
  "gsk_…M2TI": {
    "blacklisted_until": 1780354533.1793852
  },
  "gsk_…HF8S": {
    "blacklisted_until": 1780354533.242347
  },
  "gsk_…PxXM": {
    "blacklisted_until": 1780354533.3178687
  },
  "gsk_…JOK1": {
    "blacklisted_until": 1780354533.3885105
  }
}