{
  "gsk_…HF8S": {
    "blacklisted_until": 1781074590.5125537
  },
  "gsk_…PxXM": {
    "blacklisted_until": 1781074590.5896323
  },
  "gsk_…JOK1": {
    "blacklisted_until": 1781074621.521798
  },
  "gsk_…bdFd": {
    "blacklisted_until": 1781074621.5916245
  }
}