{
  "gsk_…GQpc": {
    "blacklisted_until": 1780617414.5020483
  },
  "gsk_…M2TI": {
    "blacklisted_until": 1780617414.619292
  },
  "gsk_…PxXM": {
    "blacklisted_until": 1780617505.8970068
  },
  "gsk_…bdFd": {
    "blacklisted_until": 1780617505.9987588
  },
  "gsk_…HF8S": {
    "blacklisted_until": 1780617506.0991874
  }
}