{
  "gsk_…JOK1": {
    "blacklisted_until": 1780998067.427671
  },
  "gsk_…PxXM": {
    "blacklisted_until": 1780998304.206439
  },
  "gsk_…bdFd": {
    "blacklisted_until": 1780998304.2839088
  },
  "gsk_…GQpc": {
    "blacklisted_until": 1780998127.5050197
  },
  "gsk_…M2TI": {
    "blacklisted_until": 1780998127.575988
  },
  "gsk_…HF8S": {
    "blacklisted_until": 1780998213.6990175
  }
}