{
  "gsk_…HF8S": {
    "blacklisted_until": 1780282135.8520527
  },
  "gsk_…PxXM": {
    "blacklisted_until": 1780282195.9247236
  },
  "gsk_…bdFd": {
    "blacklisted_until": 1780282195.9977057
  },
  "gsk_…GQpc": {
    "blacklisted_until": 1780282280.0344298
  },
  "gsk_…M2TI": {
    "blacklisted_until": 1780282280.1006663
  },
  "gsk_…JOK1": {
    "blacklisted_until": 1780282280.1735961
  }
}