{
  "gsk_…bdFd": {
    "blacklisted_until": 1781845299.9812386
  },
  "gsk_…GQpc": {
    "blacklisted_until": 1781845362.7087586
  },
  "gsk_…M2TI": {
    "blacklisted_until": 1781845362.7986038
  },
  "gsk_…HF8S": {
    "blacklisted_until": 1781845362.8921845
  },
  "gsk_…PxXM": {
    "blacklisted_until": 1781845362.9839878
  },
  "gsk_…JOK1": {
    "blacklisted_until": 1781845394.2972178
  }
}