{
  "gsk_…PxXM": {
    "blacklisted_until": 1782261312.9540815
  },
  "gsk_…bdFd": {
    "blacklisted_until": 1782261313.0390794
  },
  "gsk_…M2TI": {
    "blacklisted_until": 1782261221.5536454
  },
  "gsk_…HF8S": {
    "blacklisted_until": 1782261313.1194875
  }
}