{
  "gsk_…PxXM": {
    "blacklisted_until": 1780362217.8995292
  },
  "gsk_…JOK1": {
    "blacklisted_until": 1780362217.9652364
  },
  "gsk_…HF8S": {
    "blacklisted_until": 1780362217.8344514
  },
  "gsk_…bdFd": {
    "blacklisted_until": 1780362278.0975888
  }
}