{
  "gsk_…PxXM": {
    "blacklisted_until": 1780693941.4293742
  },
  "gsk_…M2TI": {
    "blacklisted_until": 1780693941.1435611
  },
  "gsk_…HF8S": {
    "blacklisted_until": 1780693941.2816494
  },
  "gsk_…bdFd": {
    "blacklisted_until": 1780694001.6187139
  }
}