{
  "gsk_…bdFd": {
    "blacklisted_until": 1780186241.282497
  },
  "gsk_…GQpc": {
    "blacklisted_until": 1780186272.4635952
  },
  "gsk_…M2TI": {
    "blacklisted_until": 1780186272.5420408
  },
  "gsk_…HF8S": {
    "blacklisted_until": 1780186272.6194274
  },
  "gsk_…PxXM": {
    "blacklisted_until": 1780186272.7005742
  },
  "gsk_…JOK1": {
    "blacklisted_until": 1780186272.7752266
  }
}