{
  "gsk_…PxXM": {
    "blacklisted_until": 1781314529.8723643
  },
  "gsk_…bdFd": {
    "blacklisted_until": 1781314449.6426663
  },
  "gsk_…GQpc": {
    "blacklisted_until": 1781314529.6691744
  },
  "gsk_…M2TI": {
    "blacklisted_until": 1781314529.737637
  },
  "gsk_…HF8S": {
    "blacklisted_until": 1781314529.803525
  },
  "gsk_…JOK1": {
    "blacklisted_until": 1781314529.938826
  }
}