{
  "gsk_…bdFd": {
    "blacklisted_until": 1782313295.330562
  },
  "gsk_…PxXM": {
    "blacklisted_until": 1782313295.2445138
  },
  "gsk_…GQpc": {
    "blacklisted_until": 1782313509.434533
  },
  "gsk_…M2TI": {
    "blacklisted_until": 1782313509.5278914
  },
  "gsk_…JOK1": {
    "blacklisted_until": 1782313509.3503456
  },
  "gsk_…HF8S": {
    "blacklisted_until": 1782313509.6591692
  }
}