{
  "gsk_…GQpc": {
    "blacklisted_until": 1782187879.3467572
  },
  "gsk_…M2TI": {
    "blacklisted_until": 1782187879.4259422
  },
  "gsk_…HF8S": {
    "blacklisted_until": 1782187879.4907475
  },
  "gsk_…PxXM": {
    "blacklisted_until": 1782187879.5558078
  },
  "gsk_…bdFd": {
    "blacklisted_until": 1782187879.629107
  },
  "gsk_…JOK1": {
    "blacklisted_until": 1782187879.7026494
  }
}