{
  "gsk_…bdFd": {
    "blacklisted_until": 1781747511.244931
  },
  "gsk_…PxXM": {
    "blacklisted_until": 1781747511.3742175
  },
  "gsk_…GQpc": {
    "blacklisted_until": 1781747602.7691817
  },
  "gsk_…M2TI": {
    "blacklisted_until": 1781747602.9034743
  },
  "gsk_…HF8S": {
    "blacklisted_until": 1781747603.0243154
  },
  "gsk_…JOK1": {
    "blacklisted_until": 1781747603.1398215
  }
}