{
  "gsk_…JOK1": {
    "blacklisted_until": 1779935699.226624
  },
  "gsk_…GQpc": {
    "blacklisted_until": 1779935699.2918205
  },
  "gsk_…M2TI": {
    "blacklisted_until": 1779935699.361246
  },
  "gsk_…HF8S": {
    "blacklisted_until": 1779935699.4273217
  }
}