{
  "gsk_…JOK1": {
    "blacklisted_until": 1782048018.0034995
  },
  "gsk_…GQpc": {
    "blacklisted_until": 1782048018.1587574
  },
  "gsk_…M2TI": {
    "blacklisted_until": 1782048018.2489858
  },
  "gsk_…HF8S": {
    "blacklisted_until": 1782048018.3416746
  },
  "gsk_…bdFd": {
    "blacklisted_until": 1782048153.8322349
  },
  "gsk_…PxXM": {
    "blacklisted_until": 1782048153.922022
  }
}