{
  "gsk_…GQpc": {
    "blacklisted_until": 1780776638.315802
  },
  "gsk_…M2TI": {
    "blacklisted_until": 1780776638.3842587
  },
  "gsk_…HF8S": {
    "blacklisted_until": 1780776698.4582622
  },
  "gsk_…PxXM": {
    "blacklisted_until": 1780776698.5258172
  },
  "gsk_…bdFd": {
    "blacklisted_until": 1780776698.6024365
  },
  "gsk_…JOK1": {
    "blacklisted_until": 1780776742.5564885
  }
}