{
  "gsk_…PxXM": {
    "blacklisted_until": 1780984745.1187391
  },
  "gsk_…bdFd": {
    "blacklisted_until": 1780984745.185572
  },
  "gsk_…GQpc": {
    "blacklisted_until": 1780984745.3179438
  },
  "gsk_…M2TI": {
    "blacklisted_until": 1780984745.3811526
  },
  "gsk_…HF8S": {
    "blacklisted_until": 1780984745.4462137
  },
  "gsk_…JOK1": {
    "blacklisted_until": 1780984745.2529805
  }
}