{
  "gsk_…bdFd": {
    "blacklisted_until": 1782177147.266159
  },
  "gsk_…JOK1": {
    "blacklisted_until": 1782177207.3472192
  },
  "gsk_…GQpc": {
    "blacklisted_until": 1782177207.4205556
  },
  "gsk_…M2TI": {
    "blacklisted_until": 1782177207.4860284
  },
  "gsk_…HF8S": {
    "blacklisted_until": 1782177207.556462
  },
  "gsk_…PxXM": {
    "blacklisted_until": 1782177207.6212506
  }
}