{
  "gsk_…PxXM": {
    "blacklisted_until": 1781521958.2819192
  },
  "gsk_…bdFd": {
    "blacklisted_until": 1781521958.2064438
  },
  "gsk_…GQpc": {
    "blacklisted_until": 1781522049.5800016
  },
  "gsk_…M2TI": {
    "blacklisted_until": 1781522049.6332815
  },
  "gsk_…HF8S": {
    "blacklisted_until": 1781522049.7155094
  },
  "gsk_…JOK1": {
    "blacklisted_until": 1781522049.7875283
  }
}