{
  "gsk_…bdFd": {
    "blacklisted_until": 1781239687.1496499
  },
  "gsk_…GQpc": {
    "blacklisted_until": 1781239718.2166777
  },
  "gsk_…M2TI": {
    "blacklisted_until": 1781239718.2925906
  },
  "gsk_…HF8S": {
    "blacklisted_until": 1781239718.3890574
  },
  "gsk_…PxXM": {
    "blacklisted_until": 1781239718.4507983
  },
  "gsk_…JOK1": {
    "blacklisted_until": 1781239718.5314415
  }
}