{
  "gsk_…M2TI": {
    "blacklisted_until": 1781231110.1613386
  },
  "gsk_…PxXM": {
    "blacklisted_until": 1781231141.3095543
  },
  "gsk_…bdFd": {
    "blacklisted_until": 1781231141.4781952
  },
  "gsk_…JOK1": {
    "blacklisted_until": 1781231141.571081
  },
  "gsk_…GQpc": {
    "blacklisted_until": 1781231141.711141
  },
  "gsk_…HF8S": {
    "blacklisted_until": 1781231141.8537643
  }
}