{
  "gsk_…M2TI": {
    "blacklisted_until": 1780772561.3243752
  },
  "gsk_…PxXM": {
    "blacklisted_until": 1780772561.0520227
  },
  "gsk_…bdFd": {
    "blacklisted_until": 1780772561.1180048
  },
  "gsk_…JOK1": {
    "blacklisted_until": 1780772561.1826708
  },
  "gsk_…GQpc": {
    "blacklisted_until": 1780772561.2488687
  },
  "gsk_…HF8S": {
    "blacklisted_until": 1780772560.9840262
  }
}