{
  "gsk_…JOK1": {
    "blacklisted_until": 1781731642.794014
  },
  "gsk_…GQpc": {
    "blacklisted_until": 1781731642.914173
  },
  "gsk_…bdFd": {
    "blacklisted_until": 1781732012.0858874
  }
}