{
  "gsk_…JOK1": {
    "blacklisted_until": 1781962660.9423058
  },
  "gsk_…HF8S": {
    "blacklisted_until": 1781962660.7958348
  },
  "gsk_…bdFd": {
    "blacklisted_until": 1781962629.1207228
  },
  "gsk_…M2TI": {
    "blacklisted_until": 1781962660.7277653
  },
  "gsk_…PxXM": {
    "blacklisted_until": 1781962660.8704152
  },
  "gsk_…GQpc": {
    "blacklisted_until": 1781962661.0067863
  }
}