{
  "gsk_…bdFd": {
    "blacklisted_until": 1781692165.7931175
  },
  "gsk_…PxXM": {
    "blacklisted_until": 1781692165.9100208
  },
  "gsk_…GQpc": {
    "blacklisted_until": 1781692227.810379
  },
  "gsk_…M2TI": {
    "blacklisted_until": 1781692227.9086158
  },
  "gsk_…HF8S": {
    "blacklisted_until": 1781692228.0017402
  },
  "gsk_…JOK1": {
    "blacklisted_until": 1781692228.097456
  }
}