{
  "gsk_…HF8S": {
    "blacklisted_until": 1780411675.871855
  },
  "gsk_…PxXM": {
    "blacklisted_until": 1780411675.9445736
  },
  "gsk_…bdFd": {
    "blacklisted_until": 1780411676.0237806
  }
}