{
  "gsk_…bdFd": {
    "blacklisted_until": 1782094208.7381072
  },
  "gsk_…JOK1": {
    "blacklisted_until": 1782094268.8756416
  },
  "gsk_…GQpc": {
    "blacklisted_until": 1782094268.941837
  },
  "gsk_…M2TI": {
    "blacklisted_until": 1782094269.0760288
  },
  "gsk_…HF8S": {
    "blacklisted_until": 1782094269.148198
  },
  "gsk_…PxXM": {
    "blacklisted_until": 1782094269.2145956
  }
}