{
  "gsk_…GQpc": {
    "blacklisted_until": 1780569461.5314388
  },
  "gsk_…M2TI": {
    "blacklisted_until": 1780569461.59682
  },
  "gsk_…HF8S": {
    "blacklisted_until": 1780569582.6725864
  },
  "gsk_…JOK1": {
    "blacklisted_until": 1780569584.296866
  }
}