{
  "gsk_…JOK1": {
    "blacklisted_until": 1780074333.1339319
  },
  "gsk_…bdFd": {
    "blacklisted_until": 1780074274.834087
  },
  "gsk_…GQpc": {
    "blacklisted_until": 1780074423.5693839
  },
  "gsk_…M2TI": {
    "blacklisted_until": 1780074423.6808841
  },
  "gsk_…HF8S": {
    "blacklisted_until": 1780074122.697819
  },
  "gsk_…PxXM": {
    "blacklisted_until": 1780074122.7749195
  }
}