{
  "gsk_…PxXM": {
    "blacklisted_until": 1781708298.5001295
  },
  "gsk_…bdFd": {
    "blacklisted_until": 1781708299.0879188
  },
  "gsk_…GQpc": {
    "blacklisted_until": 1781708547.1100183
  },
  "gsk_…M2TI": {
    "blacklisted_until": 1781708548.448142
  },
  "gsk_…JOK1": {
    "blacklisted_until": 1781708551.7874353
  }
}