{
  "gsk_…PxXM": {
    "blacklisted_until": 1779940413.9405396
  },
  "gsk_…bdFd": {
    "blacklisted_until": 1779940414.0009918
  },
  "gsk_…M2TI": {
    "blacklisted_until": 1779940599.6990907
  }
}