{
  "gsk_…GQpc": {
    "blacklisted_until": 1779587452.6141453
  },
  "gsk_…M2TI": {
    "blacklisted_until": 1779587452.6796353
  },
  "gsk_…PxXM": {
    "blacklisted_until": 1779587454.304661
  },
  "gsk_…bdFd": {
    "blacklisted_until": 1779587454.3689327
  },
  "gsk_…HF8S": {
    "blacklisted_until": 1779587456.209015
  },
  "gsk_…JOK1": {
    "blacklisted_until": 1779587494.635538
  }
}