{
  "gsk_…M2TI": {
    "blacklisted_until": 1781248279.1575255
  },
  "gsk_…PxXM": {
    "blacklisted_until": 1781248339.2777143
  },
  "gsk_…bdFd": {
    "blacklisted_until": 1781248339.3419833
  },
  "gsk_…JOK1": {
    "blacklisted_until": 1781248339.4348738
  },
  "gsk_…GQpc": {
    "blacklisted_until": 1781248339.5111437
  },
  "gsk_…HF8S": {
    "blacklisted_until": 1781248399.600632
  }
}