{
  "gsk_…bdFd": {
    "blacklisted_until": 1781878039.2810733
  },
  "gsk_…M2TI": {
    "blacklisted_until": 1781878102.1448867
  },
  "gsk_…HF8S": {
    "blacklisted_until": 1781878102.2251942
  },
  "gsk_…PxXM": {
    "blacklisted_until": 1781878102.3011248
  },
  "gsk_…JOK1": {
    "blacklisted_until": 1781878102.3966007
  },
  "gsk_…GQpc": {
    "blacklisted_until": 1781878102.4874406
  }
}