{
  "gsk_…GQpc": {
    "blacklisted_until": 1781041386.5779185
  },
  "gsk_…M2TI": {
    "blacklisted_until": 1781041386.6459596
  },
  "gsk_…JOK1": {
    "blacklisted_until": 1781041386.7119548
  },
  "gsk_…bdFd": {
    "blacklisted_until": 1781041451.1276762
  },
  "gsk_…HF8S": {
    "blacklisted_until": 1781041451.1972895
  },
  "gsk_…PxXM": {
    "blacklisted_until": 1781041451.261326
  }
}