{
  "gsk_…GQpc": {
    "blacklisted_until": 1781068959.3738558
  },
  "gsk_…M2TI": {
    "blacklisted_until": 1781068959.4455326
  },
  "gsk_…HF8S": {
    "blacklisted_until": 1781068959.5144675
  },
  "gsk_…PxXM": {
    "blacklisted_until": 1781068959.5861752
  },
  "gsk_…JOK1": {
    "blacklisted_until": 1781068959.6522205
  }
}