{
  "gsk_…JOK1": {
    "blacklisted_until": 1781527598.8788347
  },
  "gsk_…PxXM": {
    "blacklisted_until": 1781527567.6260443
  },
  "gsk_…bdFd": {
    "blacklisted_until": 1781527567.696081
  },
  "gsk_…GQpc": {
    "blacklisted_until": 1781527598.7361016
  },
  "gsk_…HF8S": {
    "blacklisted_until": 1781527598.8080978
  }
}