{
  "gsk_…PxXM": {
    "blacklisted_until": 1780323906.9092844
  },
  "gsk_…bdFd": {
    "blacklisted_until": 1780323966.9827182
  },
  "gsk_…GQpc": {
    "blacklisted_until": 1780324027.0492897
  },
  "gsk_…M2TI": {
    "blacklisted_until": 1780324027.144314
  },
  "gsk_…HF8S": {
    "blacklisted_until": 1780324087.2129567
  },
  "gsk_…JOK1": {
    "blacklisted_until": 1780324087.2825632
  }
}