{
  "gsk_…JOK1": {
    "blacklisted_until": 1782226919.4780924
  },
  "gsk_…GQpc": {
    "blacklisted_until": 1782226919.559131
  },
  "gsk_…M2TI": {
    "blacklisted_until": 1782226919.6401703
  },
  "gsk_…HF8S": {
    "blacklisted_until": 1782226919.7234156
  },
  "gsk_…PxXM": {
    "blacklisted_until": 1782226919.801241
  }
}