{
  "gsk_…PxXM": {
    "blacklisted_until": 1780316256.6300516
  },
  "gsk_…bdFd": {
    "blacklisted_until": 1780316256.7058425
  },
  "gsk_…JOK1": {
    "blacklisted_until": 1780316316.7729886
  },
  "gsk_…GQpc": {
    "blacklisted_until": 1780316316.838543
  },
  "gsk_…HF8S": {
    "blacklisted_until": 1780316316.9014351
  },
  "gsk_…M2TI": {
    "blacklisted_until": 1780316469.0937917
  }
}