{
  "gsk_…GQpc": {
    "blacklisted_until": 1782267985.126383
  },
  "gsk_…M2TI": {
    "blacklisted_until": 1782267985.2114608
  },
  "gsk_…JOK1": {
    "blacklisted_until": 1782267985.2941084
  }
}