{
  "gsk_…bdFd": {
    "blacklisted_until": 1780607027.1899474
  },
  "gsk_…GQpc": {
    "blacklisted_until": 1780607118.2309537
  },
  "gsk_…M2TI": {
    "blacklisted_until": 1780607118.3515046
  },
  "gsk_…PxXM": {
    "blacklisted_until": 1780607208.9061248
  },
  "gsk_…HF8S": {
    "blacklisted_until": 1780607250.1731887
  },
  "gsk_…JOK1": {
    "blacklisted_until": 1780607250.2812507
  }
}