{
  "gsk_…GQpc": {
    "blacklisted_until": 1781926616.0755405
  },
  "gsk_…M2TI": {
    "blacklisted_until": 1781926616.1514566
  },
  "gsk_…HF8S": {
    "blacklisted_until": 1781926676.2374463
  },
  "gsk_…PxXM": {
    "blacklisted_until": 1781926676.3177629
  },
  "gsk_…JOK1": {
    "blacklisted_until": 1781926729.5720294
  }
}