{
  "gsk_…GQpc": {
    "blacklisted_until": 1780830703.4800022
  },
  "gsk_…M2TI": {
    "blacklisted_until": 1780830703.5615509
  },
  "gsk_…JOK1": {
    "blacklisted_until": 1780830703.6378956
  },
  "gsk_…HF8S": {
    "blacklisted_until": 1780830763.7280016
  },
  "gsk_…PxXM": {
    "blacklisted_until": 1780830763.8070524
  },
  "gsk_…bdFd": {
    "blacklisted_until": 1780830823.898756
  }
}