{
  "gsk_…HF8S": {
    "blacklisted_until": 1781490728.1612556
  },
  "gsk_…JOK1": {
    "blacklisted_until": 1781490506.7665985
  },
  "gsk_…M2TI": {
    "blacklisted_until": 1781490727.8976219
  },
  "gsk_…bdFd": {
    "blacklisted_until": 1781490728.2982914
  },
  "gsk_…GQpc": {
    "blacklisted_until": 1781490728.4371026
  }
}