{
  "gsk_…GQpc": {
    "blacklisted_until": 1781236444.9886398
  },
  "gsk_…M2TI": {
    "blacklisted_until": 1781236705.946532
  }
}