{
  "gsk_…GQpc": {
    "blacklisted_until": 1781003374.5096297
  },
  "gsk_…M2TI": {
    "blacklisted_until": 1781003374.574459
  },
  "gsk_…JOK1": {
    "blacklisted_until": 1781003374.6491816
  },
  "gsk_…HF8S": {
    "blacklisted_until": 1781003434.7249696
  },
  "gsk_…PxXM": {
    "blacklisted_until": 1781003494.7972736
  },
  "gsk_…bdFd": {
    "blacklisted_until": 1781003494.8669066
  }
}