{
  "gsk_…HF8S": {
    "blacklisted_until": 1781624180.4900465
  },
  "gsk_…PxXM": {
    "blacklisted_until": 1781624180.5604806
  },
  "gsk_…bdFd": {
    "blacklisted_until": 1781624180.6258695
  },
  "gsk_…JOK1": {
    "blacklisted_until": 1781624180.692453
  },
  "gsk_…GQpc": {
    "blacklisted_until": 1781624180.783158
  }
}