{
  "gsk_…PxXM": {
    "blacklisted_until": 1781199502.0505881
  },
  "gsk_…bdFd": {
    "blacklisted_until": 1781199502.2045264
  },
  "gsk_…GQpc": {
    "blacklisted_until": 1781199411.0727952
  },
  "gsk_…HF8S": {
    "blacklisted_until": 1781199501.8913803
  },
  "gsk_…M2TI": {
    "blacklisted_until": 1781199320.147945
  },
  "gsk_…JOK1": {
    "blacklisted_until": 1781199320.3140862
  }
}