{
  "gsk_…bdFd": {
    "blacklisted_until": 1779987684.5545166
  },
  "gsk_…PxXM": {
    "blacklisted_until": 1779987684.6433413
  },
  "gsk_…JOK1": {
    "blacklisted_until": 1779987744.73809
  },
  "gsk_…GQpc": {
    "blacklisted_until": 1779987744.8130116
  },
  "gsk_…M2TI": {
    "blacklisted_until": 1779987744.887391
  },
  "gsk_…HF8S": {
    "blacklisted_until": 1779987804.9838512
  }
}