{
  "gsk_…PxXM": {
    "blacklisted_until": 1781078744.654045
  },
  "gsk_…bdFd": {
    "blacklisted_until": 1781078744.7302983
  },
  "gsk_…JOK1": {
    "blacklisted_until": 1781078744.8270304
  },
  "gsk_…GQpc": {
    "blacklisted_until": 1781078744.9844368
  },
  "gsk_…M2TI": {
    "blacklisted_until": 1781078745.0635214
  },
  "gsk_…HF8S": {
    "blacklisted_until": 1781078745.1386304
  }
}