{
  "gsk_…bdFd": {
    "blacklisted_until": 1781656217.0663362
  },
  "gsk_…M2TI": {
    "blacklisted_until": 1781656246.2167037
  },
  "gsk_…HF8S": {
    "blacklisted_until": 1781656246.3032832
  },
  "gsk_…JOK1": {
    "blacklisted_until": 1781656306.3600056
  },
  "gsk_…GQpc": {
    "blacklisted_until": 1781656306.4320433
  },
  "gsk_…PxXM": {
    "blacklisted_until": 1781656426.5175824
  }
}