{
  "gsk_…M2TI": {
    "blacklisted_until": 1781964047.7940242
  },
  "gsk_…PxXM": {
    "blacklisted_until": 1781964138.9291315
  },
  "gsk_…bdFd": {
    "blacklisted_until": 1781964138.9948761
  },
  "gsk_…JOK1": {
    "blacklisted_until": 1781964139.0631475
  },
  "gsk_…GQpc": {
    "blacklisted_until": 1781964139.1287036
  },
  "gsk_…HF8S": {
    "blacklisted_until": 1781964139.19618
  }
}