{
  "gsk_…PxXM": {
    "blacklisted_until": 1781365253.7915275
  },
  "gsk_…HF8S": {
    "blacklisted_until": 1781365253.8689075
  },
  "gsk_…bdFd": {
    "blacklisted_until": 1781365313.9505477
  },
  "gsk_…JOK1": {
    "blacklisted_until": 1781365407.1962125
  },
  "gsk_…GQpc": {
    "blacklisted_until": 1781365407.276991
  },
  "gsk_…M2TI": {
    "blacklisted_until": 1781365467.3560822
  }
}