{
  "gsk_…bdFd": {
    "blacklisted_until": 1782062079.0498655
  },
  "gsk_…M2TI": {
    "blacklisted_until": 1782062170.2365375
  },
  "gsk_…GQpc": {
    "blacklisted_until": 1782062170.329798
  }
}