{
  "gsk_…JOK1": {
    "blacklisted_until": 1780997762.5072222
  },
  "gsk_…GQpc": {
    "blacklisted_until": 1780997461.2183146
  },
  "gsk_…M2TI": {
    "blacklisted_until": 1780997461.2832994
  },
  "gsk_…HF8S": {
    "blacklisted_until": 1780997521.4322686
  },
  "gsk_…PxXM": {
    "blacklisted_until": 1780997671.9685051
  },
  "gsk_…bdFd": {
    "blacklisted_until": 1780997672.0351186
  }
}