{
  "gsk_…bdFd": {
    "blacklisted_until": 1781777866.2797248
  },
  "gsk_…GQpc": {
    "blacklisted_until": 1781777957.5325034
  },
  "gsk_…PxXM": {
    "blacklisted_until": 1781777957.5973947
  },
  "gsk_…JOK1": {
    "blacklisted_until": 1781777957.6611805
  },
  "gsk_…M2TI": {
    "blacklisted_until": 1781778017.7407918
  },
  "gsk_…HF8S": {
    "blacklisted_until": 1781778017.8101838
  }
}