{
  "gsk_…HF8S": {
    "blacklisted_until": 1782302542.9515975
  },
  "gsk_…PxXM": {
    "blacklisted_until": 1782302543.0356317
  },
  "gsk_…bdFd": {
    "blacklisted_until": 1782302543.1220558
  },
  "gsk_…JOK1": {
    "blacklisted_until": 1782302603.2019372
  },
  "gsk_…GQpc": {
    "blacklisted_until": 1782302603.2841134
  },
  "gsk_…M2TI": {
    "blacklisted_until": 1782302603.3683074
  }
}