{
  "gsk_…JOK1": {
    "blacklisted_until": 1780665497.4285367
  },
  "gsk_…GQpc": {
    "blacklisted_until": 1780665497.5395033
  },
  "gsk_…M2TI": {
    "blacklisted_until": 1780665497.6581993
  },
  "gsk_…PxXM": {
    "blacklisted_until": 1780665680.1439095
  },
  "gsk_…bdFd": {
    "blacklisted_until": 1780665680.2384777
  },
  "gsk_…HF8S": {
    "blacklisted_until": 1780665680.313701
  }
}