{
  "gsk_…bdFd": {
    "blacklisted_until": 1782143909.3007622
  },
  "gsk_…M2TI": {
    "blacklisted_until": 1782143877.0504885
  },
  "gsk_…GQpc": {
    "blacklisted_until": 1782143909.2191765
  },
  "gsk_…JOK1": {
    "blacklisted_until": 1782143969.3761394
  },
  "gsk_…HF8S": {
    "blacklisted_until": 1782143969.4527495
  },
  "gsk_…PxXM": {
    "blacklisted_until": 1782143969.5225196
  }
}