{
  "gsk_…JOK1": {
    "blacklisted_until": 1781572062.0030038
  },
  "gsk_…GQpc": {
    "blacklisted_until": 1781572062.0850391
  },
  "gsk_…M2TI": {
    "blacklisted_until": 1781572062.152159
  },
  "gsk_…PxXM": {
    "blacklisted_until": 1781572153.4472837
  },
  "gsk_…bdFd": {
    "blacklisted_until": 1781572153.5186627
  },
  "gsk_…HF8S": {
    "blacklisted_until": 1781572153.5904355
  }
}