{
  "gsk_…JOK1": {
    "blacklisted_until": 1781536838.8076544
  },
  "gsk_…bdFd": {
    "blacklisted_until": 1781536654.219031
  },
  "gsk_…HF8S": {
    "blacklisted_until": 1781536838.646419
  },
  "gsk_…PxXM": {
    "blacklisted_until": 1781536838.708704
  },
  "gsk_…GQpc": {
    "blacklisted_until": 1781536838.892229
  },
  "gsk_…M2TI": {
    "blacklisted_until": 1781536839.0018358
  }
}