{
  "gsk_…HF8S": {
    "blacklisted_until": 1781567829.863355
  },
  "gsk_…PxXM": {
    "blacklisted_until": 1781567889.937215
  },
  "gsk_…bdFd": {
    "blacklisted_until": 1781567890.006339
  },
  "gsk_…JOK1": {
    "blacklisted_until": 1781568040.8883753
  },
  "gsk_…GQpc": {
    "blacklisted_until": 1781568040.9573627
  },
  "gsk_…M2TI": {
    "blacklisted_until": 1781568041.019836
  }
}