{
  "gsk_…HF8S": {
    "blacklisted_until": 1781230106.025993
  },
  "gsk_…PxXM": {
    "blacklisted_until": 1781230073.0187118
  },
  "gsk_…bdFd": {
    "blacklisted_until": 1781230408.8553798
  },
  "gsk_…JOK1": {
    "blacklisted_until": 1781230106.1673892
  },
  "gsk_…GQpc": {
    "blacklisted_until": 1781230105.882467
  },
  "gsk_…M2TI": {
    "blacklisted_until": 1781230105.9484406
  }
}