{
  "gsk_…GQpc": {
    "blacklisted_until": 1782188648.3820758
  },
  "gsk_…M2TI": {
    "blacklisted_until": 1782188648.4465082
  },
  "gsk_…HF8S": {
    "blacklisted_until": 1782188648.517701
  },
  "gsk_…PxXM": {
    "blacklisted_until": 1782188648.5862434
  },
  "gsk_…bdFd": {
    "blacklisted_until": 1782188648.236661
  },
  "gsk_…JOK1": {
    "blacklisted_until": 1782188648.3086586
  }
}