{
  "gsk_…M2TI": {
    "blacklisted_until": 1781839926.5126274
  },
  "gsk_…HF8S": {
    "blacklisted_until": 1781839986.6069236
  },
  "gsk_…PxXM": {
    "blacklisted_until": 1781839986.6991494
  },
  "gsk_…bdFd": {
    "blacklisted_until": 1781839986.7947562
  },
  "gsk_…GQpc": {
    "blacklisted_until": 1781840057.0887296
  },
  "gsk_…JOK1": {
    "blacklisted_until": 1781840057.1835945
  }
}