{
  "gsk_…JOK1": {
    "blacklisted_until": 1781201429.1552882
  },
  "gsk_…GQpc": {
    "blacklisted_until": 1781201429.309818
  },
  "gsk_…M2TI": {
    "blacklisted_until": 1781201429.4813292
  },
  "gsk_…PxXM": {
    "blacklisted_until": 1781201521.034646
  },
  "gsk_…bdFd": {
    "blacklisted_until": 1781201521.2023604
  },
  "gsk_…HF8S": {
    "blacklisted_until": 1781201521.356193
  }
}