{
  "gsk_…PxXM": {
    "blacklisted_until": 1780151568.17057
  },
  "gsk_…bdFd": {
    "blacklisted_until": 1780151567.8491538
  },
  "gsk_…GQpc": {
    "blacklisted_until": 1780151567.9758427
  },
  "gsk_…M2TI": {
    "blacklisted_until": 1780151568.0425794
  },
  "gsk_…HF8S": {
    "blacklisted_until": 1780151568.1071756
  },
  "gsk_…JOK1": {
    "blacklisted_until": 1780151567.912151
  }
}