{
  "gsk_…bdFd": {
    "blacklisted_until": 1780235229.3494935
  },
  "gsk_…JOK1": {
    "blacklisted_until": 1780235229.4150007
  },
  "gsk_…GQpc": {
    "blacklisted_until": 1780235229.4828482
  },
  "gsk_…M2TI": {
    "blacklisted_until": 1780235229.5541484
  },
  "gsk_…HF8S": {
    "blacklisted_until": 1780235229.6303701
  }
}