{
  "gsk_…JOK1": {
    "blacklisted_until": 1781325729.9455364
  },
  "gsk_…GQpc": {
    "blacklisted_until": 1781325730.012466
  },
  "gsk_…M2TI": {
    "blacklisted_until": 1781325730.083609
  },
  "gsk_…HF8S": {
    "blacklisted_until": 1781325730.1494591
  },
  "gsk_…PxXM": {
    "blacklisted_until": 1781325912.2535303
  },
  "gsk_…bdFd": {
    "blacklisted_until": 1781325936.3979852
  }
}