{
  "gsk_…bdFd": {
    "blacklisted_until": 1779936589.7633407
  },
  "gsk_…PxXM": {
    "blacklisted_until": 1779936589.7007222
  },
  "gsk_…GQpc": {
    "blacklisted_until": 1779936710.6575682
  },
  "gsk_…M2TI": {
    "blacklisted_until": 1779936710.7211416
  },
  "gsk_…HF8S": {
    "blacklisted_until": 1779936710.782999
  },
  "gsk_…JOK1": {
    "blacklisted_until": 1779936710.8435774
  }
}