{
  "gsk_…PxXM": {
    "blacklisted_until": 1782064081.8472564
  },
  "gsk_…JOK1": {
    "blacklisted_until": 1782064081.939543
  },
  "gsk_…HF8S": {
    "blacklisted_until": 1782064082.0303304
  },
  "gsk_…bdFd": {
    "blacklisted_until": 1782064142.166416
  },
  "gsk_…GQpc": {
    "blacklisted_until": 1782064142.2628694
  },
  "gsk_…M2TI": {
    "blacklisted_until": 1782064142.3711135
  }
}