{
  "gsk_…M2TI": {
    "blacklisted_until": 1781374974.4286659
  },
  "gsk_…JOK1": {
    "blacklisted_until": 1781375034.510532
  },
  "gsk_…HF8S": {
    "blacklisted_until": 1781375172.25601
  },
  "gsk_…PxXM": {
    "blacklisted_until": 1781375172.3339233
  },
  "gsk_…bdFd": {
    "blacklisted_until": 1781375172.4101064
  }
}