{
  "gsk_…JOK1": {
    "blacklisted_until": 1780879362.850603
  },
  "gsk_…GQpc": {
    "blacklisted_until": 1780879362.956894
  },
  "gsk_…M2TI": {
    "blacklisted_until": 1780879363.102043
  },
  "gsk_…HF8S": {
    "blacklisted_until": 1780879423.209368
  }
}