{
  "gsk_…HF8S": {
    "blacklisted_until": 1780873826.8040147
  },
  "gsk_…JOK1": {
    "blacklisted_until": 1780873826.5882397
  },
  "gsk_…M2TI": {
    "blacklisted_until": 1780873795.6226788
  },
  "gsk_…GQpc": {
    "blacklisted_until": 1780873826.7020545
  },
  "gsk_…PxXM": {
    "blacklisted_until": 1780873886.909841
  },
  "gsk_…bdFd": {
    "blacklisted_until": 1780873887.0079
  }
}