{
  "gsk_…HF8S": {
    "blacklisted_until": 1782143359.0048275
  },
  "gsk_…PxXM": {
    "blacklisted_until": 1782143359.0793216
  },
  "gsk_…JOK1": {
    "blacklisted_until": 1782143359.1442652
  },
  "gsk_…GQpc": {
    "blacklisted_until": 1782143509.8184886
  },
  "gsk_…M2TI": {
    "blacklisted_until": 1782143509.890796
  },
  "gsk_…bdFd": {
    "blacklisted_until": 1782143569.9648514
  }
}