{
  "gsk_…PxXM": {
    "blacklisted_until": 1781521621.6923325
  },
  "gsk_…bdFd": {
    "blacklisted_until": 1781521621.77446
  },
  "gsk_…JOK1": {
    "blacklisted_until": 1781521681.8699408
  },
  "gsk_…GQpc": {
    "blacklisted_until": 1781521681.9420512
  },
  "gsk_…M2TI": {
    "blacklisted_until": 1781521682.02494
  },
  "gsk_…HF8S": {
    "blacklisted_until": 1781521682.0840597
  }
}