{
  "gsk_…PxXM": {
    "blacklisted_until": 1779933667.914362
  },
  "gsk_…bdFd": {
    "blacklisted_until": 1779933667.9817195
  },
  "gsk_…GQpc": {
    "blacklisted_until": 1779933759.317153
  },
  "gsk_…M2TI": {
    "blacklisted_until": 1779933759.3798995
  }
}