{
  "gsk_…HF8S": {
    "blacklisted_until": 1780572175.4400184
  },
  "gsk_…JOK1": {
    "blacklisted_until": 1780572175.3721025
  },
  "gsk_…M2TI": {
    "blacklisted_until": 1780572054.1752255
  },
  "gsk_…GQpc": {
    "blacklisted_until": 1780572054.2384276
  },
  "gsk_…PxXM": {
    "blacklisted_until": 1780572235.539046
  },
  "gsk_…bdFd": {
    "blacklisted_until": 1780572235.6107416
  }
}