{
  "gsk_…PxXM": {
    "blacklisted_until": 1782311641.4828656
  },
  "gsk_…bdFd": {
    "blacklisted_until": 1782311641.5715392
  },
  "gsk_…HF8S": {
    "blacklisted_until": 1782311718.0165539
  },
  "gsk_…JOK1": {
    "blacklisted_until": 1782311718.0942755
  },
  "gsk_…GQpc": {
    "blacklisted_until": 1782311868.9586124
  },
  "gsk_…M2TI": {
    "blacklisted_until": 1782311869.0406756
  }
}