{
  "gsk_…JOK1": {
    "blacklisted_until": 1780412552.6359875
  },
  "gsk_…GQpc": {
    "blacklisted_until": 1780412552.7288287
  },
  "gsk_…M2TI": {
    "blacklisted_until": 1780412552.8226612
  },
  "gsk_…HF8S": {
    "blacklisted_until": 1780412703.8030663
  },
  "gsk_…PxXM": {
    "blacklisted_until": 1780412703.9009101
  },
  "gsk_…bdFd": {
    "blacklisted_until": 1780412704.0068202
  }
}