{
  "gsk_…bdFd": {
    "blacklisted_until": 1780237227.1430013
  },
  "gsk_…PxXM": {
    "blacklisted_until": 1780237227.2081482
  },
  "gsk_…GQpc": {
    "blacklisted_until": 1780237363.0188904
  },
  "gsk_…M2TI": {
    "blacklisted_until": 1780237363.087781
  },
  "gsk_…HF8S": {
    "blacklisted_until": 1780237363.1501732
  },
  "gsk_…JOK1": {
    "blacklisted_until": 1780237363.2141593
  }
}