{
  "gsk_…bdFd": {
    "blacklisted_until": 1781416725.8512168
  },
  "gsk_…PxXM": {
    "blacklisted_until": 1781416725.7901323
  },
  "gsk_…M2TI": {
    "blacklisted_until": 1781416875.726162
  },
  "gsk_…GQpc": {
    "blacklisted_until": 1781416817.118558
  },
  "gsk_…JOK1": {
    "blacklisted_until": 1781416875.650363
  },
  "gsk_…HF8S": {
    "blacklisted_until": 1781416875.797627
  }
}