{
  "gsk_…GQpc": {
    "blacklisted_until": 1782259151.679705
  },
  "gsk_…JOK1": {
    "blacklisted_until": 1782259151.7576008
  },
  "gsk_…M2TI": {
    "blacklisted_until": 1782259211.8358967
  },
  "gsk_…HF8S": {
    "blacklisted_until": 1782259271.916542
  },
  "gsk_…PxXM": {
    "blacklisted_until": 1782259332.0128832
  },
  "gsk_…bdFd": {
    "blacklisted_until": 1782259332.102215
  }
}