{
  "gsk_…PxXM": {
    "blacklisted_until": 1782383207.2668881
  },
  "gsk_…bdFd": {
    "blacklisted_until": 1782383207.3350575
  },
  "gsk_…JOK1": {
    "blacklisted_until": 1782383207.4049273
  },
  "gsk_…GQpc": {
    "blacklisted_until": 1782383207.471616
  },
  "gsk_…M2TI": {
    "blacklisted_until": 1782383207.5386055
  },
  "gsk_…HF8S": {
    "blacklisted_until": 1782383207.6054108
  }
}