{
  "gsk_…HF8S": {
    "blacklisted_until": 1782297465.8512418
  },
  "gsk_…PxXM": {
    "blacklisted_until": 1782297465.9337292
  },
  "gsk_…bdFd": {
    "blacklisted_until": 1782297466.012289
  },
  "gsk_…JOK1": {
    "blacklisted_until": 1782297616.795918
  },
  "gsk_…GQpc": {
    "blacklisted_until": 1782297616.8813722
  },
  "gsk_…M2TI": {
    "blacklisted_until": 1782297616.9630427
  }
}