{
  "gsk_…JOK1": {
    "blacklisted_until": 1780036995.0896304
  },
  "gsk_…GQpc": {
    "blacklisted_until": 1780037055.1959584
  },
  "gsk_…M2TI": {
    "blacklisted_until": 1780037055.2606006
  },
  "gsk_…PxXM": {
    "blacklisted_until": 1780058222.2270863
  },
  "gsk_…bdFd": {
    "blacklisted_until": 1780058222.307806
  },
  "gsk_…HF8S": {
    "blacklisted_until": 1780037178.070134
  }
}