{
  "gsk_…M2TI": {
    "blacklisted_until": 1780783821.2424872
  },
  "gsk_…HF8S": {
    "blacklisted_until": 1780783821.3081193
  },
  "gsk_…PxXM": {
    "blacklisted_until": 1780783821.3799093
  },
  "gsk_…bdFd": {
    "blacklisted_until": 1780783821.44867
  },
  "gsk_…JOK1": {
    "blacklisted_until": 1780783821.517173
  },
  "gsk_…GQpc": {
    "blacklisted_until": 1780784031.9694963
  }
}