{
  "gsk_…GQpc": {
    "blacklisted_until": 1780952768.2530499
  },
  "gsk_…M2TI": {
    "blacklisted_until": 1780952828.5467653
  },
  "gsk_…HF8S": {
    "blacklisted_until": 1780952828.6568246
  },
  "gsk_…JOK1": {
    "blacklisted_until": 1780952828.7636497
  },
  "gsk_…bdFd": {
    "blacklisted_until": 1780953071.8813317
  }
}