{
  "gsk_…M2TI": {
    "blacklisted_until": 1782182407.1986868
  },
  "gsk_…GQpc": {
    "blacklisted_until": 1782182407.2707753
  },
  "gsk_…bdFd": {
    "blacklisted_until": 1782182498.5890353
  },
  "gsk_…PxXM": {
    "blacklisted_until": 1782182498.5197408
  },
  "gsk_…JOK1": {
    "blacklisted_until": 1782182498.6558762
  },
  "gsk_…HF8S": {
    "blacklisted_until": 1782182498.7250338
  }
}