{
  "gsk_…GQpc": {
    "blacklisted_until": 1780238362.1439302
  },
  "gsk_…M2TI": {
    "blacklisted_until": 1780238362.2120373
  },
  "gsk_…HF8S": {
    "blacklisted_until": 1780238362.2785454
  },
  "gsk_…JOK1": {
    "blacklisted_until": 1780238362.0713575
  },
  "gsk_…bdFd": {
    "blacklisted_until": 1780238271.616516
  },
  "gsk_…PxXM": {
    "blacklisted_until": 1780238271.6860788
  }
}