{
  "gsk_…M2TI": {
    "blacklisted_until": 1781249864.5534942
  },
  "gsk_…HF8S": {
    "blacklisted_until": 1781249985.8067198
  },
  "gsk_…PxXM": {
    "blacklisted_until": 1781249985.8863792
  },
  "gsk_…bdFd": {
    "blacklisted_until": 1781249986.0210414
  },
  "gsk_…JOK1": {
    "blacklisted_until": 1781249986.1293807
  },
  "gsk_…GQpc": {
    "blacklisted_until": 1781249986.1953177
  }
}