{
  "gsk_…HF8S": {
    "blacklisted_until": 1782266127.8387632
  },
  "gsk_…PxXM": {
    "blacklisted_until": 1782266127.9175754
  },
  "gsk_…bdFd": {
    "blacklisted_until": 1782266127.9969916
  }
}