{
  "gsk_…PxXM": {
    "blacklisted_until": 1781690419.5781097
  },
  "gsk_…bdFd": {
    "blacklisted_until": 1781690438.7598453
  },
  "gsk_…GQpc": {
    "blacklisted_until": 1781690530.4181657
  },
  "gsk_…M2TI": {
    "blacklisted_until": 1781690530.514933
  },
  "gsk_…HF8S": {
    "blacklisted_until": 1781690530.6129296
  },
  "gsk_…JOK1": {
    "blacklisted_until": 1781690530.7318487
  }
}