{
  "gsk_…PxXM": {
    "blacklisted_until": 1780911696.1445584
  },
  "gsk_…bdFd": {
    "blacklisted_until": 1780911696.2121384
  },
  "gsk_…JOK1": {
    "blacklisted_until": 1780911696.2764204
  },
  "gsk_…GQpc": {
    "blacklisted_until": 1780911756.3476527
  },
  "gsk_…M2TI": {
    "blacklisted_until": 1780911756.4120944
  }
}