{
  "gsk_…PxXM": {
    "blacklisted_until": 1779975474.294005
  },
  "gsk_…bdFd": {
    "blacklisted_until": 1779975474.3694158
  },
  "gsk_…JOK1": {
    "blacklisted_until": 1779975534.474016
  },
  "gsk_…GQpc": {
    "blacklisted_until": 1779975534.5723476
  },
  "gsk_…M2TI": {
    "blacklisted_until": 1779975534.7319565
  },
  "gsk_…HF8S": {
    "blacklisted_until": 1779975534.8054817
  }
}