{
  "gsk_…HF8S": {
    "blacklisted_until": 1781233346.9948957
  },
  "gsk_…PxXM": {
    "blacklisted_until": 1781233347.0940423
  },
  "gsk_…bdFd": {
    "blacklisted_until": 1781233347.190618
  },
  "gsk_…JOK1": {
    "blacklisted_until": 1781233347.270607
  },
  "gsk_…GQpc": {
    "blacklisted_until": 1781233588.7354698
  }
}