{
  "gsk_…bdFd": {
    "blacklisted_until": 1780155666.6196017
  },
  "gsk_…GQpc": {
    "blacklisted_until": 1780155757.4600244
  },
  "gsk_…M2TI": {
    "blacklisted_until": 1780155757.5215087
  },
  "gsk_…HF8S": {
    "blacklisted_until": 1780155757.5838904
  },
  "gsk_…PxXM": {
    "blacklisted_until": 1780155757.678675
  },
  "gsk_…JOK1": {
    "blacklisted_until": 1780155757.7478693
  }
}