{
  "gsk_…GQpc": {
    "blacklisted_until": 1781842028.389315
  },
  "gsk_…JOK1": {
    "blacklisted_until": 1781842028.4834585
  },
  "gsk_…M2TI": {
    "blacklisted_until": 1781842270.4360788
  }
}