{
  "gsk_…bdFd": {
    "blacklisted_until": 1781238321.3313375
  },
  "gsk_…JOK1": {
    "blacklisted_until": 1781238321.387734
  },
  "gsk_…M2TI": {
    "blacklisted_until": 1781238321.54351
  },
  "gsk_…HF8S": {
    "blacklisted_until": 1781238321.688559
  },
  "gsk_…PxXM": {
    "blacklisted_until": 1781238321.7802904
  },
  "gsk_…GQpc": {
    "blacklisted_until": 1781238381.899067
  }
}