{
  "gsk_…PxXM": {
    "blacklisted_until": 1779976514.105058
  },
  "gsk_…bdFd": {
    "blacklisted_until": 1779976514.202432
  },
  "gsk_…JOK1": {
    "blacklisted_until": 1779976514.2955396
  },
  "gsk_…GQpc": {
    "blacklisted_until": 1779976514.4548838
  },
  "gsk_…M2TI": {
    "blacklisted_until": 1779976514.612518
  },
  "gsk_…HF8S": {
    "blacklisted_until": 1779976514.7030427
  }
}