{
  "gsk_…GQpc": {
    "blacklisted_until": 1780289847.3340514
  },
  "gsk_…M2TI": {
    "blacklisted_until": 1780289847.4021392
  },
  "gsk_…HF8S": {
    "blacklisted_until": 1780289847.471724
  },
  "gsk_…PxXM": {
    "blacklisted_until": 1780289847.5423317
  },
  "gsk_…bdFd": {
    "blacklisted_until": 1780289847.6103566
  },
  "gsk_…JOK1": {
    "blacklisted_until": 1780289847.6777987
  }
}