{
  "gsk_…bdFd": {
    "blacklisted_until": 1781749834.524476
  },
  "gsk_…PxXM": {
    "blacklisted_until": 1781749834.3983912
  },
  "gsk_…JOK1": {
    "blacklisted_until": 1781749677.181659
  },
  "gsk_…GQpc": {
    "blacklisted_until": 1781749677.3091931
  },
  "gsk_…M2TI": {
    "blacklisted_until": 1781749677.4288888
  },
  "gsk_…HF8S": {
    "blacklisted_until": 1781749742.8725467
  }
}