{
  "gsk_…HF8S": {
    "blacklisted_until": 1781658650.7315388
  },
  "gsk_…PxXM": {
    "blacklisted_until": 1781658710.81431
  },
  "gsk_…bdFd": {
    "blacklisted_until": 1781658770.9276905
  }
}