{
  "gsk_…M2TI": {
    "blacklisted_until": 1781847738.3739753
  },
  "gsk_…PxXM": {
    "blacklisted_until": 1781847920.7378373
  },
  "gsk_…bdFd": {
    "blacklisted_until": 1781847920.8296561
  },
  "gsk_…JOK1": {
    "blacklisted_until": 1781847920.9198406
  },
  "gsk_…GQpc": {
    "blacklisted_until": 1781847921.0108912
  },
  "gsk_…HF8S": {
    "blacklisted_until": 1781847921.1021154
  }
}