{
  "gsk_…GQpc": {
    "blacklisted_until": 1780827118.4737332
  },
  "gsk_…M2TI": {
    "blacklisted_until": 1780827118.5479555
  },
  "gsk_…HF8S": {
    "blacklisted_until": 1780827118.6322746
  },
  "gsk_…PxXM": {
    "blacklisted_until": 1780827118.705083
  },
  "gsk_…JOK1": {
    "blacklisted_until": 1780827118.779101
  }
}