{
  "gsk_…M2TI": {
    "blacklisted_until": 1780065972.1016338
  },
  "gsk_…PxXM": {
    "blacklisted_until": 1780066049.7124822
  },
  "gsk_…GQpc": {
    "blacklisted_until": 1780066051.6711125
  },
  "gsk_…HF8S": {
    "blacklisted_until": 1780066051.738036
  },
  "gsk_…JOK1": {
    "blacklisted_until": 1780066051.8143198
  },
  "gsk_…bdFd": {
    "blacklisted_until": 1780066111.8839347
  }
}