{
  "gsk_…bdFd": {
    "blacklisted_until": 1780156664.0260835
  },
  "gsk_…JOK1": {
    "blacklisted_until": 1780156724.09603
  },
  "gsk_…M2TI": {
    "blacklisted_until": 1780156755.0249183
  },
  "gsk_…PxXM": {
    "blacklisted_until": 1780156794.2022066
  },
  "gsk_…GQpc": {
    "blacklisted_until": 1780156794.2885463
  },
  "gsk_…HF8S": {
    "blacklisted_until": 1780156794.3559186
  }
}