{
  "gsk_…M2TI": {
    "blacklisted_until": 1780189934.5858216
  },
  "gsk_…GQpc": {
    "blacklisted_until": 1780190082.789298
  },
  "gsk_…JOK1": {
    "blacklisted_until": 1780190082.864314
  },
  "gsk_…HF8S": {
    "blacklisted_until": 1780189994.66221
  },
  "gsk_…PxXM": {
    "blacklisted_until": 1780190051.8013988
  },
  "gsk_…bdFd": {
    "blacklisted_until": 1780190051.880448
  }
}