{
  "gsk_…PxXM": {
    "blacklisted_until": 1780948011.7844634
  },
  "gsk_…bdFd": {
    "blacklisted_until": 1780948071.9057307
  },
  "gsk_…GQpc": {
    "blacklisted_until": 1780948072.0126898
  },
  "gsk_…HF8S": {
    "blacklisted_until": 1780948214.3346848
  },
  "gsk_…JOK1": {
    "blacklisted_until": 1780948214.4442847
  },
  "gsk_…M2TI": {
    "blacklisted_until": 1780948214.5712655
  }
}