{
  "gsk_…HF8S": {
    "blacklisted_until": 1780029041.5304759
  },
  "gsk_…GQpc": {
    "blacklisted_until": 1780029221.1390805
  },
  "gsk_…PxXM": {
    "blacklisted_until": 1780029269.2049663
  },
  "gsk_…JOK1": {
    "blacklisted_until": 1780029221.077283
  },
  "gsk_…M2TI": {
    "blacklisted_until": 1780029269.1427593
  },
  "gsk_…bdFd": {
    "blacklisted_until": 1780029101.5952528
  }
}