{
  "gsk_…M2TI": {
    "blacklisted_until": 1781571727.0995758
  },
  "gsk_…JOK1": {
    "blacklisted_until": 1781571727.1702344
  },
  "gsk_…GQpc": {
    "blacklisted_until": 1781571727.2370524
  },
  "gsk_…HF8S": {
    "blacklisted_until": 1781571787.3054104
  },
  "gsk_…PxXM": {
    "blacklisted_until": 1781571787.3895054
  }
}