{
  "gsk_…HF8S": {
    "blacklisted_until": 1780318005.811604
  },
  "gsk_…PxXM": {
    "blacklisted_until": 1780318005.8743615
  },
  "gsk_…GQpc": {
    "blacklisted_until": 1780318005.7454753
  },
  "gsk_…JOK1": {
    "blacklisted_until": 1780318005.9384444
  },
  "gsk_…M2TI": {
    "blacklisted_until": 1780318066.030236
  }
}