{
  "gsk_…bdFd": {
    "blacklisted_until": 1782225879.6985824
  },
  "gsk_…GQpc": {
    "blacklisted_until": 1782225881.464681
  },
  "gsk_…M2TI": {
    "blacklisted_until": 1782225881.544231
  },
  "gsk_…PxXM": {
    "blacklisted_until": 1782225883.4348452
  },
  "gsk_…JOK1": {
    "blacklisted_until": 1782225883.519253
  },
  "gsk_…HF8S": {
    "blacklisted_until": 1782225883.6154895
  }
}