{
  "gsk_…HF8S": {
    "blacklisted_until": 1781877669.143781
  },
  "gsk_…PxXM": {
    "blacklisted_until": 1781877669.2290442
  },
  "gsk_…bdFd": {
    "blacklisted_until": 1781877669.3161788
  },
  "gsk_…JOK1": {
    "blacklisted_until": 1781877669.4028285
  },
  "gsk_…GQpc": {
    "blacklisted_until": 1781877669.5044394
  },
  "gsk_…M2TI": {
    "blacklisted_until": 1781877669.5902543
  }
}