{
  "gsk_…PxXM": {
    "blacklisted_until": 1782254675.6117985
  },
  "gsk_…bdFd": {
    "blacklisted_until": 1782254675.692758
  },
  "gsk_…GQpc": {
    "blacklisted_until": 1782254707.1260529
  },
  "gsk_…M2TI": {
    "blacklisted_until": 1782254707.2067645
  },
  "gsk_…HF8S": {
    "blacklisted_until": 1782254707.2861814
  },
  "gsk_…JOK1": {
    "blacklisted_until": 1782254707.3638213
  }
}