{
  "gsk_…PxXM": {
    "blacklisted_until": 1780404862.2862673
  },
  "gsk_…bdFd": {
    "blacklisted_until": 1780404862.3881557
  },
  "gsk_…GQpc": {
    "blacklisted_until": 1780404862.4651427
  },
  "gsk_…M2TI": {
    "blacklisted_until": 1780404862.5412538
  },
  "gsk_…JOK1": {
    "blacklisted_until": 1780404922.6180625
  },
  "gsk_…HF8S": {
    "blacklisted_until": 1780404982.7127872
  }
}