{
  "gsk_…JOK1": {
    "blacklisted_until": 1780415476.3974767
  },
  "gsk_…GQpc": {
    "blacklisted_until": 1780415476.497398
  },
  "gsk_…M2TI": {
    "blacklisted_until": 1780415476.1442602
  },
  "gsk_…bdFd": {
    "blacklisted_until": 1780415414.1131964
  },
  "gsk_…HF8S": {
    "blacklisted_until": 1780415476.2355509
  },
  "gsk_…PxXM": {
    "blacklisted_until": 1780415476.316082
  }
}