{
  "gsk_…HF8S": {
    "blacklisted_until": 1780117191.4612331
  },
  "gsk_…PxXM": {
    "blacklisted_until": 1780117191.5242763
  },
  "gsk_…bdFd": {
    "blacklisted_until": 1780117251.6135492
  },
  "gsk_…JOK1": {
    "blacklisted_until": 1780117251.681378
  },
  "gsk_…GQpc": {
    "blacklisted_until": 1780117372.7459426
  },
  "gsk_…M2TI": {
    "blacklisted_until": 1780117372.8228734
  }
}