{
  "gsk_…GQpc": {
    "blacklisted_until": 1780687168.5558372
  },
  "gsk_…PxXM": {
    "blacklisted_until": 1780687168.2711678
  },
  "gsk_…bdFd": {
    "blacklisted_until": 1780687168.4111552
  },
  "gsk_…HF8S": {
    "blacklisted_until": 1780687168.6929142
  },
  "gsk_…M2TI": {
    "blacklisted_until": 1780687290.454867
  },
  "gsk_…JOK1": {
    "blacklisted_until": 1780687290.600504
  }
}