{
  "gsk_…M2TI": {
    "blacklisted_until": 1781569110.138735
  },
  "gsk_…JOK1": {
    "blacklisted_until": 1781569110.20224
  },
  "gsk_…GQpc": {
    "blacklisted_until": 1781569110.0719008
  },
  "gsk_…PxXM": {
    "blacklisted_until": 1781569201.268833
  },
  "gsk_…bdFd": {
    "blacklisted_until": 1781569201.336672
  },
  "gsk_…HF8S": {
    "blacklisted_until": 1781569201.4114382
  }
}