{
  "gsk_…GQpc": {
    "blacklisted_until": 1780162080.3991208
  },
  "gsk_…PxXM": {
    "blacklisted_until": 1780162048.5291069
  },
  "gsk_…bdFd": {
    "blacklisted_until": 1780162048.5989358
  },
  "gsk_…HF8S": {
    "blacklisted_until": 1780162080.2700632
  },
  "gsk_…JOK1": {
    "blacklisted_until": 1780162080.3364432
  },
  "gsk_…M2TI": {
    "blacklisted_until": 1780162140.4714198
  }
}