{
  "gsk_…PxXM": {
    "blacklisted_until": 1782313904.2616844
  },
  "gsk_…bdFd": {
    "blacklisted_until": 1782313904.3429916
  }
}