{
  "gsk_…JOK1": {
    "blacklisted_until": 1780821558.494031
  },
  "gsk_…GQpc": {
    "blacklisted_until": 1780821558.569809
  },
  "gsk_…PxXM": {
    "blacklisted_until": 1780821558.4181163
  },
  "gsk_…bdFd": {
    "blacklisted_until": 1780821618.6550012
  }
}