{
  "gsk_…M2TI": {
    "blacklisted_until": 1781076572.0554068
  },
  "gsk_…PxXM": {
    "blacklisted_until": 1781076662.9375374
  },
  "gsk_…bdFd": {
    "blacklisted_until": 1781076663.007996
  },
  "gsk_…JOK1": {
    "blacklisted_until": 1781076663.077804
  },
  "gsk_…GQpc": {
    "blacklisted_until": 1781076663.147467
  },
  "gsk_…HF8S": {
    "blacklisted_until": 1781076663.2220874
  }
}