{
  "gsk_…bdFd": {
    "blacklisted_until": 1782052330.0648482
  },
  "gsk_…M2TI": {
    "blacklisted_until": 1782052117.1304796
  },
  "gsk_…HF8S": {
    "blacklisted_until": 1782052117.2535214
  },
  "gsk_…PxXM": {
    "blacklisted_until": 1782052117.316429
  },
  "gsk_…JOK1": {
    "blacklisted_until": 1782052117.3768535
  },
  "gsk_…GQpc": {
    "blacklisted_until": 1782052117.4356475
  }
}