{
  "gsk_…PxXM": {
    "blacklisted_until": 1781188309.9057527
  },
  "gsk_…bdFd": {
    "blacklisted_until": 1781188309.191013
  },
  "gsk_…GQpc": {
    "blacklisted_until": 1781188309.4945147
  },
  "gsk_…M2TI": {
    "blacklisted_until": 1781188309.629077
  },
  "gsk_…HF8S": {
    "blacklisted_until": 1781188309.7761247
  },
  "gsk_…JOK1": {
    "blacklisted_until": 1781188309.3463974
  }
}