{
  "gsk_…GQpc": {
    "blacklisted_until": 1782354958.0338407
  },
  "gsk_…HF8S": {
    "blacklisted_until": 1782355018.1117978
  },
  "gsk_…PxXM": {
    "blacklisted_until": 1782355018.1831589
  },
  "gsk_…bdFd": {
    "blacklisted_until": 1782355018.2538934
  },
  "gsk_…JOK1": {
    "blacklisted_until": 1782355018.323492
  },
  "gsk_…M2TI": {
    "blacklisted_until": 1782355170.6603608
  }
}