{
  "gsk_…GQpc": {
    "blacklisted_until": 1781738625.2226872
  },
  "gsk_…M2TI": {
    "blacklisted_until": 1781738625.359342
  },
  "gsk_…HF8S": {
    "blacklisted_until": 1781738690.947558
  },
  "gsk_…PxXM": {
    "blacklisted_until": 1781738691.0816932
  },
  "gsk_…bdFd": {
    "blacklisted_until": 1781738691.207895
  },
  "gsk_…JOK1": {
    "blacklisted_until": 1781738691.339012
  }
}