{
  "gsk_…HF8S": {
    "blacklisted_until": 1780770876.0588179
  },
  "gsk_…PxXM": {
    "blacklisted_until": 1780770876.1279416
  },
  "gsk_…bdFd": {
    "blacklisted_until": 1780770876.19387
  },
  "gsk_…JOK1": {
    "blacklisted_until": 1780770876.2613418
  },
  "gsk_…GQpc": {
    "blacklisted_until": 1780770876.3248866
  },
  "gsk_…M2TI": {
    "blacklisted_until": 1780770876.389493
  }
}