{
  "gsk_…HF8S": {
    "blacklisted_until": 1781371143.4622464
  },
  "gsk_…PxXM": {
    "blacklisted_until": 1781371143.5475779
  },
  "gsk_…bdFd": {
    "blacklisted_until": 1781371143.629063
  },
  "gsk_…JOK1": {
    "blacklisted_until": 1781371294.4583645
  },
  "gsk_…GQpc": {
    "blacklisted_until": 1781371294.5410686
  },
  "gsk_…M2TI": {
    "blacklisted_until": 1781371294.6208947
  }
}