{
  "gsk_…PxXM": {
    "blacklisted_until": 1781788331.7133045
  },
  "gsk_…bdFd": {
    "blacklisted_until": 1781788331.781034
  },
  "gsk_…JOK1": {
    "blacklisted_until": 1781788483.0887892
  },
  "gsk_…GQpc": {
    "blacklisted_until": 1781788483.1602645
  },
  "gsk_…M2TI": {
    "blacklisted_until": 1781788483.2293072
  },
  "gsk_…HF8S": {
    "blacklisted_until": 1781788483.302616
  }
}