{
  "gsk_…HF8S": {
    "blacklisted_until": 1779985053.979868
  },
  "gsk_…PxXM": {
    "blacklisted_until": 1779984977.2734914
  },
  "gsk_…bdFd": {
    "blacklisted_until": 1779984977.3700414
  },
  "gsk_…JOK1": {
    "blacklisted_until": 1779985054.0664308
  },
  "gsk_…GQpc": {
    "blacklisted_until": 1779985053.7537613
  },
  "gsk_…M2TI": {
    "blacklisted_until": 1779985053.825014
  }
}