{
  "gsk_…JOK1": {
    "blacklisted_until": 1781106597.993582
  },
  "gsk_…HF8S": {
    "blacklisted_until": 1781106597.7799678
  },
  "gsk_…PxXM": {
    "blacklisted_until": 1781106597.8473868
  },
  "gsk_…bdFd": {
    "blacklisted_until": 1781106597.9199283
  },
  "gsk_…GQpc": {
    "blacklisted_until": 1781106598.0863297
  },
  "gsk_…M2TI": {
    "blacklisted_until": 1781106598.1567202
  }
}