{
  "gsk_…bdFd": {
    "blacklisted_until": 1780151900.79531
  },
  "gsk_…GQpc": {
    "blacklisted_until": 1780151931.7487962
  },
  "gsk_…M2TI": {
    "blacklisted_until": 1780151931.8149962
  },
  "gsk_…PxXM": {
    "blacklisted_until": 1780152010.7627041
  },
  "gsk_…JOK1": {
    "blacklisted_until": 1780152010.8273199
  },
  "gsk_…HF8S": {
    "blacklisted_until": 1780152010.8918965
  }
}