{
  "gsk_…PxXM": {
    "blacklisted_until": 1780659225.7832358
  },
  "gsk_…bdFd": {
    "blacklisted_until": 1780659225.8580656
  },
  "gsk_…HF8S": {
    "blacklisted_until": 1780659225.932932
  },
  "gsk_…JOK1": {
    "blacklisted_until": 1780659376.6685455
  },
  "gsk_…GQpc": {
    "blacklisted_until": 1780659436.8260179
  },
  "gsk_…M2TI": {
    "blacklisted_until": 1780659436.9063618
  }
}