{
  "gsk_…GQpc": {
    "blacklisted_until": 1782142499.8541286
  },
  "gsk_…M2TI": {
    "blacklisted_until": 1782142499.934978
  }
}