{
  "gsk_…GQpc": {
    "blacklisted_until": 1782214637.215359
  },
  "gsk_…M2TI": {
    "blacklisted_until": 1782214637.2950363
  },
  "gsk_…HF8S": {
    "blacklisted_until": 1782214637.3762596
  },
  "gsk_…JOK1": {
    "blacklisted_until": 1782214697.4687102
  }
}