{
  "gsk_…GQpc": {
    "blacklisted_until": 1781005016.1767108
  },
  "gsk_…M2TI": {
    "blacklisted_until": 1781005016.2530916
  },
  "gsk_…JOK1": {
    "blacklisted_until": 1781005016.320096
  },
  "gsk_…HF8S": {
    "blacklisted_until": 1781005076.3907151
  },
  "gsk_…PxXM": {
    "blacklisted_until": 1781005136.495299
  },
  "gsk_…bdFd": {
    "blacklisted_until": 1781005136.5594437
  }
}