{
  "gsk_…PxXM": {
    "blacklisted_until": 1781207988.532699
  },
  "gsk_…bdFd": {
    "blacklisted_until": 1781207988.7002358
  },
  "gsk_…GQpc": {
    "blacklisted_until": 1781208020.018911
  },
  "gsk_…M2TI": {
    "blacklisted_until": 1781208020.1680944
  },
  "gsk_…HF8S": {
    "blacklisted_until": 1781208020.3326175
  },
  "gsk_…JOK1": {
    "blacklisted_until": 1781208020.4889033
  }
}