{
  "gsk_…PxXM": {
    "blacklisted_until": 1782299138.4411523
  },
  "gsk_…bdFd": {
    "blacklisted_until": 1782299138.5245025
  },
  "gsk_…HF8S": {
    "blacklisted_until": 1782299138.6169245
  }
}