{
  "gsk_…PxXM": {
    "blacklisted_until": 1781854730.6067564
  },
  "gsk_…HF8S": {
    "blacklisted_until": 1781854730.941428
  },
  "gsk_…bdFd": {
    "blacklisted_until": 1781854730.6927485
  },
  "gsk_…GQpc": {
    "blacklisted_until": 1781854730.8675227
  },
  "gsk_…M2TI": {
    "blacklisted_until": 1781854698.881587
  },
  "gsk_…JOK1": {
    "blacklisted_until": 1781854730.7801003
  }
}