{
  "gsk_…bdFd": {
    "blacklisted_until": 1779948903.0308208
  },
  "gsk_…GQpc": {
    "blacklisted_until": 1779948964.7332678
  },
  "gsk_…M2TI": {
    "blacklisted_until": 1779948964.8068595
  },
  "gsk_…HF8S": {
    "blacklisted_until": 1779948964.8698967
  },
  "gsk_…PxXM": {
    "blacklisted_until": 1779948964.9314058
  },
  "gsk_…JOK1": {
    "blacklisted_until": 1779948964.993766
  }
}