{
  "gsk_…bdFd": {
    "blacklisted_until": 1779851439.4937832
  },
  "gsk_…JOK1": {
    "blacklisted_until": 1779851439.5602317
  },
  "gsk_…GQpc": {
    "blacklisted_until": 1779851439.6251686
  },
  "gsk_…M2TI": {
    "blacklisted_until": 1779851439.686792
  },
  "gsk_…HF8S": {
    "blacklisted_until": 1779851439.7632694
  },
  "gsk_…PxXM": {
    "blacklisted_until": 1779851439.8252227
  }
}