{
  "gsk_…M2TI": {
    "blacklisted_until": 1781837221.4204004
  },
  "gsk_…PxXM": {
    "blacklisted_until": 1781837221.057655
  },
  "gsk_…bdFd": {
    "blacklisted_until": 1781837221.1588879
  },
  "gsk_…JOK1": {
    "blacklisted_until": 1781837221.2411108
  },
  "gsk_…GQpc": {
    "blacklisted_until": 1781837221.3221335
  },
  "gsk_…HF8S": {
    "blacklisted_until": 1781837220.9949584
  }
}