{
  "gsk_…M2TI": {
    "blacklisted_until": 1781495716.5326984
  },
  "gsk_…HF8S": {
    "blacklisted_until": 1781495716.6563938
  },
  "gsk_…PxXM": {
    "blacklisted_until": 1781495716.7954679
  },
  "gsk_…bdFd": {
    "blacklisted_until": 1781495716.9532824
  },
  "gsk_…JOK1": {
    "blacklisted_until": 1781495777.098725
  },
  "gsk_…GQpc": {
    "blacklisted_until": 1781495777.2434726
  }
}