{
  "gsk_…M2TI": {
    "blacklisted_until": 1781246593.3439274
  },
  "gsk_…PxXM": {
    "blacklisted_until": 1781246684.4772103
  },
  "gsk_…bdFd": {
    "blacklisted_until": 1781246684.5574968
  },
  "gsk_…JOK1": {
    "blacklisted_until": 1781246684.6481185
  },
  "gsk_…GQpc": {
    "blacklisted_until": 1781246684.745342
  },
  "gsk_…HF8S": {
    "blacklisted_until": 1781246684.8391614
  }
}