{
  "gsk_…M2TI": {
    "blacklisted_until": 1781245926.9428282
  },
  "gsk_…PxXM": {
    "blacklisted_until": 1781246017.9702828
  },
  "gsk_…bdFd": {
    "blacklisted_until": 1781246018.045004
  },
  "gsk_…JOK1": {
    "blacklisted_until": 1781246018.1269872
  },
  "gsk_…GQpc": {
    "blacklisted_until": 1781246018.2200801
  },
  "gsk_…HF8S": {
    "blacklisted_until": 1781246018.318993
  }
}