{
  "gsk_…GQpc": {
    "blacklisted_until": 1781374611.0386462
  },
  "gsk_…M2TI": {
    "blacklisted_until": 1781374671.1161385
  },
  "gsk_…JOK1": {
    "blacklisted_until": 1781374731.1982841
  },
  "gsk_…PxXM": {
    "blacklisted_until": 1781374822.1557045
  },
  "gsk_…bdFd": {
    "blacklisted_until": 1781374822.2363822
  },
  "gsk_…HF8S": {
    "blacklisted_until": 1781374822.323656
  }
}