{
  "gsk_…M2TI": {
    "blacklisted_until": 1780689215.7061281
  },
  "gsk_…JOK1": {
    "blacklisted_until": 1780689215.549007
  },
  "gsk_…GQpc": {
    "blacklisted_until": 1780689107.9532151
  },
  "gsk_…PxXM": {
    "blacklisted_until": 1780689184.3044243
  },
  "gsk_…HF8S": {
    "blacklisted_until": 1780689215.8628037
  },
  "gsk_…bdFd": {
    "blacklisted_until": 1780689216.0007348
  }
}