{
  "gsk_…PxXM": {
    "blacklisted_until": 1780112948.365134
  },
  "gsk_…JOK1": {
    "blacklisted_until": 1780112948.43401
  },
  "gsk_…HF8S": {
    "blacklisted_until": 1780113008.5112662
  },
  "gsk_…bdFd": {
    "blacklisted_until": 1780113068.5758777
  },
  "gsk_…GQpc": {
    "blacklisted_until": 1780113128.639662
  }
}