{
  "gsk_…GQpc": {
    "blacklisted_until": 1781486389.1049566
  },
  "gsk_…M2TI": {
    "blacklisted_until": 1781486389.2555456
  },
  "gsk_…PxXM": {
    "blacklisted_until": 1781486420.7249413
  },
  "gsk_…bdFd": {
    "blacklisted_until": 1781486420.8533647
  },
  "gsk_…JOK1": {
    "blacklisted_until": 1781486420.9936616
  },
  "gsk_…HF8S": {
    "blacklisted_until": 1781486421.1435523
  }
}