{
  "gsk_…GQpc": {
    "blacklisted_until": 1780699780.9376311
  },
  "gsk_…HF8S": {
    "blacklisted_until": 1780699781.0803742
  },
  "gsk_…JOK1": {
    "blacklisted_until": 1780699780.796949
  },
  "gsk_…M2TI": {
    "blacklisted_until": 1780699841.3387868
  }
}