{
  "gsk_…PxXM": {
    "blacklisted_until": 1781648769.4973342
  },
  "gsk_…bdFd": {
    "blacklisted_until": 1781648769.5803885
  },
  "gsk_…GQpc": {
    "blacklisted_until": 1781648829.6367345
  },
  "gsk_…M2TI": {
    "blacklisted_until": 1781648829.7265723
  },
  "gsk_…HF8S": {
    "blacklisted_until": 1781648889.8109717
  },
  "gsk_…JOK1": {
    "blacklisted_until": 1781648889.865324
  }
}