{
  "gsk_…GQpc": {
    "blacklisted_until": 1779821025.8845613
  },
  "gsk_…M2TI": {
    "blacklisted_until": 1779821025.9536426
  },
  "gsk_…JOK1": {
    "blacklisted_until": 1779821025.8120008
  },
  "gsk_…bdFd": {
    "blacklisted_until": 1779820845.167487
  }
}