{
  "gsk_…GQpc": {
    "blacklisted_until": 1781332504.3856125
  },
  "gsk_…M2TI": {
    "blacklisted_until": 1781332504.4555469
  },
  "gsk_…PxXM": {
    "blacklisted_until": 1781332536.0832446
  },
  "gsk_…bdFd": {
    "blacklisted_until": 1781332536.1462078
  },
  "gsk_…JOK1": {
    "blacklisted_until": 1781332536.2116735
  },
  "gsk_…HF8S": {
    "blacklisted_until": 1781332536.279942
  }
}