{
  "gsk_…PxXM": {
    "blacklisted_until": 1782022055.6571178
  },
  "gsk_…HF8S": {
    "blacklisted_until": 1782022055.7273736
  },
  "gsk_…bdFd": {
    "blacklisted_until": 1782022115.800816
  },
  "gsk_…JOK1": {
    "blacklisted_until": 1782022175.8739
  },
  "gsk_…GQpc": {
    "blacklisted_until": 1782022235.98783
  },
  "gsk_…M2TI": {
    "blacklisted_until": 1782022236.0626483
  }
}