{
  "gsk_…bdFd": {
    "blacklisted_until": 1781537319.9138644
  },
  "gsk_…PxXM": {
    "blacklisted_until": 1781537229.1118128
  },
  "gsk_…HF8S": {
    "blacklisted_until": 1781537229.2166593
  }
}