{
  "gsk_…bdFd": {
    "blacklisted_until": 1781160186.9475293
  },
  "gsk_…PxXM": {
    "blacklisted_until": 1781160187.1014524
  }
}