{
  "gsk_…GQpc": {
    "blacklisted_until": 1781073522.377611
  },
  "gsk_…M2TI": {
    "blacklisted_until": 1781073522.449128
  },
  "gsk_…PxXM": {
    "blacklisted_until": 1781073613.3555367
  },
  "gsk_…bdFd": {
    "blacklisted_until": 1781073613.4310117
  },
  "gsk_…HF8S": {
    "blacklisted_until": 1781073651.3540618
  },
  "gsk_…JOK1": {
    "blacklisted_until": 1781073651.4585238
  }
}