{
  "gsk_…GQpc": {
    "blacklisted_until": 1780534996.7469354
  },
  "gsk_…M2TI": {
    "blacklisted_until": 1780534996.8862858
  },
  "gsk_…PxXM": {
    "blacklisted_until": 1780535028.111319
  },
  "gsk_…bdFd": {
    "blacklisted_until": 1780535028.2660146
  },
  "gsk_…HF8S": {
    "blacklisted_until": 1780535028.4134712
  },
  "gsk_…JOK1": {
    "blacklisted_until": 1780535088.562323
  }
}