{
  "gsk_…HF8S": {
    "blacklisted_until": 1780788232.3536243
  },
  "gsk_…PxXM": {
    "blacklisted_until": 1780788353.602612
  },
  "gsk_…bdFd": {
    "blacklisted_until": 1780788353.6862488
  },
  "gsk_…M2TI": {
    "blacklisted_until": 1780788353.7480376
  },
  "gsk_…JOK1": {
    "blacklisted_until": 1780788413.8158493
  }
}