{
  "gsk_…JOK1": {
    "blacklisted_until": 1781074287.5897846
  },
  "gsk_…HF8S": {
    "blacklisted_until": 1781074287.6569088
  },
  "gsk_…M2TI": {
    "blacklisted_until": 1781074196.4537024
  },
  "gsk_…GQpc": {
    "blacklisted_until": 1781074196.5214376
  },
  "gsk_…bdFd": {
    "blacklisted_until": 1781074287.51182
  },
  "gsk_…PxXM": {
    "blacklisted_until": 1781074287.724966
  }
}