{
  "gsk_…M2TI": {
    "blacklisted_until": 1781737598.7412243
  },
  "gsk_…GQpc": {
    "blacklisted_until": 1781737598.5784473
  }
}