{
  "gsk_…PxXM": {
    "blacklisted_until": 1782045240.6418853
  },
  "gsk_…bdFd": {
    "blacklisted_until": 1782045240.7217407
  },
  "gsk_…GQpc": {
    "blacklisted_until": 1782045332.033396
  }
}