{
  "gsk_…M2TI": {
    "blacklisted_until": 1780784727.110302
  },
  "gsk_…PxXM": {
    "blacklisted_until": 1780784818.0895061
  },
  "gsk_…bdFd": {
    "blacklisted_until": 1780784818.1571
  },
  "gsk_…HF8S": {
    "blacklisted_until": 1780785119.7199845
  },
  "gsk_…JOK1": {
    "blacklisted_until": 1780784878.2995431
  },
  "gsk_…GQpc": {
    "blacklisted_until": 1780784938.3767335
  }
}