{
  "gsk_…bdFd": {
    "blacklisted_until": 1779768119.8819234
  },
  "gsk_…JOK1": {
    "blacklisted_until": 1779768119.9471636
  },
  "gsk_…GQpc": {
    "blacklisted_until": 1779768120.0098655
  },
  "gsk_…M2TI": {
    "blacklisted_until": 1779768120.0810914
  },
  "gsk_…HF8S": {
    "blacklisted_until": 1779768120.1600254
  },
  "gsk_…PxXM": {
    "blacklisted_until": 1779768120.2242684
  }
}