{
  "gsk_…bdFd": {
    "blacklisted_until": 1781113530.131896
  },
  "gsk_…HF8S": {
    "blacklisted_until": 1781113530.1991656
  },
  "gsk_…PxXM": {
    "blacklisted_until": 1781113530.2696655
  }
}