{
  "gsk_…GQpc": {
    "blacklisted_until": 1780828128.8833156
  },
  "gsk_…M2TI": {
    "blacklisted_until": 1780828128.960713
  },
  "gsk_…JOK1": {
    "blacklisted_until": 1780828129.0338118
  },
  "gsk_…HF8S": {
    "blacklisted_until": 1780828189.113106
  },
  "gsk_…PxXM": {
    "blacklisted_until": 1780828189.1900547
  },
  "gsk_…bdFd": {
    "blacklisted_until": 1780828249.2866538
  }
}