{
  "gsk_…M2TI": {
    "blacklisted_until": 1781274333.2635503
  },
  "gsk_…GQpc": {
    "blacklisted_until": 1781274410.3259842
  },
  "gsk_…PxXM": {
    "blacklisted_until": 1781274410.3948612
  },
  "gsk_…bdFd": {
    "blacklisted_until": 1781274410.465632
  },
  "gsk_…JOK1": {
    "blacklisted_until": 1781274470.5402348
  },
  "gsk_…HF8S": {
    "blacklisted_until": 1781274470.607153
  }
}