{
  "gsk_…M2TI": {
    "blacklisted_until": 1780780506.7693133
  },
  "gsk_…PxXM": {
    "blacklisted_until": 1780780597.6050947
  },
  "gsk_…bdFd": {
    "blacklisted_until": 1780780597.6703138
  },
  "gsk_…GQpc": {
    "blacklisted_until": 1780780628.5857646
  },
  "gsk_…HF8S": {
    "blacklisted_until": 1780780628.6539447
  },
  "gsk_…JOK1": {
    "blacklisted_until": 1780780628.7232528
  }
}