{
  "gsk_…GQpc": {
    "blacklisted_until": 1782092291.793529
  },
  "gsk_…M2TI": {
    "blacklisted_until": 1782092291.8631654
  },
  "gsk_…HF8S": {
    "blacklisted_until": 1782092291.926985
  },
  "gsk_…PxXM": {
    "blacklisted_until": 1782092291.993117
  },
  "gsk_…JOK1": {
    "blacklisted_until": 1782092292.0584078
  }
}