{
  "gsk_…GQpc": {
    "blacklisted_until": 1781573095.0308733
  },
  "gsk_…M2TI": {
    "blacklisted_until": 1781573095.0989318
  },
  "gsk_…JOK1": {
    "blacklisted_until": 1781573095.1706429
  },
  "gsk_…PxXM": {
    "blacklisted_until": 1781573205.338867
  },
  "gsk_…bdFd": {
    "blacklisted_until": 1781573205.4023461
  },
  "gsk_…HF8S": {
    "blacklisted_until": 1781573205.4744785
  }
}