{
  "gsk_…M2TI": {
    "blacklisted_until": 1782171761.805915
  },
  "gsk_…HF8S": {
    "blacklisted_until": 1782171761.8732486
  },
  "gsk_…bdFd": {
    "blacklisted_until": 1782171699.7239032
  },
  "gsk_…PxXM": {
    "blacklisted_until": 1782171761.934756
  },
  "gsk_…JOK1": {
    "blacklisted_until": 1782171762.0022013
  },
  "gsk_…GQpc": {
    "blacklisted_until": 1782171762.0703924
  }
}