{
  "gsk_…JOK1": {
    "blacklisted_until": 1781405895.559942
  },
  "gsk_…GQpc": {
    "blacklisted_until": 1781405895.6323988
  },
  "gsk_…M2TI": {
    "blacklisted_until": 1781405895.6959171
  },
  "gsk_…HF8S": {
    "blacklisted_until": 1781406046.227503
  },
  "gsk_…bdFd": {
    "blacklisted_until": 1781406077.1724024
  },
  "gsk_…PxXM": {
    "blacklisted_until": 1781406077.239635
  }
}