{
  "gsk_…bdFd": {
    "blacklisted_until": 1781313038.4378936
  },
  "gsk_…HF8S": {
    "blacklisted_until": 1781313038.305839
  },
  "gsk_…PxXM": {
    "blacklisted_until": 1781313038.3704329
  },
  "gsk_…JOK1": {
    "blacklisted_until": 1781313098.5232193
  },
  "gsk_…GQpc": {
    "blacklisted_until": 1781313098.5947075
  },
  "gsk_…M2TI": {
    "blacklisted_until": 1781313098.6626422
  }
}