{
  "gsk_…JOK1": {
    "blacklisted_until": 1782046769.3123858
  },
  "gsk_…GQpc": {
    "blacklisted_until": 1782046769.410006
  },
  "gsk_…M2TI": {
    "blacklisted_until": 1782046769.5553527
  },
  "gsk_…HF8S": {
    "blacklisted_until": 1782046769.6890304
  },
  "gsk_…PxXM": {
    "blacklisted_until": 1782046829.7941763
  },
  "gsk_…bdFd": {
    "blacklisted_until": 1782046829.89446
  }
}