{
  "gsk_…bdFd": {
    "blacklisted_until": 1779909459.572338
  },
  "gsk_…M2TI": {
    "blacklisted_until": 1779909521.7220871
  },
  "gsk_…HF8S": {
    "blacklisted_until": 1779909521.794787
  },
  "gsk_…PxXM": {
    "blacklisted_until": 1779909521.868678
  },
  "gsk_…JOK1": {
    "blacklisted_until": 1779909521.936361
  },
  "gsk_…GQpc": {
    "blacklisted_until": 1779909521.9997756
  }
}