{
  "gsk_…GQpc": {
    "blacklisted_until": 1782128246.852459
  },
  "gsk_…M2TI": {
    "blacklisted_until": 1782128246.920444
  }
}