{
  "gsk_…HF8S": {
    "blacklisted_until": 1780910191.024135
  },
  "gsk_…PxXM": {
    "blacklisted_until": 1780910099.9725
  },
  "gsk_…M2TI": {
    "blacklisted_until": 1780910190.9548717
  },
  "gsk_…GQpc": {
    "blacklisted_until": 1780910191.0889263
  }
}