{
  "gsk_…PxXM": {
    "blacklisted_until": 1781208304.6956859
  },
  "gsk_…bdFd": {
    "blacklisted_until": 1781208304.4777393
  },
  "gsk_…JOK1": {
    "blacklisted_until": 1781208364.8449123
  },
  "gsk_…GQpc": {
    "blacklisted_until": 1781208364.9835298
  },
  "gsk_…M2TI": {
    "blacklisted_until": 1781208365.1205182
  },
  "gsk_…HF8S": {
    "blacklisted_until": 1781208365.2718554
  }
}