{
  "gsk_…M2TI": {
    "blacklisted_until": 1780650012.6464028
  },
  "gsk_…HF8S": {
    "blacklisted_until": 1780650012.7384863
  },
  "gsk_…PxXM": {
    "blacklisted_until": 1780650012.8383713
  },
  "gsk_…bdFd": {
    "blacklisted_until": 1780650012.919797
  },
  "gsk_…JOK1": {
    "blacklisted_until": 1780650013.0201883
  },
  "gsk_…GQpc": {
    "blacklisted_until": 1780650013.1117616
  }
}