{
  "gsk_…M2TI": {
    "blacklisted_until": 1780573711.0260036
  },
  "gsk_…GQpc": {
    "blacklisted_until": 1780573711.0959203
  },
  "gsk_…HF8S": {
    "blacklisted_until": 1780573779.2180376
  },
  "gsk_…JOK1": {
    "blacklisted_until": 1780573779.2849138
  },
  "gsk_…PxXM": {
    "blacklisted_until": 1780573839.3798444
  },
  "gsk_…bdFd": {
    "blacklisted_until": 1780573839.4417815
  }
}