{
  "gsk_…HF8S": {
    "blacklisted_until": 1780372764.135196
  },
  "gsk_…GQpc": {
    "blacklisted_until": 1780372854.6025295
  },
  "gsk_…M2TI": {
    "blacklisted_until": 1780372944.9426932
  },
  "gsk_…JOK1": {
    "blacklisted_until": 1780372733.1983926
  },
  "gsk_…PxXM": {
    "blacklisted_until": 1780372764.0045774
  },
  "gsk_…bdFd": {
    "blacklisted_until": 1780372764.0718486
  }
}