{
  "gsk_…GQpc": {
    "blacklisted_until": 1780734049.1427324
  },
  "gsk_…M2TI": {
    "blacklisted_until": 1780734049.2842534
  },
  "gsk_…HF8S": {
    "blacklisted_until": 1780734109.4452033
  },
  "gsk_…PxXM": {
    "blacklisted_until": 1780734127.7162468
  },
  "gsk_…JOK1": {
    "blacklisted_until": 1780734127.8531826
  }
}