{
  "gsk_…GQpc": {
    "blacklisted_until": 1780654813.463486
  },
  "gsk_…M2TI": {
    "blacklisted_until": 1780654813.5412073
  },
  "gsk_…HF8S": {
    "blacklisted_until": 1780654873.637927
  },
  "gsk_…PxXM": {
    "blacklisted_until": 1780654873.7373013
  },
  "gsk_…bdFd": {
    "blacklisted_until": 1780654873.836058
  },
  "gsk_…JOK1": {
    "blacklisted_until": 1780654873.9413786
  }
}