{
  "gsk_…HF8S": {
    "blacklisted_until": 1781744856.215962
  },
  "gsk_…PxXM": {
    "blacklisted_until": 1781744856.3399148
  },
  "gsk_…bdFd": {
    "blacklisted_until": 1781744856.464467
  },
  "gsk_…GQpc": {
    "blacklisted_until": 1781744887.9431858
  },
  "gsk_…JOK1": {
    "blacklisted_until": 1781744888.0722582
  },
  "gsk_…M2TI": {
    "blacklisted_until": 1781744948.3009386
  }
}