{
  "gsk_…M2TI": {
    "blacklisted_until": 1781487847.6995907
  },
  "gsk_…PxXM": {
    "blacklisted_until": 1781487847.1273391
  },
  "gsk_…bdFd": {
    "blacklisted_until": 1781487847.2882779
  },
  "gsk_…JOK1": {
    "blacklisted_until": 1781487847.425742
  },
  "gsk_…GQpc": {
    "blacklisted_until": 1781487847.5617409
  },
  "gsk_…HF8S": {
    "blacklisted_until": 1781487846.9873285
  }
}