{
  "gsk_…M2TI": {
    "blacklisted_until": 1780779838.3258111
  },
  "gsk_…HF8S": {
    "blacklisted_until": 1780779898.3940969
  },
  "gsk_…PxXM": {
    "blacklisted_until": 1780779898.459407
  },
  "gsk_…bdFd": {
    "blacklisted_until": 1780779898.5240614
  },
  "gsk_…JOK1": {
    "blacklisted_until": 1780779898.594651
  },
  "gsk_…GQpc": {
    "blacklisted_until": 1780779898.664146
  }
}