{
  "gsk_…M2TI": {
    "blacklisted_until": 1781075198.4057412
  },
  "gsk_…HF8S": {
    "blacklisted_until": 1781075258.5664349
  },
  "gsk_…PxXM": {
    "blacklisted_until": 1781075258.6408157
  },
  "gsk_…bdFd": {
    "blacklisted_until": 1781075258.7078052
  },
  "gsk_…JOK1": {
    "blacklisted_until": 1781075258.782577
  },
  "gsk_…GQpc": {
    "blacklisted_until": 1781075258.8521063
  }
}