{
  "gsk_…GQpc": {
    "blacklisted_until": 1781562982.8767781
  },
  "gsk_…M2TI": {
    "blacklisted_until": 1781562982.956723
  },
  "gsk_…HF8S": {
    "blacklisted_until": 1781562950.9111204
  },
  "gsk_…PxXM": {
    "blacklisted_until": 1781562950.994562
  },
  "gsk_…bdFd": {
    "blacklisted_until": 1781562951.0618699
  },
  "gsk_…JOK1": {
    "blacklisted_until": 1781562983.0273032
  }
}