{
  "gsk_…GQpc": {
    "blacklisted_until": 1779898185.1821148
  },
  "gsk_…M2TI": {
    "blacklisted_until": 1779898185.2757678
  },
  "gsk_…HF8S": {
    "blacklisted_until": 1779898185.3399208
  },
  "gsk_…PxXM": {
    "blacklisted_until": 1779898185.4084177
  },
  "gsk_…bdFd": {
    "blacklisted_until": 1779898185.4727004
  },
  "gsk_…JOK1": {
    "blacklisted_until": 1779898185.5373096
  }
}