{
  "gsk_…M2TI": {
    "blacklisted_until": 1780033901.3716633
  },
  "gsk_…GQpc": {
    "blacklisted_until": 1780033901.436929
  },
  "gsk_…PxXM": {
    "blacklisted_until": 1780034050.279331
  },
  "gsk_…bdFd": {
    "blacklisted_until": 1780034050.3460476
  },
  "gsk_…JOK1": {
    "blacklisted_until": 1780034050.4082005
  },
  "gsk_…HF8S": {
    "blacklisted_until": 1780034050.4694626
  }
}