{
  "gsk_…JOK1": {
    "blacklisted_until": 1780315232.5800185
  },
  "gsk_…M2TI": {
    "blacklisted_until": 1780315201.4945107
  },
  "gsk_…PxXM": {
    "blacklisted_until": 1780315232.4271555
  },
  "gsk_…bdFd": {
    "blacklisted_until": 1780315232.495297
  },
  "gsk_…GQpc": {
    "blacklisted_until": 1780315232.6450105
  },
  "gsk_…HF8S": {
    "blacklisted_until": 1780315232.7103899
  }
}