{
  "gsk_…bdFd": {
    "blacklisted_until": 1781692806.990808
  },
  "gsk_…PxXM": {
    "blacklisted_until": 1781692807.1043463
  },
  "gsk_…GQpc": {
    "blacklisted_until": 1781692898.341131
  },
  "gsk_…M2TI": {
    "blacklisted_until": 1781692898.4479136
  },
  "gsk_…HF8S": {
    "blacklisted_until": 1781692898.5465264
  },
  "gsk_…JOK1": {
    "blacklisted_until": 1781692898.6546552
  }
}