{
  "gsk_…bdFd": {
    "blacklisted_until": 1780484817.920247
  },
  "gsk_…JOK1": {
    "blacklisted_until": 1780484726.8055615
  },
  "gsk_…GQpc": {
    "blacklisted_until": 1780484726.9450512
  }
}