{
  "gsk_…M2TI": {
    "blacklisted_until": 1780729554.0090215
  },
  "gsk_…PxXM": {
    "blacklisted_until": 1780729645.3035314
  },
  "gsk_…bdFd": {
    "blacklisted_until": 1780729645.44091
  },
  "gsk_…GQpc": {
    "blacklisted_until": 1780729676.693366
  },
  "gsk_…HF8S": {
    "blacklisted_until": 1780729676.8303545
  },
  "gsk_…JOK1": {
    "blacklisted_until": 1780729676.9693732
  }
}