{
  "gsk_…GQpc": {
    "blacklisted_until": 1780161081.0314257
  },
  "gsk_…PxXM": {
    "blacklisted_until": 1780161080.9050906
  },
  "gsk_…bdFd": {
    "blacklisted_until": 1780161080.9688697
  },
  "gsk_…HF8S": {
    "blacklisted_until": 1780161081.099852
  },
  "gsk_…JOK1": {
    "blacklisted_until": 1780161141.1674418
  },
  "gsk_…M2TI": {
    "blacklisted_until": 1780161201.2330055
  }
}