{
  "gsk_…GQpc": {
    "blacklisted_until": 1780321853.1802092
  },
  "gsk_…M2TI": {
    "blacklisted_until": 1780321853.2504144
  },
  "gsk_…HF8S": {
    "blacklisted_until": 1780321913.3228812
  },
  "gsk_…PxXM": {
    "blacklisted_until": 1780321913.3887782
  },
  "gsk_…bdFd": {
    "blacklisted_until": 1780321973.4657226
  },
  "gsk_…JOK1": {
    "blacklisted_until": 1780321973.53738
  }
}