{
  "gsk_…bdFd": {
    "blacklisted_until": 1781617952.1658242
  },
  "gsk_…GQpc": {
    "blacklisted_until": 1781617952.236757
  },
  "gsk_…HF8S": {
    "blacklisted_until": 1781618012.3100526
  },
  "gsk_…PxXM": {
    "blacklisted_until": 1781618012.3775067
  },
  "gsk_…JOK1": {
    "blacklisted_until": 1781618012.4458265
  },
  "gsk_…M2TI": {
    "blacklisted_until": 1781618163.8794246
  }
}