{
  "gsk_…PxXM": {
    "blacklisted_until": 1780143883.777455
  },
  "gsk_…bdFd": {
    "blacklisted_until": 1780143943.843985
  },
  "gsk_…JOK1": {
    "blacklisted_until": 1780144003.9124088
  },
  "gsk_…GQpc": {
    "blacklisted_until": 1780144003.973571
  },
  "gsk_…M2TI": {
    "blacklisted_until": 1780144004.0352702
  },
  "gsk_…HF8S": {
    "blacklisted_until": 1780144004.097791
  }
}