{
  "gsk_…JOK1": {
    "blacklisted_until": 1780875165.2888792
  },
  "gsk_…HF8S": {
    "blacklisted_until": 1780875196.8473353
  },
  "gsk_…PxXM": {
    "blacklisted_until": 1780875165.085709
  },
  "gsk_…bdFd": {
    "blacklisted_until": 1780875165.1885128
  },
  "gsk_…GQpc": {
    "blacklisted_until": 1780875438.8777168
  }
}