{
  "gsk_…bdFd": {
    "blacklisted_until": 1781921701.8602855
  },
  "gsk_…JOK1": {
    "blacklisted_until": 1781921701.9380093
  },
  "gsk_…M2TI": {
    "blacklisted_until": 1781921733.2647069
  },
  "gsk_…HF8S": {
    "blacklisted_until": 1781921733.346039
  },
  "gsk_…PxXM": {
    "blacklisted_until": 1781921733.4367144
  },
  "gsk_…GQpc": {
    "blacklisted_until": 1781921733.5234823
  }
}