{
  "gsk_…JOK1": {
    "blacklisted_until": 1781323415.5885596
  },
  "gsk_…GQpc": {
    "blacklisted_until": 1781323415.3936942
  },
  "gsk_…M2TI": {
    "blacklisted_until": 1781323415.4594414
  },
  "gsk_…PxXM": {
    "blacklisted_until": 1781323384.1607735
  },
  "gsk_…bdFd": {
    "blacklisted_until": 1781323384.2263927
  },
  "gsk_…HF8S": {
    "blacklisted_until": 1781323415.5244267
  }
}