{
  "gsk_…M2TI": {
    "blacklisted_until": 1780656515.1304924
  },
  "gsk_…GQpc": {
    "blacklisted_until": 1780656515.0604618
  },
  "gsk_…PxXM": {
    "blacklisted_until": 1780656333.2443242
  },
  "gsk_…bdFd": {
    "blacklisted_until": 1780656333.3209572
  },
  "gsk_…JOK1": {
    "blacklisted_until": 1780656333.4011083
  },
  "gsk_…HF8S": {
    "blacklisted_until": 1780656333.4732826
  }
}