{
  "gsk_…M2TI": {
    "blacklisted_until": 1780704449.3851292
  },
  "gsk_…GQpc": {
    "blacklisted_until": 1780704449.5250235
  },
  "gsk_…HF8S": {
    "blacklisted_until": 1780704509.6667125
  },
  "gsk_…PxXM": {
    "blacklisted_until": 1780704509.8230891
  },
  "gsk_…bdFd": {
    "blacklisted_until": 1780704509.9752538
  },
  "gsk_…JOK1": {
    "blacklisted_until": 1780704510.1098325
  }
}