{
  "gsk_…PxXM": {
    "blacklisted_until": 1782336871.6102433
  },
  "gsk_…bdFd": {
    "blacklisted_until": 1782336871.675001
  },
  "gsk_…JOK1": {
    "blacklisted_until": 1782336931.7512426
  },
  "gsk_…GQpc": {
    "blacklisted_until": 1782336931.817926
  },
  "gsk_…M2TI": {
    "blacklisted_until": 1782336931.8883939
  },
  "gsk_…HF8S": {
    "blacklisted_until": 1782336931.9589765
  }
}