{
  "gsk_…JOK1": {
    "blacklisted_until": 1781785065.2519367
  },
  "gsk_…GQpc": {
    "blacklisted_until": 1781785125.3535142
  },
  "gsk_…M2TI": {
    "blacklisted_until": 1781785125.4214444
  },
  "gsk_…PxXM": {
    "blacklisted_until": 1781785277.5219579
  },
  "gsk_…bdFd": {
    "blacklisted_until": 1781785277.5885675
  },
  "gsk_…HF8S": {
    "blacklisted_until": 1781785277.6528804
  }
}