{
  "gsk_…PxXM": {
    "blacklisted_until": 1779808606.1129265
  },
  "gsk_…bdFd": {
    "blacklisted_until": 1779808605.78136
  },
  "gsk_…JOK1": {
    "blacklisted_until": 1779808605.8471634
  },
  "gsk_…GQpc": {
    "blacklisted_until": 1779808605.9142137
  },
  "gsk_…M2TI": {
    "blacklisted_until": 1779808605.9786525
  },
  "gsk_…HF8S": {
    "blacklisted_until": 1779808606.0477307
  }
}