{
  "gsk_…PxXM": {
    "blacklisted_until": 1780992203.8468778
  },
  "gsk_…bdFd": {
    "blacklisted_until": 1780992203.9209447
  },
  "gsk_…HF8S": {
    "blacklisted_until": 1780992203.98968
  },
  "gsk_…JOK1": {
    "blacklisted_until": 1780992264.054718
  },
  "gsk_…GQpc": {
    "blacklisted_until": 1780992264.1181152
  },
  "gsk_…M2TI": {
    "blacklisted_until": 1780992324.1961367
  }
}