{
  "gsk_…M2TI": {
    "blacklisted_until": 1780535700.885678
  },
  "gsk_…HF8S": {
    "blacklisted_until": 1780535701.0277436
  },
  "gsk_…PxXM": {
    "blacklisted_until": 1780535761.1727066
  },
  "gsk_…bdFd": {
    "blacklisted_until": 1780535761.304109
  },
  "gsk_…JOK1": {
    "blacklisted_until": 1780535761.4751163
  },
  "gsk_…GQpc": {
    "blacklisted_until": 1780535761.63395
  }
}