{
  "gsk_…PxXM": {
    "blacklisted_until": 1780357207.070432
  },
  "gsk_…HF8S": {
    "blacklisted_until": 1780357207.1409352
  },
  "gsk_…bdFd": {
    "blacklisted_until": 1780357267.2883255
  },
  "gsk_…JOK1": {
    "blacklisted_until": 1780357417.9677095
  },
  "gsk_…GQpc": {
    "blacklisted_until": 1780357418.042125
  },
  "gsk_…M2TI": {
    "blacklisted_until": 1780357418.1068127
  }
}