{
  "gsk_…HF8S": {
    "blacklisted_until": 1780283431.1172044
  },
  "gsk_…bdFd": {
    "blacklisted_until": 1780283573.2605956
  },
  "gsk_…PxXM": {
    "blacklisted_until": 1780283573.3259866
  },
  "gsk_…GQpc": {
    "blacklisted_until": 1780283664.2518117
  },
  "gsk_…M2TI": {
    "blacklisted_until": 1780283664.3186977
  },
  "gsk_…JOK1": {
    "blacklisted_until": 1780283664.3832548
  }
}