{
  "gsk_…HF8S": {
    "blacklisted_until": 1782217693.204955
  },
  "gsk_…JOK1": {
    "blacklisted_until": 1782217693.2871835
  },
  "gsk_…GQpc": {
    "blacklisted_until": 1782217693.3610961
  },
  "gsk_…M2TI": {
    "blacklisted_until": 1782217844.1666245
  },
  "gsk_…PxXM": {
    "blacklisted_until": 1782217904.2525027
  },
  "gsk_…bdFd": {
    "blacklisted_until": 1782217904.5944326
  }
}