{
  "gsk_…bdFd": {
    "blacklisted_until": 1780742148.1947253
  },
  "gsk_…JOK1": {
    "blacklisted_until": 1780742389.4205751
  },
  "gsk_…M2TI": {
    "blacklisted_until": 1780742420.711284
  }
}