{
  "gsk_…HF8S": {
    "blacklisted_until": 1780103002.307696
  },
  "gsk_…PxXM": {
    "blacklisted_until": 1780103062.3785138
  },
  "gsk_…JOK1": {
    "blacklisted_until": 1780103062.447244
  },
  "gsk_…GQpc": {
    "blacklisted_until": 1780103062.5250304
  },
  "gsk_…M2TI": {
    "blacklisted_until": 1780103062.5927603
  }
}