{
  "gsk_…PxXM": {
    "blacklisted_until": 1780143276.704881
  },
  "gsk_…bdFd": {
    "blacklisted_until": 1780143276.6399355
  },
  "gsk_…JOK1": {
    "blacklisted_until": 1780143336.7758265
  },
  "gsk_…GQpc": {
    "blacklisted_until": 1780143336.836944
  },
  "gsk_…M2TI": {
    "blacklisted_until": 1780143336.9011564
  },
  "gsk_…HF8S": {
    "blacklisted_until": 1780143336.9670455
  }
}