{
  "gsk_…HF8S": {
    "blacklisted_until": 1780790914.9249692
  },
  "gsk_…GQpc": {
    "blacklisted_until": 1780790914.9936564
  },
  "gsk_…M2TI": {
    "blacklisted_until": 1780790975.1440084
  },
  "gsk_…PxXM": {
    "blacklisted_until": 1780790975.2096756
  },
  "gsk_…bdFd": {
    "blacklisted_until": 1780790975.2813134
  },
  "gsk_…JOK1": {
    "blacklisted_until": 1780790975.351351
  }
}