{
  "gsk_…PxXM": {
    "blacklisted_until": 1780703503.0208528
  },
  "gsk_…bdFd": {
    "blacklisted_until": 1780703503.1612463
  }
}