{
  "gsk_…GQpc": {
    "blacklisted_until": 1780536477.5978262
  },
  "gsk_…M2TI": {
    "blacklisted_until": 1780536477.7374527
  },
  "gsk_…HF8S": {
    "blacklisted_until": 1780536477.871166
  },
  "gsk_…JOK1": {
    "blacklisted_until": 1780536478.0151277
  }
}