{
  "gsk_…HF8S": {
    "blacklisted_until": 1780521523.950578
  },
  "gsk_…PxXM": {
    "blacklisted_until": 1780521523.6688926
  },
  "gsk_…bdFd": {
    "blacklisted_until": 1780521523.8143384
  },
  "gsk_…GQpc": {
    "blacklisted_until": 1780521616.0166025
  },
  "gsk_…M2TI": {
    "blacklisted_until": 1780521616.1648092
  },
  "gsk_…JOK1": {
    "blacklisted_until": 1780521616.308282
  }
}