{
  "gsk_…GQpc": {
    "blacklisted_until": 1781004646.6219592
  },
  "gsk_…M2TI": {
    "blacklisted_until": 1781004646.6925957
  },
  "gsk_…JOK1": {
    "blacklisted_until": 1781004646.7626655
  },
  "gsk_…PxXM": {
    "blacklisted_until": 1781004524.9190097
  },
  "gsk_…bdFd": {
    "blacklisted_until": 1781004524.9913113
  }
}