{
  "gsk_…JOK1": {
    "blacklisted_until": 1781705920.129666
  },
  "gsk_…GQpc": {
    "blacklisted_until": 1781705920.3005364
  },
  "gsk_…M2TI": {
    "blacklisted_until": 1781705921.4725423
  },
  "gsk_…HF8S": {
    "blacklisted_until": 1781705921.6110456
  },
  "gsk_…bdFd": {
    "blacklisted_until": 1781706061.2336776
  },
  "gsk_…PxXM": {
    "blacklisted_until": 1781706062.2847795
  }
}