{
  "gsk_…GQpc": {
    "blacklisted_until": 1780325999.06792
  },
  "gsk_…M2TI": {
    "blacklisted_until": 1780325999.1325521
  },
  "gsk_…bdFd": {
    "blacklisted_until": 1780325999.0023124
  },
  "gsk_…PxXM": {
    "blacklisted_until": 1780325999.2042165
  },
  "gsk_…HF8S": {
    "blacklisted_until": 1780326059.2838378
  },
  "gsk_…JOK1": {
    "blacklisted_until": 1780326119.3554337
  }
}