{
  "gsk_…M2TI": {
    "blacklisted_until": 1780961769.9329617
  },
  "gsk_…HF8S": {
    "blacklisted_until": 1780961830.1034062
  },
  "gsk_…PxXM": {
    "blacklisted_until": 1780961860.3283055
  },
  "gsk_…bdFd": {
    "blacklisted_until": 1780961860.4376032
  },
  "gsk_…JOK1": {
    "blacklisted_until": 1780961860.5384722
  },
  "gsk_…GQpc": {
    "blacklisted_until": 1780961860.6392288
  }
}