{
  "gsk_…bdFd": {
    "blacklisted_until": 1780155030.6387236
  },
  "gsk_…GQpc": {
    "blacklisted_until": 1780155061.737663
  },
  "gsk_…M2TI": {
    "blacklisted_until": 1780155061.8043456
  },
  "gsk_…HF8S": {
    "blacklisted_until": 1780155061.8726215
  },
  "gsk_…PxXM": {
    "blacklisted_until": 1780155061.9358132
  },
  "gsk_…JOK1": {
    "blacklisted_until": 1780155062.0014863
  }
}