{
  "gsk_…PxXM": {
    "blacklisted_until": 1780236558.8634357
  },
  "gsk_…bdFd": {
    "blacklisted_until": 1780236558.7997527
  },
  "gsk_…JOK1": {
    "blacklisted_until": 1780236618.9290414
  },
  "gsk_…GQpc": {
    "blacklisted_until": 1780236618.9946337
  },
  "gsk_…M2TI": {
    "blacklisted_until": 1780236619.0635908
  },
  "gsk_…HF8S": {
    "blacklisted_until": 1780236619.1374876
  }
}