{
  "gsk_…bdFd": {
    "blacklisted_until": 1780651628.9695182
  },
  "gsk_…M2TI": {
    "blacklisted_until": 1780651693.0857742
  },
  "gsk_…HF8S": {
    "blacklisted_until": 1780651693.1813204
  },
  "gsk_…PxXM": {
    "blacklisted_until": 1780651693.2501655
  },
  "gsk_…JOK1": {
    "blacklisted_until": 1780651693.3276627
  },
  "gsk_…GQpc": {
    "blacklisted_until": 1780651693.3985443
  }
}