{
  "gsk_…JOK1": {
    "blacklisted_until": 1782145279.4194634
  },
  "gsk_…HF8S": {
    "blacklisted_until": 1782145279.4983816
  },
  "gsk_…PxXM": {
    "blacklisted_until": 1782145279.285104
  },
  "gsk_…GQpc": {
    "blacklisted_until": 1782145247.9087048
  },
  "gsk_…M2TI": {
    "blacklisted_until": 1782145247.9825263
  },
  "gsk_…bdFd": {
    "blacklisted_until": 1782145279.3495278
  }
}