{
  "gsk_…M2TI": {
    "blacklisted_until": 1780731190.3963509
  },
  "gsk_…JOK1": {
    "blacklisted_until": 1780731326.411791
  },
  "gsk_…GQpc": {
    "blacklisted_until": 1780731326.5539799
  },
  "gsk_…HF8S": {
    "blacklisted_until": 1780731326.6917722
  },
  "gsk_…bdFd": {
    "blacklisted_until": 1780731281.156561
  },
  "gsk_…PxXM": {
    "blacklisted_until": 1780731326.8439445
  }
}