{
  "gsk_…GQpc": {
    "blacklisted_until": 1782296917.6702049
  },
  "gsk_…M2TI": {
    "blacklisted_until": 1782296917.7478309
  },
  "gsk_…JOK1": {
    "blacklisted_until": 1782296917.8292615
  }
}