{
  "gsk_…GQpc": {
    "blacklisted_until": 1781771561.9873662
  },
  "gsk_…M2TI": {
    "blacklisted_until": 1781771562.054015
  },
  "gsk_…JOK1": {
    "blacklisted_until": 1781771562.120407
  },
  "gsk_…HF8S": {
    "blacklisted_until": 1781771517.737332
  },
  "gsk_…PxXM": {
    "blacklisted_until": 1781771517.809108
  },
  "gsk_…bdFd": {
    "blacklisted_until": 1781771517.8759913
  }
}