{
  "gsk_…GQpc": {
    "blacklisted_until": 1781399327.2478478
  },
  "gsk_…JOK1": {
    "blacklisted_until": 1781399327.3166857
  },
  "gsk_…M2TI": {
    "blacklisted_until": 1781399387.4542282
  }
}