{
  "gsk_…PxXM": {
    "blacklisted_until": 1781444429.0449324
  },
  "gsk_…bdFd": {
    "blacklisted_until": 1781444429.1373792
  }
}