{
  "gsk_…JOK1": {
    "blacklisted_until": 1781110697.8200097
  },
  "gsk_…GQpc": {
    "blacklisted_until": 1781110697.8932014
  },
  "gsk_…M2TI": {
    "blacklisted_until": 1781110697.9610693
  },
  "gsk_…PxXM": {
    "blacklisted_until": 1781110789.207033
  },
  "gsk_…bdFd": {
    "blacklisted_until": 1781110789.272989
  },
  "gsk_…HF8S": {
    "blacklisted_until": 1781110789.3314629
  }
}