{
  "gsk_…HF8S": {
    "blacklisted_until": 1781249376.9075556
  },
  "gsk_…M2TI": {
    "blacklisted_until": 1781249250.3539453
  },
  "gsk_…bdFd": {
    "blacklisted_until": 1781249341.4485052
  },
  "gsk_…GQpc": {
    "blacklisted_until": 1781249376.8110955
  },
  "gsk_…PxXM": {
    "blacklisted_until": 1781249376.9859438
  },
  "gsk_…JOK1": {
    "blacklisted_until": 1781249377.0555282
  }
}