{
  "gsk_…PxXM": {
    "blacklisted_until": 1780904475.1055954
  },
  "gsk_…bdFd": {
    "blacklisted_until": 1780904476.820322
  },
  "gsk_…GQpc": {
    "blacklisted_until": 1780904600.1711276
  },
  "gsk_…M2TI": {
    "blacklisted_until": 1780904600.2363667
  },
  "gsk_…HF8S": {
    "blacklisted_until": 1780904600.2995842
  },
  "gsk_…JOK1": {
    "blacklisted_until": 1780904600.3624043
  }
}