{
  "gsk_…PxXM": {
    "blacklisted_until": 1781124546.0600138
  },
  "gsk_…bdFd": {
    "blacklisted_until": 1781124546.137613
  }
}