{
  "gsk_…PxXM": {
    "blacklisted_until": 1780229785.3834858
  },
  "gsk_…bdFd": {
    "blacklisted_until": 1780229845.4604788
  },
  "gsk_…JOK1": {
    "blacklisted_until": 1780229905.5382369
  },
  "gsk_…GQpc": {
    "blacklisted_until": 1780229905.6093302
  },
  "gsk_…M2TI": {
    "blacklisted_until": 1780229905.6792233
  },
  "gsk_…HF8S": {
    "blacklisted_until": 1780229905.7480025
  }
}