{
  "gsk_…bdFd": {
    "blacklisted_until": 1780102255.7428677
  },
  "gsk_…JOK1": {
    "blacklisted_until": 1780102255.813875
  },
  "gsk_…GQpc": {
    "blacklisted_until": 1780102255.878682
  },
  "gsk_…M2TI": {
    "blacklisted_until": 1780102255.9464386
  }
}