{
  "gsk_…bdFd": {
    "blacklisted_until": 1780530291.4226458
  },
  "gsk_…GQpc": {
    "blacklisted_until": 1780530322.667252
  },
  "gsk_…M2TI": {
    "blacklisted_until": 1780530322.815421
  },
  "gsk_…HF8S": {
    "blacklisted_until": 1780530322.9544654
  },
  "gsk_…PxXM": {
    "blacklisted_until": 1780530323.0879986
  },
  "gsk_…JOK1": {
    "blacklisted_until": 1780530323.2233505
  }
}