{
  "gsk_…JOK1": {
    "blacklisted_until": 1781850966.0099618
  },
  "gsk_…HF8S": {
    "blacklisted_until": 1781850965.8564758
  },
  "gsk_…bdFd": {
    "blacklisted_until": 1781850934.3645794
  },
  "gsk_…M2TI": {
    "blacklisted_until": 1781850965.7672117
  },
  "gsk_…PxXM": {
    "blacklisted_until": 1781850965.9233513
  },
  "gsk_…GQpc": {
    "blacklisted_until": 1781850966.1060932
  }
}