{
  "gsk_…bdFd": {
    "blacklisted_until": 1781879600.7431822
  },
  "gsk_…GQpc": {
    "blacklisted_until": 1781879415.6560044
  },
  "gsk_…M2TI": {
    "blacklisted_until": 1781879415.7362072
  },
  "gsk_…PxXM": {
    "blacklisted_until": 1781879418.308459
  },
  "gsk_…JOK1": {
    "blacklisted_until": 1781879418.3936589
  },
  "gsk_…HF8S": {
    "blacklisted_until": 1781879418.4774253
  }
}