{
  "gsk_…PxXM": {
    "blacklisted_until": 1781480234.5843117
  },
  "gsk_…bdFd": {
    "blacklisted_until": 1781480234.7366688
  },
  "gsk_…GQpc": {
    "blacklisted_until": 1781480296.6194074
  },
  "gsk_…M2TI": {
    "blacklisted_until": 1781480296.7646732
  },
  "gsk_…JOK1": {
    "blacklisted_until": 1781480298.5682194
  },
  "gsk_…HF8S": {
    "blacklisted_until": 1781480298.7067504
  }
}