{
  "gsk_…M2TI": {
    "blacklisted_until": 1779891193.1161346
  },
  "gsk_…bdFd": {
    "blacklisted_until": 1779891161.9400299
  },
  "gsk_…GQpc": {
    "blacklisted_until": 1779891192.7833104
  },
  "gsk_…PxXM": {
    "blacklisted_until": 1779891161.873946
  },
  "gsk_…JOK1": {
    "blacklisted_until": 1779891193.2509346
  },
  "gsk_…HF8S": {
    "blacklisted_until": 1779891161.7958727
  }
}