{
  "gsk_…bdFd": {
    "blacklisted_until": 1780606722.454193
  },
  "gsk_…JOK1": {
    "blacklisted_until": 1780606782.5612695
  },
  "gsk_…GQpc": {
    "blacklisted_until": 1780606782.6838825
  },
  "gsk_…M2TI": {
    "blacklisted_until": 1780606782.7869873
  },
  "gsk_…HF8S": {
    "blacklisted_until": 1780606782.8919003
  },
  "gsk_…PxXM": {
    "blacklisted_until": 1780606783.0002623
  }
}