{
  "gsk_…PxXM": {
    "blacklisted_until": 1780645678.3379889
  },
  "gsk_…bdFd": {
    "blacklisted_until": 1780645661.8232696
  },
  "gsk_…GQpc": {
    "blacklisted_until": 1780645678.080699
  },
  "gsk_…M2TI": {
    "blacklisted_until": 1780645678.173575
  },
  "gsk_…HF8S": {
    "blacklisted_until": 1780645678.2494645
  },
  "gsk_…JOK1": {
    "blacklisted_until": 1780645677.9761167
  }
}