{
  "gsk_…JOK1": {
    "blacklisted_until": 1780072674.7707872
  },
  "gsk_…GQpc": {
    "blacklisted_until": 1780072674.8368273
  },
  "gsk_…M2TI": {
    "blacklisted_until": 1780072674.9203713
  },
  "gsk_…HF8S": {
    "blacklisted_until": 1780072674.9966974
  },
  "gsk_…PxXM": {
    "blacklisted_until": 1780072675.0755715
  }
}