{
  "gsk_…M2TI": {
    "blacklisted_until": 1781938676.9179072
  },
  "gsk_…PxXM": {
    "blacklisted_until": 1781938707.9406366
  },
  "gsk_…bdFd": {
    "blacklisted_until": 1781938708.0201342
  },
  "gsk_…JOK1": {
    "blacklisted_until": 1781938708.1010377
  },
  "gsk_…GQpc": {
    "blacklisted_until": 1781938708.1819289
  },
  "gsk_…HF8S": {
    "blacklisted_until": 1781938708.2579434
  }
}