{
  "gsk_…HF8S": {
    "blacklisted_until": 1780603623.8661373
  },
  "gsk_…PxXM": {
    "blacklisted_until": 1780603624.005924
  },
  "gsk_…bdFd": {
    "blacklisted_until": 1780603624.1135075
  },
  "gsk_…JOK1": {
    "blacklisted_until": 1780603624.2224338
  },
  "gsk_…GQpc": {
    "blacklisted_until": 1780603624.3360276
  },
  "gsk_…M2TI": {
    "blacklisted_until": 1780603624.4447873
  }
}