{
  "gsk_…GQpc": {
    "blacklisted_until": 1780532626.8565745
  },
  "gsk_…M2TI": {
    "blacklisted_until": 1780532627.0137308
  },
  "gsk_…bdFd": {
    "blacklisted_until": 1780532626.718759
  },
  "gsk_…HF8S": {
    "blacklisted_until": 1780532838.8910584
  },
  "gsk_…PxXM": {
    "blacklisted_until": 1780532839.0268614
  },
  "gsk_…JOK1": {
    "blacklisted_until": 1780532839.1636596
  }
}