{
  "gsk_…GQpc": {
    "blacklisted_until": 1781980461.407982
  },
  "gsk_…M2TI": {
    "blacklisted_until": 1781980461.473814
  },
  "gsk_…HF8S": {
    "blacklisted_until": 1781980521.5415328
  },
  "gsk_…PxXM": {
    "blacklisted_until": 1781980521.6064024
  },
  "gsk_…bdFd": {
    "blacklisted_until": 1781980521.6690407
  },
  "gsk_…JOK1": {
    "blacklisted_until": 1781980521.7354412
  }
}