{
  "gsk_…JOK1": {
    "blacklisted_until": 1781111700.6944337
  },
  "gsk_…GQpc": {
    "blacklisted_until": 1781111700.545128
  },
  "gsk_…M2TI": {
    "blacklisted_until": 1781111700.6233416
  },
  "gsk_…PxXM": {
    "blacklisted_until": 1781111488.3463995
  },
  "gsk_…bdFd": {
    "blacklisted_until": 1781111488.4116316
  },
  "gsk_…HF8S": {
    "blacklisted_until": 1781111488.475072
  }
}