{
  "gsk_…M2TI": {
    "blacklisted_until": 1780322846.9822366
  },
  "gsk_…HF8S": {
    "blacklisted_until": 1780322907.0633717
  },
  "gsk_…PxXM": {
    "blacklisted_until": 1780322907.1363673
  },
  "gsk_…bdFd": {
    "blacklisted_until": 1780322907.2100828
  },
  "gsk_…JOK1": {
    "blacklisted_until": 1780322907.2860608
  },
  "gsk_…GQpc": {
    "blacklisted_until": 1780322907.3647125
  }
}