{
  "gsk_…GQpc": {
    "blacklisted_until": 1781847098.6322136
  },
  "gsk_…M2TI": {
    "blacklisted_until": 1781847098.7226846
  },
  "gsk_…HF8S": {
    "blacklisted_until": 1781847098.813617
  },
  "gsk_…PxXM": {
    "blacklisted_until": 1781847098.9090712
  },
  "gsk_…bdFd": {
    "blacklisted_until": 1781847099.0052052
  },
  "gsk_…JOK1": {
    "blacklisted_until": 1781847099.093249
  }
}