{
  "gsk_…M2TI": {
    "blacklisted_until": 1780918034.5140142
  },
  "gsk_…PxXM": {
    "blacklisted_until": 1780918216.3432922
  },
  "gsk_…bdFd": {
    "blacklisted_until": 1780918216.417305
  }
}