{
  "gsk_…bdFd": {
    "blacklisted_until": 1781608391.1873505
  },
  "gsk_…JOK1": {
    "blacklisted_until": 1781608391.5565803
  },
  "gsk_…GQpc": {
    "blacklisted_until": 1781608391.623877
  },
  "gsk_…M2TI": {
    "blacklisted_until": 1781608391.6918318
  },
  "gsk_…HF8S": {
    "blacklisted_until": 1781608391.7582002
  },
  "gsk_…PxXM": {
    "blacklisted_until": 1781608543.3366666
  }
}