{
  "gsk_…M2TI": {
    "blacklisted_until": 1780441466.673786
  },
  "gsk_…bdFd": {
    "blacklisted_until": 1780441376.2295647
  },
  "gsk_…HF8S": {
    "blacklisted_until": 1780441527.1320848
  },
  "gsk_…PxXM": {
    "blacklisted_until": 1780441527.1990974
  },
  "gsk_…JOK1": {
    "blacklisted_until": 1780441527.2799218
  },
  "gsk_…GQpc": {
    "blacklisted_until": 1780441527.400245
  }
}