{
  "gsk_…M2TI": {
    "blacklisted_until": 1781448091.2056344
  },
  "gsk_…HF8S": {
    "blacklisted_until": 1781448151.2862525
  },
  "gsk_…PxXM": {
    "blacklisted_until": 1781448151.3641984
  }
}