{
  "gsk_…PxXM": {
    "blacklisted_until": 1782086587.8487666
  },
  "gsk_…bdFd": {
    "blacklisted_until": 1782086587.918297
  },
  "gsk_…JOK1": {
    "blacklisted_until": 1782086647.99691
  },
  "gsk_…GQpc": {
    "blacklisted_until": 1782086648.0681207
  },
  "gsk_…M2TI": {
    "blacklisted_until": 1782086648.1371973
  },
  "gsk_…HF8S": {
    "blacklisted_until": 1782086648.2260098
  }
}