{
  "gsk_…GQpc": {
    "blacklisted_until": 1782183410.0200555
  },
  "gsk_…M2TI": {
    "blacklisted_until": 1782183410.0880191
  },
  "gsk_…PxXM": {
    "blacklisted_until": 1782183507.9025636
  },
  "gsk_…bdFd": {
    "blacklisted_until": 1782183507.9728882
  },
  "gsk_…HF8S": {
    "blacklisted_until": 1782183560.0843863
  },
  "gsk_…JOK1": {
    "blacklisted_until": 1782183560.1495655
  }
}