{
  "gsk_…M2TI": {
    "blacklisted_until": 1781497919.5688958
  },
  "gsk_…PxXM": {
    "blacklisted_until": 1781497951.2065613
  },
  "gsk_…bdFd": {
    "blacklisted_until": 1781497951.3521855
  },
  "gsk_…JOK1": {
    "blacklisted_until": 1781497951.5013294
  },
  "gsk_…GQpc": {
    "blacklisted_until": 1781497951.650662
  },
  "gsk_…HF8S": {
    "blacklisted_until": 1781497951.7847784
  }
}