{
  "gsk_…GQpc": {
    "blacklisted_until": 1780623516.5514603
  },
  "gsk_…M2TI": {
    "blacklisted_until": 1780623516.6586077
  },
  "gsk_…bdFd": {
    "blacklisted_until": 1780623516.7739036
  },
  "gsk_…JOK1": {
    "blacklisted_until": 1780623576.8834822
  },
  "gsk_…HF8S": {
    "blacklisted_until": 1780623576.9849617
  },
  "gsk_…PxXM": {
    "blacklisted_until": 1780623577.0940545
  }
}