{
  "gsk_…PxXM": {
    "blacklisted_until": 1781488212.9418092
  },
  "gsk_…bdFd": {
    "blacklisted_until": 1781488213.094193
  },
  "gsk_…JOK1": {
    "blacklisted_until": 1781488213.2179554
  },
  "gsk_…GQpc": {
    "blacklisted_until": 1781488213.3540182
  },
  "gsk_…M2TI": {
    "blacklisted_until": 1781488213.5093017
  },
  "gsk_…HF8S": {
    "blacklisted_until": 1781488213.65039
  }
}