{
  "gsk_…HF8S": {
    "blacklisted_until": 1780413373.2205017
  },
  "gsk_…PxXM": {
    "blacklisted_until": 1780413373.3289244
  },
  "gsk_…bdFd": {
    "blacklisted_until": 1780413373.405776
  },
  "gsk_…GQpc": {
    "blacklisted_until": 1780413526.115334
  },
  "gsk_…M2TI": {
    "blacklisted_until": 1780413526.212929
  },
  "gsk_…JOK1": {
    "blacklisted_until": 1780413526.3124247
  }
}