{
  "gsk_…GQpc": {
    "blacklisted_until": 1782300290.8807726
  },
  "gsk_…M2TI": {
    "blacklisted_until": 1782300290.961573
  },
  "gsk_…JOK1": {
    "blacklisted_until": 1782300291.038524
  }
}