{
  "gsk_…PxXM": {
    "blacklisted_until": 1782262945.9388871
  },
  "gsk_…bdFd": {
    "blacklisted_until": 1782262946.017542
  },
  "gsk_…HF8S": {
    "blacklisted_until": 1782262945.8575282
  },
  "gsk_…JOK1": {
    "blacklisted_until": 1782262794.9462287
  },
  "gsk_…GQpc": {
    "blacklisted_until": 1782262795.0295446
  },
  "gsk_…M2TI": {
    "blacklisted_until": 1782262855.198543
  }
}