{
  "gsk_…JOK1": {
    "blacklisted_until": 1782308958.8746665
  },
  "gsk_…GQpc": {
    "blacklisted_until": 1782309201.3822494
  },
  "gsk_…M2TI": {
    "blacklisted_until": 1782309201.4619122
  }
}