{
  "gsk_…PxXM": {
    "blacklisted_until": 1782169014.580213
  },
  "gsk_…bdFd": {
    "blacklisted_until": 1782169014.6500382
  },
  "gsk_…JOK1": {
    "blacklisted_until": 1782169074.7177832
  },
  "gsk_…GQpc": {
    "blacklisted_until": 1782169074.7853172
  },
  "gsk_…M2TI": {
    "blacklisted_until": 1782169074.852402
  },
  "gsk_…HF8S": {
    "blacklisted_until": 1782169074.9244747
  }
}