{
  "gsk_…GQpc": {
    "blacklisted_until": 1781920279.6440594
  },
  "gsk_…M2TI": {
    "blacklisted_until": 1781920279.7335236
  },
  "gsk_…PxXM": {
    "blacklisted_until": 1781920344.0402942
  },
  "gsk_…bdFd": {
    "blacklisted_until": 1781920344.1486588
  },
  "gsk_…JOK1": {
    "blacklisted_until": 1781920344.2272909
  },
  "gsk_…HF8S": {
    "blacklisted_until": 1781920344.3044887
  }
}