{
  "gsk_…HF8S": {
    "blacklisted_until": 1781701356.5392346
  },
  "gsk_…JOK1": {
    "blacklisted_until": 1781701356.652272
  },
  "gsk_…GQpc": {
    "blacklisted_until": 1781701356.7583954
  },
  "gsk_…M2TI": {
    "blacklisted_until": 1781701356.8568742
  },
  "gsk_…PxXM": {
    "blacklisted_until": 1781701507.5862515
  },
  "gsk_…bdFd": {
    "blacklisted_until": 1781701507.691471
  }
}