{
  "gsk_…PxXM": {
    "blacklisted_until": 1780228795.5259752
  },
  "gsk_…bdFd": {
    "blacklisted_until": 1780228855.6312652
  }
}