{
  "gsk_…PxXM": {
    "blacklisted_until": 1781279834.2498372
  },
  "gsk_…bdFd": {
    "blacklisted_until": 1781279834.3202484
  },
  "gsk_…M2TI": {
    "blacklisted_until": 1781279865.5870159
  },
  "gsk_…JOK1": {
    "blacklisted_until": 1781279865.6555274
  },
  "gsk_…GQpc": {
    "blacklisted_until": 1781279925.7245884
  }
}