{
  "gsk_…GQpc": {
    "blacklisted_until": 1781122939.5694003
  },
  "gsk_…M2TI": {
    "blacklisted_until": 1781123090.1533191
  }
}