{
  "gsk_…HF8S": {
    "blacklisted_until": 1781204926.548193
  },
  "gsk_…PxXM": {
    "blacklisted_until": 1781204926.677618
  },
  "gsk_…bdFd": {
    "blacklisted_until": 1781204926.864585
  },
  "gsk_…JOK1": {
    "blacklisted_until": 1781205018.6268065
  },
  "gsk_…GQpc": {
    "blacklisted_until": 1781205078.8412805
  },
  "gsk_…M2TI": {
    "blacklisted_until": 1781205078.972698
  }
}