{
  "gsk_…bdFd": {
    "blacklisted_until": 1781696664.7154782
  },
  "gsk_…PxXM": {
    "blacklisted_until": 1781696664.609004
  },
  "gsk_…JOK1": {
    "blacklisted_until": 1781696815.4581294
  },
  "gsk_…GQpc": {
    "blacklisted_until": 1781696815.5643346
  },
  "gsk_…M2TI": {
    "blacklisted_until": 1781696815.66245
  }
}