{
  "gsk_…GQpc": {
    "blacklisted_until": 1781886204.579513
  },
  "gsk_…M2TI": {
    "blacklisted_until": 1781886204.6619017
  },
  "gsk_…HF8S": {
    "blacklisted_until": 1781886204.7507975
  },
  "gsk_…PxXM": {
    "blacklisted_until": 1781886204.8364277
  },
  "gsk_…bdFd": {
    "blacklisted_until": 1781886204.9156547
  },
  "gsk_…JOK1": {
    "blacklisted_until": 1781886204.993251
  }
}