{
  "gsk_…HF8S": {
    "blacklisted_until": 1780191295.0144877
  },
  "gsk_…GQpc": {
    "blacklisted_until": 1780191445.6992412
  },
  "gsk_…JOK1": {
    "blacklisted_until": 1780191445.6171794
  },
  "gsk_…PxXM": {
    "blacklisted_until": 1780191355.0916803
  },
  "gsk_…bdFd": {
    "blacklisted_until": 1780191355.179103
  },
  "gsk_…M2TI": {
    "blacklisted_until": 1780191505.8287265
  }
}