{
  "gsk_…bdFd": {
    "blacklisted_until": 1779936277.80337
  },
  "gsk_…PxXM": {
    "blacklisted_until": 1779936277.7425997
  },
  "gsk_…GQpc": {
    "blacklisted_until": 1779936368.1882374
  },
  "gsk_…M2TI": {
    "blacklisted_until": 1779936368.2514362
  },
  "gsk_…HF8S": {
    "blacklisted_until": 1779936407.9650993
  },
  "gsk_…JOK1": {
    "blacklisted_until": 1779936368.1197205
  }
}