{
  "gsk_…HF8S": {
    "blacklisted_until": 1779905121.2192407
  },
  "gsk_…PxXM": {
    "blacklisted_until": 1779905455.155496
  },
  "gsk_…bdFd": {
    "blacklisted_until": 1779905455.2214015
  },
  "gsk_…JOK1": {
    "blacklisted_until": 1779905121.4562378
  },
  "gsk_…GQpc": {
    "blacklisted_until": 1779905121.5379486
  },
  "gsk_…M2TI": {
    "blacklisted_until": 1779905121.606094
  }
}