{
  "gsk_…M2TI": {
    "blacklisted_until": 1780565221.8348143
  },
  "gsk_…GQpc": {
    "blacklisted_until": 1780565221.770327
  },
  "gsk_…HF8S": {
    "blacklisted_until": 1780565372.2053885
  },
  "gsk_…JOK1": {
    "blacklisted_until": 1780565372.269688
  }
}