{
  "gsk_…JOK1": {
    "blacklisted_until": 1781969861.077864
  },
  "gsk_…GQpc": {
    "blacklisted_until": 1781969861.1478577
  },
  "gsk_…M2TI": {
    "blacklisted_until": 1781969861.2204423
  },
  "gsk_…HF8S": {
    "blacklisted_until": 1781969861.3031578
  },
  "gsk_…PxXM": {
    "blacklisted_until": 1781969861.3766217
  }
}