{
  "gsk_…HF8S": {
    "blacklisted_until": 1780411007.5195823
  },
  "gsk_…PxXM": {
    "blacklisted_until": 1780411007.6209915
  },
  "gsk_…bdFd": {
    "blacklisted_until": 1780411007.7840629
  },
  "gsk_…JOK1": {
    "blacklisted_until": 1780411158.1892273
  },
  "gsk_…GQpc": {
    "blacklisted_until": 1780411158.2928727
  },
  "gsk_…M2TI": {
    "blacklisted_until": 1780411158.3670998
  }
}