{
  "gsk_…bdFd": {
    "blacklisted_until": 1780782205.998369
  },
  "gsk_…PxXM": {
    "blacklisted_until": 1780782205.9135587
  },
  "gsk_…M2TI": {
    "blacklisted_until": 1780782418.7884376
  },
  "gsk_…GQpc": {
    "blacklisted_until": 1780782387.8006966
  },
  "gsk_…JOK1": {
    "blacklisted_until": 1780782418.7216127
  },
  "gsk_…HF8S": {
    "blacklisted_until": 1780782418.8530607
  }
}