{
  "gsk_…bdFd": {
    "blacklisted_until": 1780519878.7795331
  },
  "gsk_…PxXM": {
    "blacklisted_until": 1780519878.6354327
  },
  "gsk_…GQpc": {
    "blacklisted_until": 1780519910.706272
  },
  "gsk_…M2TI": {
    "blacklisted_until": 1780519910.844039
  },
  "gsk_…HF8S": {
    "blacklisted_until": 1780519878.5006955
  },
  "gsk_…JOK1": {
    "blacklisted_until": 1780519910.981078
  }
}