{
  "gsk_…GQpc": {
    "blacklisted_until": 1782147228.0541162
  },
  "gsk_…M2TI": {
    "blacklisted_until": 1782147228.1261332
  }
}