{
  "gsk_…M2TI": {
    "blacklisted_until": 1781612314.5580814
  },
  "gsk_…PxXM": {
    "blacklisted_until": 1781612406.2874866
  },
  "gsk_…bdFd": {
    "blacklisted_until": 1781612406.3570094
  },
  "gsk_…JOK1": {
    "blacklisted_until": 1781612406.427773
  },
  "gsk_…GQpc": {
    "blacklisted_until": 1781612406.4912364
  },
  "gsk_…HF8S": {
    "blacklisted_until": 1781612406.5584521
  }
}