{
  "gsk_…PxXM": {
    "blacklisted_until": 1781852889.7143822
  },
  "gsk_…bdFd": {
    "blacklisted_until": 1781852889.799936
  },
  "gsk_…JOK1": {
    "blacklisted_until": 1781852896.9655056
  },
  "gsk_…M2TI": {
    "blacklisted_until": 1781852898.8808537
  },
  "gsk_…GQpc": {
    "blacklisted_until": 1781852901.4001794
  },
  "gsk_…HF8S": {
    "blacklisted_until": 1781852901.4969695
  }
}