{
  "gsk_…M2TI": {
    "blacklisted_until": 1779636957.6588833
  },
  "gsk_…bdFd": {
    "blacklisted_until": 1779637017.7275414
  },
  "gsk_…JOK1": {
    "blacklisted_until": 1779637077.8006907
  },
  "gsk_…GQpc": {
    "blacklisted_until": 1779637077.8662145
  },
  "gsk_…HF8S": {
    "blacklisted_until": 1779637077.9326973
  },
  "gsk_…PxXM": {
    "blacklisted_until": 1779637077.9954908
  }
}