{
  "gsk_…GQpc": {
    "blacklisted_until": 1781441739.0204358
  },
  "gsk_…M2TI": {
    "blacklisted_until": 1781441739.0991504
  },
  "gsk_…JOK1": {
    "blacklisted_until": 1781441739.1752412
  }
}