{
  "gsk_…PxXM": {
    "blacklisted_until": 1781928729.8577535
  },
  "gsk_…HF8S": {
    "blacklisted_until": 1781928729.9355614
  },
  "gsk_…bdFd": {
    "blacklisted_until": 1781928790.022941
  },
  "gsk_…JOK1": {
    "blacklisted_until": 1781928790.112883
  },
  "gsk_…GQpc": {
    "blacklisted_until": 1781928850.2861485
  },
  "gsk_…M2TI": {
    "blacklisted_until": 1781928850.365021
  }
}