{
  "gsk_…JOK1": {
    "blacklisted_until": 1781411937.4172654
  },
  "gsk_…GQpc": {
    "blacklisted_until": 1781411963.5397775
  },
  "gsk_…PxXM": {
    "blacklisted_until": 1781411846.6763647
  },
  "gsk_…bdFd": {
    "blacklisted_until": 1781411846.7512734
  },
  "gsk_…HF8S": {
    "blacklisted_until": 1781411846.8227947
  },
  "gsk_…M2TI": {
    "blacklisted_until": 1781412023.6104598
  }
}