{
  "gsk_…bdFd": {
    "blacklisted_until": 1781150996.824983
  },
  "gsk_…PxXM": {
    "blacklisted_until": 1781150996.9682827
  },
  "gsk_…JOK1": {
    "blacklisted_until": 1781151057.1159787
  },
  "gsk_…GQpc": {
    "blacklisted_until": 1781151057.2689228
  },
  "gsk_…M2TI": {
    "blacklisted_until": 1781151057.4179645
  },
  "gsk_…HF8S": {
    "blacklisted_until": 1781151117.5601265
  }
}