{
  "gsk_…JOK1": {
    "blacklisted_until": 1780099887.1414669
  },
  "gsk_…GQpc": {
    "blacklisted_until": 1780099887.206572
  },
  "gsk_…M2TI": {
    "blacklisted_until": 1780099887.2708957
  },
  "gsk_…HF8S": {
    "blacklisted_until": 1780099886.9433482
  },
  "gsk_…PxXM": {
    "blacklisted_until": 1780099887.0087574
  },
  "gsk_…bdFd": {
    "blacklisted_until": 1780099887.0746312
  }
}