{
  "gsk_…PxXM": {
    "blacklisted_until": 1781271417.2468257
  },
  "gsk_…bdFd": {
    "blacklisted_until": 1781271417.319822
  },
  "gsk_…GQpc": {
    "blacklisted_until": 1781271448.4237182
  },
  "gsk_…M2TI": {
    "blacklisted_until": 1781271448.497531
  },
  "gsk_…HF8S": {
    "blacklisted_until": 1781271448.5643733
  },
  "gsk_…JOK1": {
    "blacklisted_until": 1781271451.6772628
  }
}