{
  "gsk_…bdFd": {
    "blacklisted_until": 1780736201.912412
  },
  "gsk_…GQpc": {
    "blacklisted_until": 1780736233.027863
  },
  "gsk_…M2TI": {
    "blacklisted_until": 1780736233.1811438
  },
  "gsk_…HF8S": {
    "blacklisted_until": 1780736233.3244066
  },
  "gsk_…PxXM": {
    "blacklisted_until": 1780736233.4885952
  },
  "gsk_…JOK1": {
    "blacklisted_until": 1780736233.6405306
  }
}