{
  "gsk_…HF8S": {
    "blacklisted_until": 1780205526.1660836
  },
  "gsk_…PxXM": {
    "blacklisted_until": 1780205526.2505982
  },
  "gsk_…bdFd": {
    "blacklisted_until": 1780205526.3303561
  }
}