{
  "gsk_…PxXM": {
    "blacklisted_until": 1780522524.9796467
  },
  "gsk_…bdFd": {
    "blacklisted_until": 1780522525.1328502
  },
  "gsk_…HF8S": {
    "blacklisted_until": 1780522524.833316
  },
  "gsk_…GQpc": {
    "blacklisted_until": 1780522706.8734531
  },
  "gsk_…M2TI": {
    "blacklisted_until": 1780522707.0116525
  },
  "gsk_…JOK1": {
    "blacklisted_until": 1780522707.1451664
  }
}