{
  "gsk_…M2TI": {
    "blacklisted_until": 1781607728.492928
  },
  "gsk_…PxXM": {
    "blacklisted_until": 1781607850.884847
  },
  "gsk_…GQpc": {
    "blacklisted_until": 1781607728.428034
  },
  "gsk_…HF8S": {
    "blacklisted_until": 1781607728.5616422
  },
  "gsk_…bdFd": {
    "blacklisted_until": 1781608032.1362412
  },
  "gsk_…JOK1": {
    "blacklisted_until": 1781607760.1417942
  }
}