{
  "gsk_…HF8S": {
    "blacklisted_until": 1781442285.7556913
  },
  "gsk_…PxXM": {
    "blacklisted_until": 1781442285.8344607
  },
  "gsk_…bdFd": {
    "blacklisted_until": 1781442285.910071
  },
  "gsk_…GQpc": {
    "blacklisted_until": 1781442377.068256
  },
  "gsk_…M2TI": {
    "blacklisted_until": 1781442377.1475143
  },
  "gsk_…JOK1": {
    "blacklisted_until": 1781442377.2270792
  }
}