{
  "gsk_…JOK1": {
    "blacklisted_until": 1781072214.394139
  },
  "gsk_…GQpc": {
    "blacklisted_until": 1781072214.4651449
  },
  "gsk_…M2TI": {
    "blacklisted_until": 1781072214.533476
  },
  "gsk_…HF8S": {
    "blacklisted_until": 1781072214.6061747
  },
  "gsk_…PxXM": {
    "blacklisted_until": 1781072214.6795747
  },
  "gsk_…bdFd": {
    "blacklisted_until": 1781072214.77055
  }
}