{
  "gsk_…JOK1": {
    "blacklisted_until": 1781527260.6720986
  },
  "gsk_…M2TI": {
    "blacklisted_until": 1781527534.8250551
  }
}