{
  "gsk_…bdFd": {
    "blacklisted_until": 1780271131.2771845
  },
  "gsk_…JOK1": {
    "blacklisted_until": 1780271191.3509393
  },
  "gsk_…GQpc": {
    "blacklisted_until": 1780271191.4188297
  },
  "gsk_…M2TI": {
    "blacklisted_until": 1780271191.4912677
  },
  "gsk_…HF8S": {
    "blacklisted_until": 1780271191.5626113
  },
  "gsk_…PxXM": {
    "blacklisted_until": 1780271191.6378875
  }
}