{
  "gsk_…PxXM": {
    "blacklisted_until": 1780878964.1965115
  },
  "gsk_…bdFd": {
    "blacklisted_until": 1780878964.2994823
  },
  "gsk_…GQpc": {
    "blacklisted_until": 1780879026.1492069
  },
  "gsk_…M2TI": {
    "blacklisted_until": 1780879026.2549074
  },
  "gsk_…JOK1": {
    "blacklisted_until": 1780879026.351823
  },
  "gsk_…HF8S": {
    "blacklisted_until": 1780879086.4583726
  }
}