{
  "gsk_…PxXM": {
    "blacklisted_until": 1780019374.7482634
  },
  "gsk_…bdFd": {
    "blacklisted_until": 1780019374.8142877
  },
  "gsk_…JOK1": {
    "blacklisted_until": 1780019374.8837025
  },
  "gsk_…GQpc": {
    "blacklisted_until": 1780019374.9548838
  },
  "gsk_…M2TI": {
    "blacklisted_until": 1780019375.0180676
  },
  "gsk_…HF8S": {
    "blacklisted_until": 1780019375.0839446
  }
}