{
  "gsk_…HF8S": {
    "blacklisted_until": 1781749329.536878
  },
  "gsk_…bdFd": {
    "blacklisted_until": 1781749198.5527196
  },
  "gsk_…PxXM": {
    "blacklisted_until": 1781749198.6661742
  },
  "gsk_…GQpc": {
    "blacklisted_until": 1781749329.2767148
  },
  "gsk_…M2TI": {
    "blacklisted_until": 1781749329.4149594
  },
  "gsk_…JOK1": {
    "blacklisted_until": 1781749329.702807
  }
}