{
  "gsk_…GQpc": {
    "blacklisted_until": 1780771555.7133365
  },
  "gsk_…M2TI": {
    "blacklisted_until": 1780771555.7801452
  },
  "gsk_…PxXM": {
    "blacklisted_until": 1780771557.4529579
  },
  "gsk_…bdFd": {
    "blacklisted_until": 1780771557.5765092
  },
  "gsk_…HF8S": {
    "blacklisted_until": 1780771559.8457801
  },
  "gsk_…JOK1": {
    "blacklisted_until": 1780771559.9178467
  }
}