{
  "gsk_…GQpc": {
    "blacklisted_until": 1780653747.5934684
  },
  "gsk_…M2TI": {
    "blacklisted_until": 1780653747.6726823
  },
  "gsk_…HF8S": {
    "blacklisted_until": 1780653807.8097117
  },
  "gsk_…PxXM": {
    "blacklisted_until": 1780653807.8798406
  },
  "gsk_…bdFd": {
    "blacklisted_until": 1780653807.9535067
  },
  "gsk_…JOK1": {
    "blacklisted_until": 1780653842.282908
  }
}