{
  "gsk_…PxXM": {
    "blacklisted_until": 1779721413.4284246
  },
  "gsk_…bdFd": {
    "blacklisted_until": 1779721413.5382957
  },
  "gsk_…M2TI": {
    "blacklisted_until": 1779721413.6413414
  },
  "gsk_…HF8S": {
    "blacklisted_until": 1779721473.9301302
  },
  "gsk_…JOK1": {
    "blacklisted_until": 1779721474.123214
  },
  "gsk_…GQpc": {
    "blacklisted_until": 1779721474.2755673
  }
}