{
  "gsk_…PxXM": {
    "blacklisted_until": 1781108216.0090485
  },
  "gsk_…bdFd": {
    "blacklisted_until": 1781108216.0837815
  },
  "gsk_…GQpc": {
    "blacklisted_until": 1781108364.5665648
  },
  "gsk_…M2TI": {
    "blacklisted_until": 1781108364.629067
  }
}