{
  "gsk_…GQpc": {
    "blacklisted_until": 1779947589.556862
  },
  "gsk_…M2TI": {
    "blacklisted_until": 1779947589.6221187
  },
  "gsk_…JOK1": {
    "blacklisted_until": 1779947589.6854317
  }
}