{
  "gsk_…GQpc": {
    "blacklisted_until": 1782383909.6137996
  },
  "gsk_…M2TI": {
    "blacklisted_until": 1782383909.6800897
  },
  "gsk_…HF8S": {
    "blacklisted_until": 1782383909.7501156
  },
  "gsk_…PxXM": {
    "blacklisted_until": 1782383909.8678064
  },
  "gsk_…bdFd": {
    "blacklisted_until": 1782383909.9385204
  },
  "gsk_…JOK1": {
    "blacklisted_until": 1782383910.0158002
  }
}