{
  "gsk_…GQpc": {
    "blacklisted_until": 1781414573.9857457
  },
  "gsk_…HF8S": {
    "blacklisted_until": 1781414574.049403
  },
  "gsk_…JOK1": {
    "blacklisted_until": 1781414573.920825
  },
  "gsk_…PxXM": {
    "blacklisted_until": 1781414483.2920158
  },
  "gsk_…bdFd": {
    "blacklisted_until": 1781414483.3573985
  },
  "gsk_…M2TI": {
    "blacklisted_until": 1781414634.1175654
  }
}