{
  "gsk_…HF8S": {
    "blacklisted_until": 1780200333.0287852
  },
  "gsk_…PxXM": {
    "blacklisted_until": 1780200333.1065278
  },
  "gsk_…bdFd": {
    "blacklisted_until": 1780200333.1799128
  }
}