{
  "gsk_…GQpc": {
    "blacklisted_until": 1781566431.7689934
  },
  "gsk_…M2TI": {
    "blacklisted_until": 1781566431.8357902
  },
  "gsk_…JOK1": {
    "blacklisted_until": 1781566431.9033554
  },
  "gsk_…HF8S": {
    "blacklisted_until": 1781566491.9751077
  },
  "gsk_…PxXM": {
    "blacklisted_until": 1781566552.0650814
  },
  "gsk_…bdFd": {
    "blacklisted_until": 1781566552.137088
  }
}