{
  "gsk_…GQpc": {
    "blacklisted_until": 1782018066.5753624
  },
  "gsk_…M2TI": {
    "blacklisted_until": 1782018066.644608
  },
  "gsk_…bdFd": {
    "blacklisted_until": 1782018188.6855507
  },
  "gsk_…HF8S": {
    "blacklisted_until": 1782018188.7558758
  },
  "gsk_…PxXM": {
    "blacklisted_until": 1782018188.8355238
  },
  "gsk_…JOK1": {
    "blacklisted_until": 1782018280.1868384
  }
}