{
  "gsk_…JOK1": {
    "blacklisted_until": 1780452074.5161877
  },
  "gsk_…GQpc": {
    "blacklisted_until": 1780452074.583876
  },
  "gsk_…HF8S": {
    "blacklisted_until": 1780452074.655033
  },
  "gsk_…PxXM": {
    "blacklisted_until": 1780452074.7189913
  },
  "gsk_…M2TI": {
    "blacklisted_until": 1780451949.918575
  },
  "gsk_…bdFd": {
    "blacklisted_until": 1780452074.786787
  }
}