{
  "gsk_…GQpc": {
    "blacklisted_until": 1781438480.362436
  },
  "gsk_…M2TI": {
    "blacklisted_until": 1781438480.4432127
  }
}