{
  "gsk_…PxXM": {
    "blacklisted_until": 1780820892.5214636
  },
  "gsk_…M2TI": {
    "blacklisted_until": 1780820801.8229685
  },
  "gsk_…HF8S": {
    "blacklisted_until": 1780820801.900638
  },
  "gsk_…JOK1": {
    "blacklisted_until": 1780820952.5980897
  },
  "gsk_…GQpc": {
    "blacklisted_until": 1780820952.673123
  },
  "gsk_…bdFd": {
    "blacklisted_until": 1780821012.844956
  }
}