{
  "gsk_…HF8S": {
    "blacklisted_until": 1781565755.711912
  },
  "gsk_…bdFd": {
    "blacklisted_until": 1781565614.094101
  },
  "gsk_…PxXM": {
    "blacklisted_until": 1781565614.1660025
  },
  "gsk_…GQpc": {
    "blacklisted_until": 1781565755.5737302
  },
  "gsk_…M2TI": {
    "blacklisted_until": 1781565755.6425905
  },
  "gsk_…JOK1": {
    "blacklisted_until": 1781565755.78125
  }
}