{
  "gsk_…M2TI": {
    "blacklisted_until": 1781744280.065032
  },
  "gsk_…PxXM": {
    "blacklisted_until": 1781744136.2315621
  },
  "gsk_…bdFd": {
    "blacklisted_until": 1781744136.3629897
  },
  "gsk_…GQpc": {
    "blacklisted_until": 1781744188.8851671
  },
  "gsk_…HF8S": {
    "blacklisted_until": 1781744189.0323238
  },
  "gsk_…JOK1": {
    "blacklisted_until": 1781744189.147831
  }
}