{
  "gsk_…PxXM": {
    "blacklisted_until": 1782305662.1062715
  },
  "gsk_…bdFd": {
    "blacklisted_until": 1782305662.0266
  },
  "gsk_…GQpc": {
    "blacklisted_until": 1782305449.0613463
  },
  "gsk_…M2TI": {
    "blacklisted_until": 1782305449.1393096
  },
  "gsk_…HF8S": {
    "blacklisted_until": 1782305449.2255719
  },
  "gsk_…JOK1": {
    "blacklisted_until": 1782305449.3065715
  }
}