{
  "gsk_…M2TI": {
    "blacklisted_until": 1780150130.0339308
  },
  "gsk_…bdFd": {
    "blacklisted_until": 1780150223.9042118
  },
  "gsk_…JOK1": {
    "blacklisted_until": 1780150223.964043
  },
  "gsk_…GQpc": {
    "blacklisted_until": 1780150224.0271466
  },
  "gsk_…HF8S": {
    "blacklisted_until": 1780150224.0934982
  },
  "gsk_…PxXM": {
    "blacklisted_until": 1780150224.1572895
  }
}