{
  "gsk_…bdFd": {
    "blacklisted_until": 1780024945.5410714
  },
  "gsk_…JOK1": {
    "blacklisted_until": 1780025005.6053379
  },
  "gsk_…GQpc": {
    "blacklisted_until": 1780025005.6820886
  },
  "gsk_…HF8S": {
    "blacklisted_until": 1780025005.7449658
  },
  "gsk_…PxXM": {
    "blacklisted_until": 1780025005.8130052
  },
  "gsk_…M2TI": {
    "blacklisted_until": 1780025158.3261821
  }
}