{
  "gsk_…GQpc": {
    "blacklisted_until": 1780317350.2211318
  },
  "gsk_…HF8S": {
    "blacklisted_until": 1780317350.2878177
  },
  "gsk_…PxXM": {
    "blacklisted_until": 1780317350.3514562
  },
  "gsk_…JOK1": {
    "blacklisted_until": 1780317350.4286344
  },
  "gsk_…M2TI": {
    "blacklisted_until": 1780317410.5176024
  },
  "gsk_…bdFd": {
    "blacklisted_until": 1780317560.9314702
  }
}