{
  "gsk_…M2TI": {
    "blacklisted_until": 1781190021.3489892
  },
  "gsk_…PxXM": {
    "blacklisted_until": 1781190112.7729056
  },
  "gsk_…bdFd": {
    "blacklisted_until": 1781190112.9125657
  },
  "gsk_…JOK1": {
    "blacklisted_until": 1781190113.0653858
  },
  "gsk_…GQpc": {
    "blacklisted_until": 1781190113.2020013
  },
  "gsk_…HF8S": {
    "blacklisted_until": 1781190113.3532903
  }
}