{
  "gsk_…GQpc": {
    "blacklisted_until": 1781157730.3861444
  },
  "gsk_…M2TI": {
    "blacklisted_until": 1781157730.532445
  },
  "gsk_…HF8S": {
    "blacklisted_until": 1781157730.6761594
  },
  "gsk_…JOK1": {
    "blacklisted_until": 1781157730.8160033
  },
  "gsk_…bdFd": {
    "blacklisted_until": 1781157930.915112
  },
  "gsk_…PxXM": {
    "blacklisted_until": 1781157931.054369
  }
}