{
  "gsk_…GQpc": {
    "blacklisted_until": 1780904963.8871725
  },
  "gsk_…M2TI": {
    "blacklisted_until": 1780904963.9541435
  },
  "gsk_…JOK1": {
    "blacklisted_until": 1780905050.9921691
  },
  "gsk_…HF8S": {
    "blacklisted_until": 1780905051.0633414
  },
  "gsk_…PxXM": {
    "blacklisted_until": 1780905111.1353006
  },
  "gsk_…bdFd": {
    "blacklisted_until": 1780905111.2005725
  }
}