{
  "gsk_…HF8S": {
    "blacklisted_until": 1779991312.7513251
  },
  "gsk_…bdFd": {
    "blacklisted_until": 1779991435.2559786
  },
  "gsk_…PxXM": {
    "blacklisted_until": 1779991435.1732638
  },
  "gsk_…JOK1": {
    "blacklisted_until": 1779991312.8466818
  },
  "gsk_…GQpc": {
    "blacklisted_until": 1779991312.9299273
  },
  "gsk_…M2TI": {
    "blacklisted_until": 1779991313.0264997
  }
}