{
  "gsk_…bdFd": {
    "blacklisted_until": 1782169349.8680816
  },
  "gsk_…PxXM": {
    "blacklisted_until": 1782169349.938244
  },
  "gsk_…GQpc": {
    "blacklisted_until": 1782169441.2467535
  },
  "gsk_…M2TI": {
    "blacklisted_until": 1782169441.3115091
  },
  "gsk_…HF8S": {
    "blacklisted_until": 1782169441.385856
  },
  "gsk_…JOK1": {
    "blacklisted_until": 1782169441.4494793
  }
}