{
  "gsk_…PxXM": {
    "blacklisted_until": 1780944450.127021
  },
  "gsk_…bdFd": {
    "blacklisted_until": 1780944510.2610369
  },
  "gsk_…GQpc": {
    "blacklisted_until": 1780944512.656464
  },
  "gsk_…M2TI": {
    "blacklisted_until": 1780944572.760421
  },
  "gsk_…HF8S": {
    "blacklisted_until": 1780944572.8665183
  },
  "gsk_…JOK1": {
    "blacklisted_until": 1780944604.2690542
  }
}