{
  "gsk_…bdFd": {
    "blacklisted_until": 1782003323.4818811
  },
  "gsk_…GQpc": {
    "blacklisted_until": 1782003354.9745293
  },
  "gsk_…M2TI": {
    "blacklisted_until": 1782003355.0506017
  },
  "gsk_…PxXM": {
    "blacklisted_until": 1782003420.28878
  },
  "gsk_…JOK1": {
    "blacklisted_until": 1782003420.357088
  },
  "gsk_…HF8S": {
    "blacklisted_until": 1782003420.4250216
  }
}