{
  "gsk_…M2TI": {
    "blacklisted_until": 1780489298.3376687
  },
  "gsk_…HF8S": {
    "blacklisted_until": 1780489298.4700704
  },
  "gsk_…PxXM": {
    "blacklisted_until": 1780489298.6047273
  },
  "gsk_…bdFd": {
    "blacklisted_until": 1780489298.740732
  },
  "gsk_…JOK1": {
    "blacklisted_until": 1780489298.875912
  }
}