{
  "gsk_…GQpc": {
    "blacklisted_until": 1781924610.418344
  },
  "gsk_…M2TI": {
    "blacklisted_until": 1781924610.4938462
  },
  "gsk_…HF8S": {
    "blacklisted_until": 1781924610.575236
  },
  "gsk_…PxXM": {
    "blacklisted_until": 1781924610.6557212
  },
  "gsk_…JOK1": {
    "blacklisted_until": 1781924610.7381535
  }
}