{
  "gsk_…JOK1": {
    "blacklisted_until": 1782215644.023948
  },
  "gsk_…M2TI": {
    "blacklisted_until": 1782215612.5994463
  },
  "gsk_…PxXM": {
    "blacklisted_until": 1782215643.8539946
  },
  "gsk_…bdFd": {
    "blacklisted_until": 1782215643.9359913
  },
  "gsk_…GQpc": {
    "blacklisted_until": 1782215644.1011796
  },
  "gsk_…HF8S": {
    "blacklisted_until": 1782215644.1819818
  }
}