{
  "gsk_…HF8S": {
    "blacklisted_until": 1780244003.5358343
  },
  "gsk_…PxXM": {
    "blacklisted_until": 1780244063.6436255
  },
  "gsk_…bdFd": {
    "blacklisted_until": 1780244063.7158632
  }
}