{
  "gsk_…HF8S": {
    "blacklisted_until": 1782174789.1115541
  },
  "gsk_…PxXM": {
    "blacklisted_until": 1782174789.1871805
  },
  "gsk_…JOK1": {
    "blacklisted_until": 1782174789.2478738
  }
}