{
  "gsk_…bdFd": {
    "blacklisted_until": 1781363181.4386067
  },
  "gsk_…GQpc": {
    "blacklisted_until": 1781363181.5999923
  },
  "gsk_…JOK1": {
    "blacklisted_until": 1781363181.524449
  },
  "gsk_…HF8S": {
    "blacklisted_until": 1781363090.750147
  },
  "gsk_…PxXM": {
    "blacklisted_until": 1781363090.8246636
  },
  "gsk_…M2TI": {
    "blacklisted_until": 1781363241.676107
  }
}