{
  "gsk_…bdFd": {
    "blacklisted_until": 1780353123.9144008
  },
  "gsk_…M2TI": {
    "blacklisted_until": 1780353124.122713
  },
  "gsk_…JOK1": {
    "blacklisted_until": 1780353123.9876065
  },
  "gsk_…GQpc": {
    "blacklisted_until": 1780353124.0556288
  },
  "gsk_…PxXM": {
    "blacklisted_until": 1780353123.6485054
  },
  "gsk_…HF8S": {
    "blacklisted_until": 1780353123.049123
  }
}