{
  "gsk_…GQpc": {
    "blacklisted_until": 1781529653.0710893
  },
  "gsk_…M2TI": {
    "blacklisted_until": 1781529653.127292
  },
  "gsk_…HF8S": {
    "blacklisted_until": 1781529653.207294
  },
  "gsk_…PxXM": {
    "blacklisted_until": 1781529653.2643938
  },
  "gsk_…bdFd": {
    "blacklisted_until": 1781529653.319573
  },
  "gsk_…JOK1": {
    "blacklisted_until": 1781529653.3789175
  }
}