{
  "gsk_…GQpc": {
    "blacklisted_until": 1780239691.3379827
  },
  "gsk_…M2TI": {
    "blacklisted_until": 1780239691.4042907
  },
  "gsk_…HF8S": {
    "blacklisted_until": 1780239691.471594
  },
  "gsk_…JOK1": {
    "blacklisted_until": 1780239691.5350873
  },
  "gsk_…bdFd": {
    "blacklisted_until": 1780239905.5047774
  },
  "gsk_…PxXM": {
    "blacklisted_until": 1780239905.574277
  }
}