{
  "gsk_…bdFd": {
    "blacklisted_until": 1780737210.3039613
  },
  "gsk_…GQpc": {
    "blacklisted_until": 1780737301.5583036
  },
  "gsk_…M2TI": {
    "blacklisted_until": 1780737301.6951103
  },
  "gsk_…HF8S": {
    "blacklisted_until": 1780737301.8315325
  },
  "gsk_…PxXM": {
    "blacklisted_until": 1780737301.9780805
  },
  "gsk_…JOK1": {
    "blacklisted_until": 1780737302.1206381
  }
}