{
  "gsk_…M2TI": {
    "blacklisted_until": 1781938982.1225657
  },
  "gsk_…PxXM": {
    "blacklisted_until": 1781960248.6565127
  },
  "gsk_…bdFd": {
    "blacklisted_until": 1781960248.7316165
  },
  "gsk_…GQpc": {
    "blacklisted_until": 1781939135.1901643
  },
  "gsk_…HF8S": {
    "blacklisted_until": 1781939135.2709632
  },
  "gsk_…JOK1": {
    "blacklisted_until": 1781939135.3492086
  }
}