{
  "gsk_…GQpc": {
    "blacklisted_until": 1781281620.9532304
  },
  "gsk_…M2TI": {
    "blacklisted_until": 1781281621.0196772
  },
  "gsk_…JOK1": {
    "blacklisted_until": 1781281621.0886683
  },
  "gsk_…PxXM": {
    "blacklisted_until": 1781281499.1337574
  },
  "gsk_…bdFd": {
    "blacklisted_until": 1781281499.202778
  }
}