{
  "gsk_…GQpc": {
    "blacklisted_until": 1781207353.348849
  },
  "gsk_…M2TI": {
    "blacklisted_until": 1781207353.4954407
  },
  "gsk_…JOK1": {
    "blacklisted_until": 1781207353.6572318
  }
}