{
  "gsk_…PxXM": {
    "blacklisted_until": 1781154003.1150637
  },
  "gsk_…bdFd": {
    "blacklisted_until": 1781154003.2677803
  },
  "gsk_…JOK1": {
    "blacklisted_until": 1781154124.4236448
  },
  "gsk_…GQpc": {
    "blacklisted_until": 1781154124.5720446
  },
  "gsk_…M2TI": {
    "blacklisted_until": 1781154124.7197084
  },
  "gsk_…HF8S": {
    "blacklisted_until": 1781154124.914036
  }
}