{
  "gsk_…PxXM": {
    "blacklisted_until": 1780654180.540283
  },
  "gsk_…bdFd": {
    "blacklisted_until": 1780654180.6170418
  },
  "gsk_…JOK1": {
    "blacklisted_until": 1780654180.6928606
  },
  "gsk_…HF8S": {
    "blacklisted_until": 1780654180.7717571
  }
}