{
  "gsk_…PxXM": {
    "blacklisted_until": 1782348209.209659
  },
  "gsk_…bdFd": {
    "blacklisted_until": 1782348209.2756774
  },
  "gsk_…JOK1": {
    "blacklisted_until": 1782348240.6735225
  },
  "gsk_…HF8S": {
    "blacklisted_until": 1782348240.5985265
  },
  "gsk_…GQpc": {
    "blacklisted_until": 1782348087.1997478
  },
  "gsk_…M2TI": {
    "blacklisted_until": 1782348087.2659564
  }
}