{
  "gsk_…JOK1": {
    "blacklisted_until": 1782181193.232149
  },
  "gsk_…PxXM": {
    "blacklisted_until": 1782181193.1608834
  },
  "gsk_…HF8S": {
    "blacklisted_until": 1782181193.2952447
  },
  "gsk_…bdFd": {
    "blacklisted_until": 1782181253.4372203
  }
}