{
  "gsk_…GQpc": {
    "blacklisted_until": 1781774692.8949125
  },
  "gsk_…HF8S": {
    "blacklisted_until": 1781774692.9590166
  },
  "gsk_…JOK1": {
    "blacklisted_until": 1781774692.82899
  },
  "gsk_…M2TI": {
    "blacklisted_until": 1781774753.0436177
  }
}