{
  "gsk_…M2TI": {
    "blacklisted_until": 1780498095.9257903
  },
  "gsk_…PxXM": {
    "blacklisted_until": 1780498064.467992
  },
  "gsk_…bdFd": {
    "blacklisted_until": 1780498064.6123066
  },
  "gsk_…GQpc": {
    "blacklisted_until": 1780498095.786231
  },
  "gsk_…HF8S": {
    "blacklisted_until": 1780498096.060217
  },
  "gsk_…JOK1": {
    "blacklisted_until": 1780498096.1939309
  }
}