{
  "gsk_…GQpc": {
    "blacklisted_until": 1781033801.3796642
  },
  "gsk_…M2TI": {
    "blacklisted_until": 1781033801.44719
  },
  "gsk_…JOK1": {
    "blacklisted_until": 1781033801.5161371
  }
}