{
  "gsk_…GQpc": {
    "blacklisted_until": 1781110028.356129
  },
  "gsk_…M2TI": {
    "blacklisted_until": 1781109726.7570665
  },
  "gsk_…JOK1": {
    "blacklisted_until": 1781110028.2773616
  },
  "gsk_…HF8S": {
    "blacklisted_until": 1781109786.9072986
  },
  "gsk_…PxXM": {
    "blacklisted_until": 1781109846.9863117
  },
  "gsk_…bdFd": {
    "blacklisted_until": 1781109847.0542943
  }
}