{
  "gsk_…bdFd": {
    "blacklisted_until": 1781937978.1455774
  },
  "gsk_…JOK1": {
    "blacklisted_until": 1781937978.2223945
  },
  "gsk_…GQpc": {
    "blacklisted_until": 1781937977.82647
  },
  "gsk_…M2TI": {
    "blacklisted_until": 1781937977.9071083
  },
  "gsk_…HF8S": {
    "blacklisted_until": 1781937977.9857183
  },
  "gsk_…PxXM": {
    "blacklisted_until": 1781937978.0626562
  }
}