{
  "gsk_…HF8S": {
    "blacklisted_until": 1781282106.2442064
  },
  "gsk_…PxXM": {
    "blacklisted_until": 1781282106.3142593
  },
  "gsk_…bdFd": {
    "blacklisted_until": 1781282106.3919399
  },
  "gsk_…GQpc": {
    "blacklisted_until": 1781282288.3174088
  },
  "gsk_…M2TI": {
    "blacklisted_until": 1781282288.397274
  },
  "gsk_…JOK1": {
    "blacklisted_until": 1781282288.4796512
  }
}