{
  "gsk_…HF8S": {
    "blacklisted_until": 1781975402.5683482
  },
  "gsk_…JOK1": {
    "blacklisted_until": 1781975311.767048
  },
  "gsk_…GQpc": {
    "blacklisted_until": 1781975311.831385
  },
  "gsk_…M2TI": {
    "blacklisted_until": 1781975311.9015942
  },
  "gsk_…bdFd": {
    "blacklisted_until": 1781975549.706434
  },
  "gsk_…PxXM": {
    "blacklisted_until": 1781975549.7731245
  }
}