{
  "gsk_…PxXM": {
    "blacklisted_until": 1781032617.2992792
  },
  "gsk_…bdFd": {
    "blacklisted_until": 1781032617.3693845
  },
  "gsk_…HF8S": {
    "blacklisted_until": 1781032617.4512458
  },
  "gsk_…GQpc": {
    "blacklisted_until": 1781032798.8137016
  },
  "gsk_…M2TI": {
    "blacklisted_until": 1781032798.8896487
  },
  "gsk_…JOK1": {
    "blacklisted_until": 1781032798.9610436
  }
}