{
  "gsk_…JOK1": {
    "blacklisted_until": 1781286216.635705
  },
  "gsk_…GQpc": {
    "blacklisted_until": 1781286216.3593156
  },
  "gsk_…M2TI": {
    "blacklisted_until": 1781286216.4566123
  },
  "gsk_…PxXM": {
    "blacklisted_until": 1781286185.2550943
  },
  "gsk_…bdFd": {
    "blacklisted_until": 1781286185.3226678
  },
  "gsk_…HF8S": {
    "blacklisted_until": 1781286216.5424287
  }
}