{
  "gsk_…HF8S": {
    "blacklisted_until": 1781119398.2992516
  },
  "gsk_…PxXM": {
    "blacklisted_until": 1781119398.372269
  },
  "gsk_…bdFd": {
    "blacklisted_until": 1781119398.4486303
  },
  "gsk_…GQpc": {
    "blacklisted_until": 1781119559.2078195
  },
  "gsk_…M2TI": {
    "blacklisted_until": 1781119559.2827117
  },
  "gsk_…JOK1": {
    "blacklisted_until": 1781119559.357366
  }
}