{
  "gsk_…GQpc": {
    "blacklisted_until": 1779770956.8009856
  },
  "gsk_…M2TI": {
    "blacklisted_until": 1779770956.8730862
  },
  "gsk_…HF8S": {
    "blacklisted_until": 1779771016.944902
  },
  "gsk_…PxXM": {
    "blacklisted_until": 1779771017.0087402
  },
  "gsk_…JOK1": {
    "blacklisted_until": 1779771017.0874717
  }
}