{
  "gsk_…GQpc": {
    "blacklisted_until": 1781358020.322298
  },
  "gsk_…M2TI": {
    "blacklisted_until": 1781358020.4382358
  },
  "gsk_…HF8S": {
    "blacklisted_until": 1781358080.5312939
  },
  "gsk_…JOK1": {
    "blacklisted_until": 1781358140.7254946
  }
}