{
  "gsk_…bdFd": {
    "blacklisted_until": 1780409157.943787
  },
  "gsk_…GQpc": {
    "blacklisted_until": 1780409249.140213
  },
  "gsk_…M2TI": {
    "blacklisted_until": 1780409249.2205446
  },
  "gsk_…JOK1": {
    "blacklisted_until": 1780409249.2999146
  },
  "gsk_…HF8S": {
    "blacklisted_until": 1780409309.4005194
  },
  "gsk_…PxXM": {
    "blacklisted_until": 1780409309.4906347
  }
}