{
  "gsk_…PxXM": {
    "blacklisted_until": 1781239322.506349
  },
  "gsk_…bdFd": {
    "blacklisted_until": 1781239322.597168
  },
  "gsk_…JOK1": {
    "blacklisted_until": 1781239322.695932
  },
  "gsk_…GQpc": {
    "blacklisted_until": 1781239322.7767076
  },
  "gsk_…M2TI": {
    "blacklisted_until": 1781239322.8351943
  },
  "gsk_…HF8S": {
    "blacklisted_until": 1781239322.8982296
  }
}