{
  "gsk_…M2TI": {
    "blacklisted_until": 1781027029.2573464
  },
  "gsk_…HF8S": {
    "blacklisted_until": 1781027211.3339672
  },
  "gsk_…PxXM": {
    "blacklisted_until": 1781027211.4103637
  },
  "gsk_…bdFd": {
    "blacklisted_until": 1781027211.4824762
  }
}