{
  "gsk_…GQpc": {
    "blacklisted_until": 1780280773.2126722
  },
  "gsk_…M2TI": {
    "blacklisted_until": 1780280773.2789874
  },
  "gsk_…HF8S": {
    "blacklisted_until": 1780280833.3535874
  },
  "gsk_…PxXM": {
    "blacklisted_until": 1780280833.4192584
  },
  "gsk_…bdFd": {
    "blacklisted_until": 1780280833.484455
  },
  "gsk_…JOK1": {
    "blacklisted_until": 1780280833.5530457
  }
}