{
  "gsk_…JOK1": {
    "blacklisted_until": 1781706892.4206371
  },
  "gsk_…GQpc": {
    "blacklisted_until": 1781706892.8455288
  },
  "gsk_…M2TI": {
    "blacklisted_until": 1781706898.0136611
  },
  "gsk_…HF8S": {
    "blacklisted_until": 1781706898.2589693
  },
  "gsk_…bdFd": {
    "blacklisted_until": 1781707044.1769528
  },
  "gsk_…PxXM": {
    "blacklisted_until": 1781707044.3179474
  }
}