{
  "gsk_…GQpc": {
    "blacklisted_until": 1779684193.9388454
  },
  "gsk_…M2TI": {
    "blacklisted_until": 1779684194.011861
  },
  "gsk_…HF8S": {
    "blacklisted_until": 1779684194.1159925
  },
  "gsk_…PxXM": {
    "blacklisted_until": 1779684194.1932192
  },
  "gsk_…bdFd": {
    "blacklisted_until": 1779684194.2730854
  },
  "gsk_…JOK1": {
    "blacklisted_until": 1779684194.3424263
  }
}