{
  "gsk_…PxXM": {
    "blacklisted_until": 1781610259.0164716
  },
  "gsk_…bdFd": {
    "blacklisted_until": 1781610098.6386316
  },
  "gsk_…JOK1": {
    "blacklisted_until": 1781610158.7042596
  },
  "gsk_…GQpc": {
    "blacklisted_until": 1781610158.771366
  },
  "gsk_…M2TI": {
    "blacklisted_until": 1781610158.8361511
  },
  "gsk_…HF8S": {
    "blacklisted_until": 1781610158.899168
  }
}