{
  "gsk_…GQpc": {
    "blacklisted_until": 1782220987.8193498
  },
  "gsk_…M2TI": {
    "blacklisted_until": 1782220987.9014463
  }
}