{
  "gsk_…PxXM": {
    "blacklisted_until": 1780236165.072872
  },
  "gsk_…bdFd": {
    "blacklisted_until": 1780236225.1506665
  }
}