{
  "gsk_…M2TI": {
    "blacklisted_until": 1781971532.7662833
  },
  "gsk_…PxXM": {
    "blacklisted_until": 1781971592.8373053
  },
  "gsk_…bdFd": {
    "blacklisted_until": 1781971592.9036312
  },
  "gsk_…JOK1": {
    "blacklisted_until": 1781971652.9741707
  },
  "gsk_…GQpc": {
    "blacklisted_until": 1781971653.0491679
  }
}