{
  "gsk_…bdFd": {
    "blacklisted_until": 1781312718.583801
  },
  "gsk_…GQpc": {
    "blacklisted_until": 1781291748.1539164
  },
  "gsk_…M2TI": {
    "blacklisted_until": 1781291748.221492
  },
  "gsk_…HF8S": {
    "blacklisted_until": 1781312718.4319007
  },
  "gsk_…PxXM": {
    "blacklisted_until": 1781312718.5114028
  },
  "gsk_…JOK1": {
    "blacklisted_until": 1781291748.4576309
  }
}