{
  "gsk_…JOK1": {
    "blacklisted_until": 1780959459.3970947
  },
  "gsk_…GQpc": {
    "blacklisted_until": 1780959459.5290809
  },
  "gsk_…M2TI": {
    "blacklisted_until": 1780959459.631781
  },
  "gsk_…HF8S": {
    "blacklisted_until": 1780959459.746776
  },
  "gsk_…PxXM": {
    "blacklisted_until": 1780959459.8522837
  },
  "gsk_…bdFd": {
    "blacklisted_until": 1780959581.2078803
  }
}