{
  "gsk_…PxXM": {
    "blacklisted_until": 1781104603.4485414
  },
  "gsk_…bdFd": {
    "blacklisted_until": 1781104603.5146916
  },
  "gsk_…GQpc": {
    "blacklisted_until": 1781104635.047616
  },
  "gsk_…M2TI": {
    "blacklisted_until": 1781104635.1232362
  }
}