{
  "gsk_…M2TI": {
    "blacklisted_until": 1781272763.4585667
  },
  "gsk_…PxXM": {
    "blacklisted_until": 1781272794.6737862
  },
  "gsk_…bdFd": {
    "blacklisted_until": 1781272794.7444816
  },
  "gsk_…GQpc": {
    "blacklisted_until": 1781272825.8363369
  },
  "gsk_…JOK1": {
    "blacklisted_until": 1781272904.2516048
  },
  "gsk_…HF8S": {
    "blacklisted_until": 1781272904.3198216
  }
}