{
  "gsk_…bdFd": {
    "blacklisted_until": 1781458114.7070653
  },
  "gsk_…GQpc": {
    "blacklisted_until": 1781458205.9151409
  },
  "gsk_…M2TI": {
    "blacklisted_until": 1781458206.004975
  },
  "gsk_…HF8S": {
    "blacklisted_until": 1781458206.0952907
  },
  "gsk_…PxXM": {
    "blacklisted_until": 1781458206.1793692
  },
  "gsk_…JOK1": {
    "blacklisted_until": 1781458206.2555618
  }
}