{
  "gsk_…M2TI": {
    "blacklisted_until": 1780915782.1111045
  },
  "gsk_…HF8S": {
    "blacklisted_until": 1780915842.1877708
  },
  "gsk_…PxXM": {
    "blacklisted_until": 1780915842.252033
  },
  "gsk_…bdFd": {
    "blacklisted_until": 1780915842.3169367
  },
  "gsk_…JOK1": {
    "blacklisted_until": 1780915842.3816533
  },
  "gsk_…GQpc": {
    "blacklisted_until": 1780915842.4458754
  }
}