{
  "gsk_…M2TI": {
    "blacklisted_until": 1780101316.3644958
  },
  "gsk_…PxXM": {
    "blacklisted_until": 1780101285.3303742
  },
  "gsk_…bdFd": {
    "blacklisted_until": 1780101316.4266846
  },
  "gsk_…JOK1": {
    "blacklisted_until": 1780101316.2378745
  },
  "gsk_…GQpc": {
    "blacklisted_until": 1780101316.303942
  },
  "gsk_…HF8S": {
    "blacklisted_until": 1780101285.2676232
  }
}