{
  "gsk_…bdFd": {
    "blacklisted_until": 1782270359.7301157
  },
  "gsk_…GQpc": {
    "blacklisted_until": 1782270391.0076041
  },
  "gsk_…M2TI": {
    "blacklisted_until": 1782270391.0901802
  },
  "gsk_…HF8S": {
    "blacklisted_until": 1782270391.1667776
  },
  "gsk_…PxXM": {
    "blacklisted_until": 1782270391.246253
  },
  "gsk_…JOK1": {
    "blacklisted_until": 1782270391.3235922
  }
}