{
  "gsk_…bdFd": {
    "blacklisted_until": 1781889845.1511092
  },
  "gsk_…JOK1": {
    "blacklisted_until": 1781889650.9583871
  },
  "gsk_…GQpc": {
    "blacklisted_until": 1781889711.0433156
  },
  "gsk_…M2TI": {
    "blacklisted_until": 1781889711.1338768
  },
  "gsk_…HF8S": {
    "blacklisted_until": 1781889754.1854897
  },
  "gsk_…PxXM": {
    "blacklisted_until": 1781889754.2829652
  }
}