{
  "gsk_…HF8S": {
    "blacklisted_until": 1781229680.5509918
  },
  "gsk_…PxXM": {
    "blacklisted_until": 1781230073.0187118
  },
  "gsk_…bdFd": {
    "blacklisted_until": 1781230073.1149282
  },
  "gsk_…JOK1": {
    "blacklisted_until": 1781229680.853599
  },
  "gsk_…GQpc": {
    "blacklisted_until": 1781229680.9555972
  },
  "gsk_…M2TI": {
    "blacklisted_until": 1781229681.0360236
  }
}