{
  "gsk_…bdFd": {
    "blacklisted_until": 1779819580.1532288
  },
  "gsk_…JOK1": {
    "blacklisted_until": 1779819730.6568513
  },
  "gsk_…GQpc": {
    "blacklisted_until": 1779819730.7317684
  },
  "gsk_…M2TI": {
    "blacklisted_until": 1779819730.8005762
  }
}