{
  "gsk_…GQpc": {
    "blacklisted_until": 1780779171.3811207
  },
  "gsk_…M2TI": {
    "blacklisted_until": 1780779171.4483318
  },
  "gsk_…HF8S": {
    "blacklisted_until": 1780779171.515982
  },
  "gsk_…PxXM": {
    "blacklisted_until": 1780779171.5779598
  },
  "gsk_…bdFd": {
    "blacklisted_until": 1780779171.6420693
  },
  "gsk_…JOK1": {
    "blacklisted_until": 1780779171.7178893
  }
}