{
  "gsk_…GQpc": {
    "blacklisted_until": 1780396557.5886292
  },
  "gsk_…M2TI": {
    "blacklisted_until": 1780396557.6609132
  },
  "gsk_…HF8S": {
    "blacklisted_until": 1780396557.7330675
  },
  "gsk_…PxXM": {
    "blacklisted_until": 1780396557.8004444
  },
  "gsk_…JOK1": {
    "blacklisted_until": 1780396557.497904
  }
}