{
  "gsk_…HF8S": {
    "blacklisted_until": 1779771628.8414953
  },
  "gsk_…PxXM": {
    "blacklisted_until": 1779771628.91507
  },
  "gsk_…bdFd": {
    "blacklisted_until": 1779771628.988156
  },
  "gsk_…JOK1": {
    "blacklisted_until": 1779771629.0514789
  },
  "gsk_…GQpc": {
    "blacklisted_until": 1779771629.1191945
  },
  "gsk_…M2TI": {
    "blacklisted_until": 1779771630.7946694
  }
}