{
  "gsk_…JOK1": {
    "blacklisted_until": 1780241247.7778776
  },
  "gsk_…GQpc": {
    "blacklisted_until": 1780241247.8441346
  },
  "gsk_…M2TI": {
    "blacklisted_until": 1780241247.9058938
  },
  "gsk_…HF8S": {
    "blacklisted_until": 1780241307.9706242
  },
  "gsk_…PxXM": {
    "blacklisted_until": 1780241458.6039772
  },
  "gsk_…bdFd": {
    "blacklisted_until": 1780241458.6723857
  }
}