{
  "gsk_…bdFd": {
    "blacklisted_until": 1781079109.2110002
  },
  "gsk_…GQpc": {
    "blacklisted_until": 1781079140.1318238
  },
  "gsk_…M2TI": {
    "blacklisted_until": 1781079140.2012146
  },
  "gsk_…HF8S": {
    "blacklisted_until": 1781079140.2749891
  },
  "gsk_…PxXM": {
    "blacklisted_until": 1781079140.3843617
  },
  "gsk_…JOK1": {
    "blacklisted_until": 1781079140.5310915
  }
}