{
  "gsk_…PxXM": {
    "blacklisted_until": 1780900975.7710874
  },
  "gsk_…bdFd": {
    "blacklisted_until": 1780900975.8424258
  },
  "gsk_…HF8S": {
    "blacklisted_until": 1780900975.9096239
  },
  "gsk_…GQpc": {
    "blacklisted_until": 1780901066.7654197
  },
  "gsk_…M2TI": {
    "blacklisted_until": 1780901066.8295755
  },
  "gsk_…JOK1": {
    "blacklisted_until": 1780901066.8942552
  }
}