{
  "gsk_…M2TI": {
    "blacklisted_until": 1781654931.4306805
  },
  "gsk_…HF8S": {
    "blacklisted_until": 1781654991.7271142
  },
  "gsk_…JOK1": {
    "blacklisted_until": 1781654991.6267354
  },
  "gsk_…PxXM": {
    "blacklisted_until": 1781655082.5250754
  },
  "gsk_…GQpc": {
    "blacklisted_until": 1781654991.6753337
  },
  "gsk_…bdFd": {
    "blacklisted_until": 1781655142.6009364
  }
}