{
  "gsk_…bdFd": {
    "blacklisted_until": 1781937521.9095438
  },
  "gsk_…JOK1": {
    "blacklisted_until": 1781937220.6472812
  },
  "gsk_…GQpc": {
    "blacklisted_until": 1781937220.7264256
  },
  "gsk_…M2TI": {
    "blacklisted_until": 1781937220.8049147
  },
  "gsk_…HF8S": {
    "blacklisted_until": 1781937220.9041927
  },
  "gsk_…PxXM": {
    "blacklisted_until": 1781937337.7112634
  }
}