{
  "gsk_…HF8S": {
    "blacklisted_until": 1782054571.1160638
  },
  "gsk_…PxXM": {
    "blacklisted_until": 1782054571.2041686
  },
  "gsk_…bdFd": {
    "blacklisted_until": 1782054539.549471
  },
  "gsk_…JOK1": {
    "blacklisted_until": 1782054571.2639637
  },
  "gsk_…GQpc": {
    "blacklisted_until": 1782054570.8600101
  },
  "gsk_…M2TI": {
    "blacklisted_until": 1782054570.9548047
  }
}