{
  "gsk_…GQpc": {
    "blacklisted_until": 1782258485.955492
  },
  "gsk_…M2TI": {
    "blacklisted_until": 1782258517.3076954
  },
  "gsk_…HF8S": {
    "blacklisted_until": 1782258517.2273674
  },
  "gsk_…JOK1": {
    "blacklisted_until": 1782258485.8772576
  },
  "gsk_…bdFd": {
    "blacklisted_until": 1782258699.0920513
  },
  "gsk_…PxXM": {
    "blacklisted_until": 1782258699.0118556
  }
}