{
  "gsk_…JOK1": {
    "blacklisted_until": 1781890330.8153741
  },
  "gsk_…GQpc": {
    "blacklisted_until": 1781890390.9274244
  },
  "gsk_…M2TI": {
    "blacklisted_until": 1781890391.0063365
  },
  "gsk_…PxXM": {
    "blacklisted_until": 1781890422.3537567
  },
  "gsk_…HF8S": {
    "blacklisted_until": 1781890422.4467776
  },
  "gsk_…bdFd": {
    "blacklisted_until": 1781890482.624232
  }
}