{
  "gsk_…JOK1": {
    "blacklisted_until": 1779631044.6360185
  },
  "gsk_…GQpc": {
    "blacklisted_until": 1779631044.7376733
  },
  "gsk_…M2TI": {
    "blacklisted_until": 1779631044.8024611
  },
  "gsk_…HF8S": {
    "blacklisted_until": 1779631044.8676338
  },
  "gsk_…PxXM": {
    "blacklisted_until": 1779631044.9320703
  },
  "gsk_…bdFd": {
    "blacklisted_until": 1779631045.0033057
  }
}