{
  "gsk_…HF8S": {
    "blacklisted_until": 1780204583.5108147
  },
  "gsk_…PxXM": {
    "blacklisted_until": 1780204583.589414
  },
  "gsk_…bdFd": {
    "blacklisted_until": 1780204583.667197
  }
}