{
  "gsk_…GQpc": {
    "blacklisted_until": 1781979752.9245741
  },
  "gsk_…M2TI": {
    "blacklisted_until": 1781979752.9902089
  },
  "gsk_…PxXM": {
    "blacklisted_until": 1781979844.2625546
  },
  "gsk_…bdFd": {
    "blacklisted_until": 1781979844.327612
  },
  "gsk_…HF8S": {
    "blacklisted_until": 1781979844.4004264
  },
  "gsk_…JOK1": {
    "blacklisted_until": 1781979904.4693172
  }
}