{
  "gsk_…PxXM": {
    "blacklisted_until": 1782002989.5601268
  },
  "gsk_…bdFd": {
    "blacklisted_until": 1782002989.1947942
  },
  "gsk_…GQpc": {
    "blacklisted_until": 1782002989.3393564
  },
  "gsk_…M2TI": {
    "blacklisted_until": 1782002989.4133577
  },
  "gsk_…HF8S": {
    "blacklisted_until": 1782002989.488341
  },
  "gsk_…JOK1": {
    "blacklisted_until": 1782002989.2689753
  }
}