{
  "gsk_…PxXM": {
    "blacklisted_until": 1781409779.6554086
  },
  "gsk_…bdFd": {
    "blacklisted_until": 1781409779.719921
  },
  "gsk_…HF8S": {
    "blacklisted_until": 1781409779.787275
  },
  "gsk_…JOK1": {
    "blacklisted_until": 1781409961.8763032
  },
  "gsk_…GQpc": {
    "blacklisted_until": 1781409961.9511724
  },
  "gsk_…M2TI": {
    "blacklisted_until": 1781409962.0191207
  }
}