{
  "gsk_…JOK1": {
    "blacklisted_until": 1780274720.5652747
  },
  "gsk_…GQpc": {
    "blacklisted_until": 1780274720.635104
  },
  "gsk_…M2TI": {
    "blacklisted_until": 1780274720.717062
  },
  "gsk_…HF8S": {
    "blacklisted_until": 1780274720.780388
  },
  "gsk_…PxXM": {
    "blacklisted_until": 1780274720.8427088
  },
  "gsk_…bdFd": {
    "blacklisted_until": 1780274720.9058137
  }
}