{
  "gsk_…bdFd": {
    "blacklisted_until": 1781539275.8699398
  },
  "gsk_…GQpc": {
    "blacklisted_until": 1781539244.1541169
  },
  "gsk_…M2TI": {
    "blacklisted_until": 1781539244.252881
  },
  "gsk_…PxXM": {
    "blacklisted_until": 1781539275.7020555
  },
  "gsk_…JOK1": {
    "blacklisted_until": 1781539275.9229112
  },
  "gsk_…HF8S": {
    "blacklisted_until": 1781539276.0022862
  }
}