{
  "gsk_…HF8S": {
    "blacklisted_until": 1780372403.785616
  },
  "gsk_…GQpc": {
    "blacklisted_until": 1780372524.9392848
  },
  "gsk_…M2TI": {
    "blacklisted_until": 1780372638.8181791
  }
}