{
  "gsk_…PxXM": {
    "blacklisted_until": 1781163382.9787798
  },
  "gsk_…bdFd": {
    "blacklisted_until": 1781163383.1102393
  },
  "gsk_…JOK1": {
    "blacklisted_until": 1781163383.2541196
  },
  "gsk_…HF8S": {
    "blacklisted_until": 1781163383.3989732
  }
}