{
  "gsk_…HF8S": {
    "blacklisted_until": 1780360945.0320036
  },
  "gsk_…PxXM": {
    "blacklisted_until": 1780360945.0972629
  },
  "gsk_…bdFd": {
    "blacklisted_until": 1780361005.1684787
  },
  "gsk_…GQpc": {
    "blacklisted_until": 1780361155.6470716
  },
  "gsk_…M2TI": {
    "blacklisted_until": 1780361155.7101882
  }
}