{
  "gsk_…M2TI": {
    "blacklisted_until": 1782312263.400335
  },
  "gsk_…GQpc": {
    "blacklisted_until": 1782312263.4884315
  },
  "gsk_…PxXM": {
    "blacklisted_until": 1782312323.5909734
  },
  "gsk_…bdFd": {
    "blacklisted_until": 1782312323.6755881
  },
  "gsk_…JOK1": {
    "blacklisted_until": 1782312383.7605693
  },
  "gsk_…HF8S": {
    "blacklisted_until": 1782312383.8457053
  }
}