{
  "gsk_…HF8S": {
    "blacklisted_until": 1780361582.739808
  },
  "gsk_…PxXM": {
    "blacklisted_until": 1780361582.8506103
  },
  "gsk_…JOK1": {
    "blacklisted_until": 1780361582.9174402
  },
  "gsk_…bdFd": {
    "blacklisted_until": 1780361642.981385
  }
}