{
  "gsk_…GQpc": {
    "blacklisted_until": 1780913442.123376
  },
  "gsk_…M2TI": {
    "blacklisted_until": 1780913442.1900327
  },
  "gsk_…HF8S": {
    "blacklisted_until": 1780913442.2619846
  },
  "gsk_…PxXM": {
    "blacklisted_until": 1780913442.3276875
  },
  "gsk_…bdFd": {
    "blacklisted_until": 1780913442.391945
  },
  "gsk_…JOK1": {
    "blacklisted_until": 1780913442.463029
  }
}