{
  "gsk_…M2TI": {
    "blacklisted_until": 1780192196.5801027
  },
  "gsk_…HF8S": {
    "blacklisted_until": 1780192256.6583827
  },
  "gsk_…PxXM": {
    "blacklisted_until": 1780192407.1021295
  },
  "gsk_…bdFd": {
    "blacklisted_until": 1780192407.2380881
  }
}