{
  "gsk_…M2TI": {
    "blacklisted_until": 1781455959.9688368
  },
  "gsk_…PxXM": {
    "blacklisted_until": 1781455991.0980203
  },
  "gsk_…bdFd": {
    "blacklisted_until": 1781455991.177691
  },
  "gsk_…JOK1": {
    "blacklisted_until": 1781455991.2628396
  },
  "gsk_…HF8S": {
    "blacklisted_until": 1781455991.345251
  },
  "gsk_…GQpc": {
    "blacklisted_until": 1781456137.8096094
  }
}