{
  "gsk_…bdFd": {
    "blacklisted_until": 1780152938.213394
  },
  "gsk_…M2TI": {
    "blacklisted_until": 1780152968.9534247
  },
  "gsk_…GQpc": {
    "blacklisted_until": 1780152969.020771
  },
  "gsk_…HF8S": {
    "blacklisted_until": 1780153029.086302
  },
  "gsk_…PxXM": {
    "blacklisted_until": 1780153029.1502974
  },
  "gsk_…JOK1": {
    "blacklisted_until": 1780153029.2141454
  }
}