{
  "gsk_…M2TI": {
    "blacklisted_until": 1780699203.3778899
  },
  "gsk_…JOK1": {
    "blacklisted_until": 1780699112.1672575
  },
  "gsk_…GQpc": {
    "blacklisted_until": 1780699112.3049848
  },
  "gsk_…HF8S": {
    "blacklisted_until": 1780699112.459907
  }
}