{
  "gsk_…PxXM": {
    "blacklisted_until": 1780058526.5987394
  },
  "gsk_…bdFd": {
    "blacklisted_until": 1780058526.6737664
  },
  "gsk_…JOK1": {
    "blacklisted_until": 1780058586.745357
  },
  "gsk_…GQpc": {
    "blacklisted_until": 1780058586.899043
  },
  "gsk_…M2TI": {
    "blacklisted_until": 1780058586.9706442
  },
  "gsk_…HF8S": {
    "blacklisted_until": 1780058625.5852964
  }
}