{
  "gsk_…GQpc": {
    "blacklisted_until": 1781149725.1361184
  },
  "gsk_…M2TI": {
    "blacklisted_until": 1781149725.286204
  },
  "gsk_…HF8S": {
    "blacklisted_until": 1781149725.4402797
  },
  "gsk_…JOK1": {
    "blacklisted_until": 1781149725.5819635
  }
}