{
  "gsk_…PxXM": {
    "blacklisted_until": 1779893088.0015497
  },
  "gsk_…bdFd": {
    "blacklisted_until": 1779893088.069303
  },
  "gsk_…JOK1": {
    "blacklisted_until": 1779893088.1320431
  },
  "gsk_…GQpc": {
    "blacklisted_until": 1779893088.1979744
  },
  "gsk_…M2TI": {
    "blacklisted_until": 1779893088.2745855
  },
  "gsk_…HF8S": {
    "blacklisted_until": 1779893088.347542
  }
}