{
  "gsk_…M2TI": {
    "blacklisted_until": 1780914112.1642632
  },
  "gsk_…PxXM": {
    "blacklisted_until": 1780914203.0750718
  },
  "gsk_…bdFd": {
    "blacklisted_until": 1780914203.141885
  },
  "gsk_…GQpc": {
    "blacklisted_until": 1780914254.052606
  },
  "gsk_…HF8S": {
    "blacklisted_until": 1780914254.1146646
  },
  "gsk_…JOK1": {
    "blacklisted_until": 1780914254.1795013
  }
}