{
  "gsk_…GQpc": {
    "blacklisted_until": 1781485719.0015209
  },
  "gsk_…M2TI": {
    "blacklisted_until": 1781485719.156132
  },
  "gsk_…HF8S": {
    "blacklisted_until": 1781485719.3042908
  },
  "gsk_…JOK1": {
    "blacklisted_until": 1781485718.8466628
  },
  "gsk_…PxXM": {
    "blacklisted_until": 1781485719.4464748
  },
  "gsk_…bdFd": {
    "blacklisted_until": 1781485719.6042607
  }
}