{
  "gsk_…PxXM": {
    "blacklisted_until": 1779937252.601654
  },
  "gsk_…bdFd": {
    "blacklisted_until": 1779937252.6668253
  },
  "gsk_…GQpc": {
    "blacklisted_until": 1779937343.3481345
  },
  "gsk_…M2TI": {
    "blacklisted_until": 1779937343.4084187
  },
  "gsk_…HF8S": {
    "blacklisted_until": 1779937343.4719565
  },
  "gsk_…JOK1": {
    "blacklisted_until": 1779937343.5323417
  }
}