{
  "gsk_…PxXM": {
    "blacklisted_until": 1781439892.0999017
  },
  "gsk_…bdFd": {
    "blacklisted_until": 1781439892.1739833
  },
  "gsk_…JOK1": {
    "blacklisted_until": 1781439955.3416858
  },
  "gsk_…HF8S": {
    "blacklisted_until": 1781439892.0208008
  },
  "gsk_…GQpc": {
    "blacklisted_until": 1781440105.967392
  },
  "gsk_…M2TI": {
    "blacklisted_until": 1781440106.0427163
  }
}