{
  "gsk_…HF8S": {
    "blacklisted_until": 1780612357.244852
  },
  "gsk_…PxXM": {
    "blacklisted_until": 1780612357.3543463
  },
  "gsk_…bdFd": {
    "blacklisted_until": 1780612417.4599562
  },
  "gsk_…JOK1": {
    "blacklisted_until": 1780612417.579476
  },
  "gsk_…GQpc": {
    "blacklisted_until": 1780612477.7438736
  },
  "gsk_…M2TI": {
    "blacklisted_until": 1780612477.8496642
  }
}