{
  "gsk_…M2TI": {
    "blacklisted_until": 1779759870.9514294
  },
  "gsk_…HF8S": {
    "blacklisted_until": 1779759871.0244038
  },
  "gsk_…PxXM": {
    "blacklisted_until": 1779759871.0858345
  },
  "gsk_…bdFd": {
    "blacklisted_until": 1779759871.1553922
  },
  "gsk_…JOK1": {
    "blacklisted_until": 1779759871.2312746
  },
  "gsk_…GQpc": {
    "blacklisted_until": 1779759871.3008215
  }
}