{
  "gsk_…M2TI": {
    "blacklisted_until": 1779984581.1592548
  },
  "gsk_…HF8S": {
    "blacklisted_until": 1779984641.2394123
  },
  "gsk_…PxXM": {
    "blacklisted_until": 1779984641.330199
  },
  "gsk_…bdFd": {
    "blacklisted_until": 1779984641.4260168
  },
  "gsk_…JOK1": {
    "blacklisted_until": 1779984641.5123956
  },
  "gsk_…GQpc": {
    "blacklisted_until": 1779984641.608757
  }
}