{
  "gsk_…GQpc": {
    "blacklisted_until": 1779911925.3035312
  },
  "gsk_…M2TI": {
    "blacklisted_until": 1779911925.3682506
  },
  "gsk_…HF8S": {
    "blacklisted_until": 1779911925.44119
  },
  "gsk_…PxXM": {
    "blacklisted_until": 1779911925.505621
  },
  "gsk_…JOK1": {
    "blacklisted_until": 1779911925.5721169
  },
  "gsk_…bdFd": {
    "blacklisted_until": 1779911985.6491644
  }
}