{
  "gsk_…PxXM": {
    "blacklisted_until": 1782099111.6976817
  },
  "gsk_…bdFd": {
    "blacklisted_until": 1782099111.7654834
  },
  "gsk_…M2TI": {
    "blacklisted_until": 1782099020.5032156
  },
  "gsk_…HF8S": {
    "blacklisted_until": 1782099111.8332498
  }
}