{
  "gsk_…JOK1": {
    "blacklisted_until": 1780058961.734633
  },
  "gsk_…GQpc": {
    "blacklisted_until": 1780058929.8909287
  },
  "gsk_…M2TI": {
    "blacklisted_until": 1780058961.8126822
  },
  "gsk_…HF8S": {
    "blacklisted_until": 1780058961.3369215
  },
  "gsk_…bdFd": {
    "blacklisted_until": 1780058898.8309298
  },
  "gsk_…PxXM": {
    "blacklisted_until": 1780058961.6688206
  }
}