{
  "gsk_…HF8S": {
    "blacklisted_until": 1781780669.500783
  },
  "gsk_…GQpc": {
    "blacklisted_until": 1781780520.153897
  },
  "gsk_…M2TI": {
    "blacklisted_until": 1781780520.2231357
  },
  "gsk_…JOK1": {
    "blacklisted_until": 1781780520.2920904
  },
  "gsk_…PxXM": {
    "blacklisted_until": 1781780669.5670288
  },
  "gsk_…bdFd": {
    "blacklisted_until": 1781780729.6711175
  }
}