{
  "gsk_…M2TI": {
    "blacklisted_until": 1780070877.1546128
  },
  "gsk_…HF8S": {
    "blacklisted_until": 1780070937.2331614
  },
  "gsk_…PxXM": {
    "blacklisted_until": 1780070937.352388
  },
  "gsk_…bdFd": {
    "blacklisted_until": 1780070937.4211717
  },
  "gsk_…JOK1": {
    "blacklisted_until": 1780070937.5024467
  },
  "gsk_…GQpc": {
    "blacklisted_until": 1780070937.590254
  }
}