{
  "gsk_…HF8S": {
    "blacklisted_until": 1781321966.6463938
  },
  "gsk_…PxXM": {
    "blacklisted_until": 1781321966.7115188
  },
  "gsk_…bdFd": {
    "blacklisted_until": 1781321966.7773101
  }
}