{
  "gsk_…M2TI": {
    "blacklisted_until": 1781855676.9605238
  },
  "gsk_…PxXM": {
    "blacklisted_until": 1781855784.0910678
  },
  "gsk_…bdFd": {
    "blacklisted_until": 1781855784.1814458
  }
}