{
  "gsk_…JOK1": {
    "blacklisted_until": 1781362435.2017229
  },
  "gsk_…HF8S": {
    "blacklisted_until": 1781362435.2812562
  },
  "gsk_…PxXM": {
    "blacklisted_until": 1781362435.1233706
  },
  "gsk_…bdFd": {
    "blacklisted_until": 1781362495.3714523
  },
  "gsk_…GQpc": {
    "blacklisted_until": 1781362555.4489179
  },
  "gsk_…M2TI": {
    "blacklisted_until": 1781362615.541632
  }
}