{
  "gsk_…M2TI": {
    "blacklisted_until": 1781411328.9665096
  },
  "gsk_…JOK1": {
    "blacklisted_until": 1781411329.0374458
  },
  "gsk_…GQpc": {
    "blacklisted_until": 1781411329.105992
  },
  "gsk_…HF8S": {
    "blacklisted_until": 1781411481.7532027
  },
  "gsk_…PxXM": {
    "blacklisted_until": 1781411481.8193913
  },
  "gsk_…bdFd": {
    "blacklisted_until": 1781411481.88511
  }
}