{
  "gsk_…bdFd": {
    "blacklisted_until": 1781966536.7940483
  },
  "gsk_…GQpc": {
    "blacklisted_until": 1781966580.3362432
  },
  "gsk_…M2TI": {
    "blacklisted_until": 1781966580.4029799
  },
  "gsk_…HF8S": {
    "blacklisted_until": 1781966580.4725547
  },
  "gsk_…PxXM": {
    "blacklisted_until": 1781966580.5377748
  },
  "gsk_…JOK1": {
    "blacklisted_until": 1781966580.6028733
  }
}