{
  "gsk_…PxXM": {
    "blacklisted_until": 1780963139.7135844
  },
  "gsk_…bdFd": {
    "blacklisted_until": 1780963139.8935235
  },
  "gsk_…GQpc": {
    "blacklisted_until": 1780963245.9652905
  },
  "gsk_…M2TI": {
    "blacklisted_until": 1780963246.071196
  }
}