{
  "gsk_…bdFd": {
    "blacklisted_until": 1781930480.5797324
  },
  "gsk_…PxXM": {
    "blacklisted_until": 1781930389.802492
  },
  "gsk_…HF8S": {
    "blacklisted_until": 1781930389.8841934
  },
  "gsk_…JOK1": {
    "blacklisted_until": 1781930540.6804838
  },
  "gsk_…GQpc": {
    "blacklisted_until": 1781930540.7584424
  },
  "gsk_…M2TI": {
    "blacklisted_until": 1781930540.838445
  }
}