{
  "gsk_…bdFd": {
    "blacklisted_until": 1781699314.8651772
  },
  "gsk_…PxXM": {
    "blacklisted_until": 1781699314.9733927
  }
}