{
  "gsk_…GQpc": {
    "blacklisted_until": 1780662744.722031
  },
  "gsk_…M2TI": {
    "blacklisted_until": 1780662744.7963474
  },
  "gsk_…JOK1": {
    "blacklisted_until": 1780662744.867718
  },
  "gsk_…HF8S": {
    "blacklisted_until": 1780662895.6325262
  },
  "gsk_…PxXM": {
    "blacklisted_until": 1780662895.730235
  },
  "gsk_…bdFd": {
    "blacklisted_until": 1780662895.831146
  }
}