{
  "gsk_…bdFd": {
    "blacklisted_until": 1782003663.321623
  },
  "gsk_…GQpc": {
    "blacklisted_until": 1782003966.7897165
  },
  "gsk_…M2TI": {
    "blacklisted_until": 1782003966.8575246
  },
  "gsk_…HF8S": {
    "blacklisted_until": 1782003723.5279355
  },
  "gsk_…PxXM": {
    "blacklisted_until": 1782003723.6113248
  },
  "gsk_…JOK1": {
    "blacklisted_until": 1782003785.089854
  }
}