{
  "gsk_…HF8S": {
    "blacklisted_until": 1780778425.8727405
  },
  "gsk_…PxXM": {
    "blacklisted_until": 1780778425.937594
  },
  "gsk_…bdFd": {
    "blacklisted_until": 1780778425.5897686
  },
  "gsk_…JOK1": {
    "blacklisted_until": 1780778425.6689682
  },
  "gsk_…GQpc": {
    "blacklisted_until": 1780778425.737045
  },
  "gsk_…M2TI": {
    "blacklisted_until": 1780778425.8028271
  }
}