{
  "gsk_…M2TI": {
    "blacklisted_until": 1781616780.5368035
  },
  "gsk_…bdFd": {
    "blacklisted_until": 1781616902.752952
  }
}