{
  "gsk_…PxXM": {
    "blacklisted_until": 1781187972.170006
  },
  "gsk_…bdFd": {
    "blacklisted_until": 1781187972.2983267
  }
}