{
  "gsk_…M2TI": {
    "blacklisted_until": 1781661540.2872336
  },
  "gsk_…HF8S": {
    "blacklisted_until": 1781661540.342723
  },
  "gsk_…GQpc": {
    "blacklisted_until": 1781661661.570482
  }
}