{
  "gsk_…HF8S": {
    "blacklisted_until": 1780996571.9154487
  },
  "gsk_…JOK1": {
    "blacklisted_until": 1780996481.2210348
  },
  "gsk_…GQpc": {
    "blacklisted_until": 1780996481.2979913
  },
  "gsk_…M2TI": {
    "blacklisted_until": 1780996481.372094
  },
  "gsk_…PxXM": {
    "blacklisted_until": 1780996631.982127
  },
  "gsk_…bdFd": {
    "blacklisted_until": 1780996632.0466218
  }
}