{
  "gsk_…M2TI": {
    "blacklisted_until": 1779940934.5045333
  },
  "gsk_…JOK1": {
    "blacklisted_until": 1779940994.5740023
  },
  "gsk_…GQpc": {
    "blacklisted_until": 1779940994.633607
  }
}