{
  "gsk_…GQpc": {
    "blacklisted_until": 1781454691.6049192
  },
  "gsk_…bdFd": {
    "blacklisted_until": 1781454905.4656093
  },
  "gsk_…JOK1": {
    "blacklisted_until": 1781454905.5540822
  },
  "gsk_…M2TI": {
    "blacklisted_until": 1781454873.8176475
  },
  "gsk_…HF8S": {
    "blacklisted_until": 1781454905.6304848
  },
  "gsk_…PxXM": {
    "blacklisted_until": 1781454905.376841
  }
}