{
  "gsk_…HF8S": {
    "blacklisted_until": 1782293715.5709646
  },
  "gsk_…PxXM": {
    "blacklisted_until": 1782293715.6524715
  },
  "gsk_…bdFd": {
    "blacklisted_until": 1782293715.73278
  },
  "gsk_…GQpc": {
    "blacklisted_until": 1782293769.2995355
  },
  "gsk_…M2TI": {
    "blacklisted_until": 1782293769.3820057
  },
  "gsk_…JOK1": {
    "blacklisted_until": 1782293769.4612403
  }
}