{
  "gsk_…JOK1": {
    "blacklisted_until": 1780564099.4992683
  },
  "gsk_…PxXM": {
    "blacklisted_until": 1780564159.5819778
  },
  "gsk_…bdFd": {
    "blacklisted_until": 1780564159.6517448
  },
  "gsk_…GQpc": {
    "blacklisted_until": 1780564310.0183697
  },
  "gsk_…M2TI": {
    "blacklisted_until": 1780564310.088281
  }
}