{
  "gsk_…JOK1": {
    "blacklisted_until": 1780482781.75466
  },
  "gsk_…GQpc": {
    "blacklisted_until": 1780482781.89099
  },
  "gsk_…bdFd": {
    "blacklisted_until": 1780482963.8858879
  }
}