{
  "gsk_…JOK1": {
    "blacklisted_until": 1782346493.6890337
  },
  "gsk_…PxXM": {
    "blacklisted_until": 1782346252.9612546
  },
  "gsk_…bdFd": {
    "blacklisted_until": 1782346253.0311875
  },
  "gsk_…M2TI": {
    "blacklisted_until": 1782346432.0674734
  },
  "gsk_…GQpc": {
    "blacklisted_until": 1782346432.1371415
  }
}