{
  "gsk_…bdFd": {
    "blacklisted_until": 1781789392.237205
  },
  "gsk_…PxXM": {
    "blacklisted_until": 1781789392.3025174
  },
  "gsk_…GQpc": {
    "blacklisted_until": 1781789483.3959637
  },
  "gsk_…M2TI": {
    "blacklisted_until": 1781789483.4702551
  },
  "gsk_…HF8S": {
    "blacklisted_until": 1781789483.5349379
  },
  "gsk_…JOK1": {
    "blacklisted_until": 1781789483.6019402
  }
}