{
  "gsk_…GQpc": {
    "blacklisted_until": 1780246226.4266284
  },
  "gsk_…M2TI": {
    "blacklisted_until": 1780246226.506347
  },
  "gsk_…JOK1": {
    "blacklisted_until": 1780246226.576516
  }
}