{
  "gsk_…bdFd": {
    "blacklisted_until": 1780773953.5758886
  },
  "gsk_…JOK1": {
    "blacklisted_until": 1780774074.7814913
  },
  "gsk_…GQpc": {
    "blacklisted_until": 1780774074.8542764
  },
  "gsk_…M2TI": {
    "blacklisted_until": 1780774074.9192648
  },
  "gsk_…PxXM": {
    "blacklisted_until": 1780774105.7621248
  },
  "gsk_…HF8S": {
    "blacklisted_until": 1780774105.826469
  }
}