{
  "gsk_…bdFd": {
    "blacklisted_until": 1782004329.8526514
  },
  "gsk_…M2TI": {
    "blacklisted_until": 1782004631.398488
  },
  "gsk_…GQpc": {
    "blacklisted_until": 1782004631.3317516
  },
  "gsk_…HF8S": {
    "blacklisted_until": 1782004389.987846
  },
  "gsk_…PxXM": {
    "blacklisted_until": 1782004390.0612469
  },
  "gsk_…JOK1": {
    "blacklisted_until": 1782004450.135013
  }
}