{
  "gsk_…M2TI": {
    "blacklisted_until": 1781075532.0385559
  },
  "gsk_…PxXM": {
    "blacklisted_until": 1781075623.0209982
  },
  "gsk_…bdFd": {
    "blacklisted_until": 1781075623.1741917
  },
  "gsk_…JOK1": {
    "blacklisted_until": 1781075623.2475135
  },
  "gsk_…GQpc": {
    "blacklisted_until": 1781075623.3156505
  },
  "gsk_…HF8S": {
    "blacklisted_until": 1781075623.389548
  }
}