{
  "gsk_…M2TI": {
    "blacklisted_until": 1780577459.5500102
  },
  "gsk_…GQpc": {
    "blacklisted_until": 1780577459.6187043
  },
  "gsk_…bdFd": {
    "blacklisted_until": 1780577553.2592733
  },
  "gsk_…JOK1": {
    "blacklisted_until": 1780577553.3323994
  },
  "gsk_…HF8S": {
    "blacklisted_until": 1780577553.4007542
  },
  "gsk_…PxXM": {
    "blacklisted_until": 1780577553.5954893
  }
}