{
  "gsk_…bdFd": {
    "blacklisted_until": 1780199057.6621919
  },
  "gsk_…HF8S": {
    "blacklisted_until": 1780199057.7433043
  },
  "gsk_…PxXM": {
    "blacklisted_until": 1780199057.821777
  }
}