{
  "gsk_…JOK1": {
    "blacklisted_until": 1781574449.1394782
  },
  "gsk_…GQpc": {
    "blacklisted_until": 1781574449.214927
  },
  "gsk_…M2TI": {
    "blacklisted_until": 1781574449.2912052
  }
}