{
  "gsk_…GQpc": {
    "blacklisted_until": 1782011371.4907985
  },
  "gsk_…M2TI": {
    "blacklisted_until": 1782011371.5644135
  },
  "gsk_…PxXM": {
    "blacklisted_until": 1782011462.8244953
  },
  "gsk_…bdFd": {
    "blacklisted_until": 1782011462.8918684
  },
  "gsk_…HF8S": {
    "blacklisted_until": 1782011462.966201
  }
}