{
  "gsk_…bdFd": {
    "blacklisted_until": 1780907400.3169825
  },
  "gsk_…GQpc": {
    "blacklisted_until": 1780907248.7429016
  },
  "gsk_…M2TI": {
    "blacklisted_until": 1780907248.8194156
  },
  "gsk_…PxXM": {
    "blacklisted_until": 1780907460.385886
  }
}