{
  "gsk_…M2TI": {
    "blacklisted_until": 1781731582.3120642
  },
  "gsk_…HF8S": {
    "blacklisted_until": 1781731582.452428
  },
  "gsk_…PxXM": {
    "blacklisted_until": 1781731582.5693467
  },
  "gsk_…bdFd": {
    "blacklisted_until": 1781731582.6614828
  },
  "gsk_…JOK1": {
    "blacklisted_until": 1781731642.794014
  },
  "gsk_…GQpc": {
    "blacklisted_until": 1781731642.914173
  }
}