{
  "gsk_…HF8S": {
    "blacklisted_until": 1782134111.1107893
  },
  "gsk_…M2TI": {
    "blacklisted_until": 1782133938.232625
  },
  "gsk_…JOK1": {
    "blacklisted_until": 1782133938.301172
  },
  "gsk_…GQpc": {
    "blacklisted_until": 1782133998.371382
  },
  "gsk_…PxXM": {
    "blacklisted_until": 1782134171.214884
  },
  "gsk_…bdFd": {
    "blacklisted_until": 1782134171.2959707
  }
}