{
  "gsk_…GQpc": {
    "blacklisted_until": 1781938311.871667
  },
  "gsk_…M2TI": {
    "blacklisted_until": 1781938311.9512362
  },
  "gsk_…HF8S": {
    "blacklisted_until": 1781938312.027789
  },
  "gsk_…PxXM": {
    "blacklisted_until": 1781938312.1033614
  },
  "gsk_…bdFd": {
    "blacklisted_until": 1781938312.1817987
  },
  "gsk_…JOK1": {
    "blacklisted_until": 1781938312.2603536
  }
}