{
  "gsk_…JOK1": {
    "blacklisted_until": 1780247278.608414
  },
  "gsk_…GQpc": {
    "blacklisted_until": 1780247278.6831923
  },
  "gsk_…M2TI": {
    "blacklisted_until": 1780247278.750686
  },
  "gsk_…HF8S": {
    "blacklisted_until": 1780247338.8163037
  },
  "gsk_…PxXM": {
    "blacklisted_until": 1780247338.8928347
  },
  "gsk_…bdFd": {
    "blacklisted_until": 1780247338.9673612
  }
}