{
  "gsk_…PxXM": {
    "blacklisted_until": 1781608877.3122337
  },
  "gsk_…bdFd": {
    "blacklisted_until": 1781609119.1420908
  }
}