{
  "gsk_…M2TI": {
    "blacklisted_until": 1781622424.68716
  },
  "gsk_…PxXM": {
    "blacklisted_until": 1781622515.3379374
  },
  "gsk_…bdFd": {
    "blacklisted_until": 1781622515.411831
  },
  "gsk_…JOK1": {
    "blacklisted_until": 1781622575.484165
  },
  "gsk_…GQpc": {
    "blacklisted_until": 1781622575.5607586
  }
}