{
  "gsk_…JOK1": {
    "blacklisted_until": 1781284207.1974447
  },
  "gsk_…GQpc": {
    "blacklisted_until": 1781284207.2760804
  },
  "gsk_…M2TI": {
    "blacklisted_until": 1781284207.348179
  }
}