{
  "gsk_…bdFd": {
    "blacklisted_until": 1780578573.1293888
  },
  "gsk_…JOK1": {
    "blacklisted_until": 1780578573.200429
  },
  "gsk_…HF8S": {
    "blacklisted_until": 1780578573.2658012
  },
  "gsk_…PxXM": {
    "blacklisted_until": 1780578573.3355677
  },
  "gsk_…GQpc": {
    "blacklisted_until": 1780578724.2782474
  },
  "gsk_…M2TI": {
    "blacklisted_until": 1780578724.3486757
  }
}