{
  "gsk_…bdFd": {
    "blacklisted_until": 1779603255.6724732
  },
  "gsk_…JOK1": {
    "blacklisted_until": 1779603376.823159
  },
  "gsk_…GQpc": {
    "blacklisted_until": 1779603376.8915794
  },
  "gsk_…M2TI": {
    "blacklisted_until": 1779603376.9589298
  },
  "gsk_…HF8S": {
    "blacklisted_until": 1779603377.021878
  },
  "gsk_…PxXM": {
    "blacklisted_until": 1779603377.0901847
  }
}