{
  "gsk_…bdFd": {
    "blacklisted_until": 1780396162.4971218
  },
  "gsk_…GQpc": {
    "blacklisted_until": 1780396254.1210523
  },
  "gsk_…M2TI": {
    "blacklisted_until": 1780396254.1970494
  },
  "gsk_…HF8S": {
    "blacklisted_until": 1780396254.2721727
  },
  "gsk_…PxXM": {
    "blacklisted_until": 1780396254.3450375
  },
  "gsk_…JOK1": {
    "blacklisted_until": 1780396254.4185786
  }
}