{
  "gsk_…JOK1": {
    "blacklisted_until": 1780275496.2362802
  },
  "gsk_…GQpc": {
    "blacklisted_until": 1780275496.3032897
  },
  "gsk_…M2TI": {
    "blacklisted_until": 1780275496.3630216
  },
  "gsk_…HF8S": {
    "blacklisted_until": 1780275496.4297037
  },
  "gsk_…PxXM": {
    "blacklisted_until": 1780275496.1042924
  },
  "gsk_…bdFd": {
    "blacklisted_until": 1780275496.1671576
  }
}