{
  "gsk_…HF8S": {
    "blacklisted_until": 1782268562.1553235
  },
  "gsk_…PxXM": {
    "blacklisted_until": 1782268562.2423809
  },
  "gsk_…bdFd": {
    "blacklisted_until": 1782268562.3220854
  },
  "gsk_…GQpc": {
    "blacklisted_until": 1782268654.008168
  },
  "gsk_…M2TI": {
    "blacklisted_until": 1782268654.095396
  },
  "gsk_…JOK1": {
    "blacklisted_until": 1782268654.1760118
  }
}