{
  "gsk_…M2TI": {
    "blacklisted_until": 1781400675.6185744
  },
  "gsk_…HF8S": {
    "blacklisted_until": 1781400826.1640608
  },
  "gsk_…PxXM": {
    "blacklisted_until": 1781400826.2377737
  },
  "gsk_…bdFd": {
    "blacklisted_until": 1781400826.3188932
  },
  "gsk_…JOK1": {
    "blacklisted_until": 1781400886.389643
  },
  "gsk_…GQpc": {
    "blacklisted_until": 1781400886.4632704
  }
}