{
  "gsk_…GQpc": {
    "blacklisted_until": 1782138465.0737784
  },
  "gsk_…M2TI": {
    "blacklisted_until": 1782138465.1439238
  },
  "gsk_…JOK1": {
    "blacklisted_until": 1782138465.0048945
  },
  "gsk_…PxXM": {
    "blacklisted_until": 1782138374.3022385
  },
  "gsk_…bdFd": {
    "blacklisted_until": 1782138374.3782358
  },
  "gsk_…HF8S": {
    "blacklisted_until": 1782138611.2062466
  }
}