{
  "gsk_…HF8S": {
    "blacklisted_until": 1780324391.9441714
  },
  "gsk_…JOK1": {
    "blacklisted_until": 1780324392.0168624
  },
  "gsk_…M2TI": {
    "blacklisted_until": 1780324391.8796115
  },
  "gsk_…GQpc": {
    "blacklisted_until": 1780324392.0811994
  },
  "gsk_…PxXM": {
    "blacklisted_until": 1780324603.820395
  },
  "gsk_…bdFd": {
    "blacklisted_until": 1780324603.8859487
  }
}