{
  "gsk_…bdFd": {
    "blacklisted_until": 1782010825.8277833
  },
  "gsk_…HF8S": {
    "blacklisted_until": 1782010825.8944936
  },
  "gsk_…GQpc": {
    "blacklisted_until": 1782010734.582998
  },
  "gsk_…M2TI": {
    "blacklisted_until": 1782010734.6551452
  },
  "gsk_…PxXM": {
    "blacklisted_until": 1782010825.9635525
  }
}