{
  "gsk_…M2TI": {
    "blacklisted_until": 1782052779.6828341
  },
  "gsk_…HF8S": {
    "blacklisted_until": 1782052779.763441
  },
  "gsk_…PxXM": {
    "blacklisted_until": 1782052779.8526654
  },
  "gsk_…JOK1": {
    "blacklisted_until": 1782052780.021117
  },
  "gsk_…GQpc": {
    "blacklisted_until": 1782052779.5918996
  },
  "gsk_…bdFd": {
    "blacklisted_until": 1782052779.9440842
  }
}