{
  "gsk_…GQpc": {
    "blacklisted_until": 1781970868.5770228
  },
  "gsk_…M2TI": {
    "blacklisted_until": 1781970868.2012181
  },
  "gsk_…PxXM": {
    "blacklisted_until": 1781970868.3302581
  },
  "gsk_…bdFd": {
    "blacklisted_until": 1781970868.4041884
  },
  "gsk_…JOK1": {
    "blacklisted_until": 1781970868.5104618
  },
  "gsk_…HF8S": {
    "blacklisted_until": 1781970868.267481
  }
}