{
  "gsk_…M2TI": {
    "blacklisted_until": 1780491973.6503448
  },
  "gsk_…HF8S": {
    "blacklisted_until": 1780492033.7916992
  },
  "gsk_…PxXM": {
    "blacklisted_until": 1780492033.9246268
  },
  "gsk_…bdFd": {
    "blacklisted_until": 1780492034.080213
  },
  "gsk_…JOK1": {
    "blacklisted_until": 1780492034.228956
  },
  "gsk_…GQpc": {
    "blacklisted_until": 1780492034.3669057
  }
}