{
  "gsk_…HF8S": {
    "blacklisted_until": 1780732656.823904
  },
  "gsk_…PxXM": {
    "blacklisted_until": 1780732656.9611566
  },
  "gsk_…bdFd": {
    "blacklisted_until": 1780732656.274219
  },
  "gsk_…JOK1": {
    "blacklisted_until": 1780732656.4099913
  },
  "gsk_…GQpc": {
    "blacklisted_until": 1780732656.544126
  },
  "gsk_…M2TI": {
    "blacklisted_until": 1780732656.689268
  }
}