{
  "gsk_…M2TI": {
    "blacklisted_until": 1781457350.6747608
  },
  "gsk_…HF8S": {
    "blacklisted_until": 1781457350.7592318
  },
  "gsk_…PxXM": {
    "blacklisted_until": 1781457350.8409405
  },
  "gsk_…bdFd": {
    "blacklisted_until": 1781457350.9212778
  },
  "gsk_…JOK1": {
    "blacklisted_until": 1781457351.0015218
  },
  "gsk_…GQpc": {
    "blacklisted_until": 1781457411.178833
  }
}