{
  "gsk_…PxXM": {
    "blacklisted_until": 1781492157.5882897
  },
  "gsk_…bdFd": {
    "blacklisted_until": 1781492157.712997
  },
  "gsk_…HF8S": {
    "blacklisted_until": 1781492157.835703
  },
  "gsk_…JOK1": {
    "blacklisted_until": 1781492217.971135
  },
  "gsk_…GQpc": {
    "blacklisted_until": 1781492218.1181366
  }
}