{
  "gsk_…bdFd": {
    "blacklisted_until": 1781879907.535198
  },
  "gsk_…GQpc": {
    "blacklisted_until": 1781879784.8517628
  },
  "gsk_…M2TI": {
    "blacklisted_until": 1781879784.9295666
  },
  "gsk_…PxXM": {
    "blacklisted_until": 1781879816.616026
  },
  "gsk_…JOK1": {
    "blacklisted_until": 1781879816.7009819
  },
  "gsk_…HF8S": {
    "blacklisted_until": 1781879816.79626
  }
}