{
  "gsk_…bdFd": {
    "blacklisted_until": 1781189014.0780234
  },
  "gsk_…GQpc": {
    "blacklisted_until": 1781189013.4659426
  },
  "gsk_…M2TI": {
    "blacklisted_until": 1781189013.6246789
  },
  "gsk_…HF8S": {
    "blacklisted_until": 1781189013.7770677
  },
  "gsk_…PxXM": {
    "blacklisted_until": 1781189013.929776
  },
  "gsk_…JOK1": {
    "blacklisted_until": 1781189014.2201684
  }
}