{
  "gsk_…PxXM": {
    "blacklisted_until": 1780707427.8172386
  },
  "gsk_…bdFd": {
    "blacklisted_until": 1780707427.9702768
  },
  "gsk_…M2TI": {
    "blacklisted_until": 1780707459.179765
  },
  "gsk_…GQpc": {
    "blacklisted_until": 1780707459.3198502
  },
  "gsk_…HF8S": {
    "blacklisted_until": 1780707519.4644952
  },
  "gsk_…JOK1": {
    "blacklisted_until": 1780707519.6030731
  }
}