{
  "gsk_…HF8S": {
    "blacklisted_until": 1780526510.664728
  },
  "gsk_…PxXM": {
    "blacklisted_until": 1780526511.857517
  },
  "gsk_…bdFd": {
    "blacklisted_until": 1780526512.0124044
  }
}