{
  "gsk_…GQpc": {
    "blacklisted_until": 1779854280.6646779
  },
  "gsk_…M2TI": {
    "blacklisted_until": 1779854280.736195
  },
  "gsk_…PxXM": {
    "blacklisted_until": 1779854282.421033
  },
  "gsk_…bdFd": {
    "blacklisted_until": 1779854282.4848664
  },
  "gsk_…HF8S": {
    "blacklisted_until": 1779854284.8385658
  },
  "gsk_…JOK1": {
    "blacklisted_until": 1779854284.8997092
  }
}