{
  "gsk_…JOK1": {
    "blacklisted_until": 1781785702.6491148
  },
  "gsk_…HF8S": {
    "blacklisted_until": 1781785611.850341
  },
  "gsk_…PxXM": {
    "blacklisted_until": 1781785611.9237392
  },
  "gsk_…bdFd": {
    "blacklisted_until": 1781785611.989427
  },
  "gsk_…M2TI": {
    "blacklisted_until": 1781785844.983499
  },
  "gsk_…GQpc": {
    "blacklisted_until": 1781785845.0512397
  }
}