{
  "gsk_…M2TI": {
    "blacklisted_until": 1781439495.7929146
  },
  "gsk_…GQpc": {
    "blacklisted_until": 1781439495.875386
  }
}