{
  "gsk_…GQpc": {
    "blacklisted_until": 1780526143.3283463
  },
  "gsk_…M2TI": {
    "blacklisted_until": 1780526143.4796567
  },
  "gsk_…JOK1": {
    "blacklisted_until": 1780526143.6198158
  },
  "gsk_…PxXM": {
    "blacklisted_until": 1780526205.3507142
  },
  "gsk_…bdFd": {
    "blacklisted_until": 1780526205.4878294
  },
  "gsk_…HF8S": {
    "blacklisted_until": 1780526205.622043
  }
}