{
  "gsk_…PxXM": {
    "blacklisted_until": 1780987563.4696608
  },
  "gsk_…bdFd": {
    "blacklisted_until": 1780987563.536254
  },
  "gsk_…HF8S": {
    "blacklisted_until": 1780987563.603221
  },
  "gsk_…JOK1": {
    "blacklisted_until": 1780987623.6750858
  },
  "gsk_…GQpc": {
    "blacklisted_until": 1780987623.7410748
  }
}