{
  "gsk_…JOK1": {
    "blacklisted_until": 1781117120.291616
  },
  "gsk_…GQpc": {
    "blacklisted_until": 1781117120.3625963
  },
  "gsk_…M2TI": {
    "blacklisted_until": 1781117120.425998
  }
}