{
  "gsk_…JOK1": {
    "blacklisted_until": 1782101604.23293
  },
  "gsk_…GQpc": {
    "blacklisted_until": 1782101604.2980638
  },
  "gsk_…M2TI": {
    "blacklisted_until": 1782101604.3642747
  },
  "gsk_…HF8S": {
    "blacklisted_until": 1782101664.4342341
  },
  "gsk_…PxXM": {
    "blacklisted_until": 1782101664.4997296
  },
  "gsk_…bdFd": {
    "blacklisted_until": 1782101664.5677047
  }
}