{
  "gsk_…PxXM": {
    "blacklisted_until": 1780622174.7933438
  },
  "gsk_…bdFd": {
    "blacklisted_until": 1780622142.9767995
  },
  "gsk_…JOK1": {
    "blacklisted_until": 1780622174.9048846
  },
  "gsk_…GQpc": {
    "blacklisted_until": 1780622174.4194283
  },
  "gsk_…M2TI": {
    "blacklisted_until": 1780622174.5384727
  },
  "gsk_…HF8S": {
    "blacklisted_until": 1780622174.6444373
  }
}