{
  "gsk_…JOK1": {
    "blacklisted_until": 1780739345.4377158
  },
  "gsk_…GQpc": {
    "blacklisted_until": 1780739345.5748787
  },
  "gsk_…M2TI": {
    "blacklisted_until": 1780739345.7309468
  },
  "gsk_…HF8S": {
    "blacklisted_until": 1780739345.8652356
  },
  "gsk_…PxXM": {
    "blacklisted_until": 1780739346.0006866
  },
  "gsk_…bdFd": {
    "blacklisted_until": 1780739583.956558
  }
}