{
  "gsk_…JOK1": {
    "blacklisted_until": 1780405913.6237626
  },
  "gsk_…GQpc": {
    "blacklisted_until": 1780405913.6952856
  },
  "gsk_…bdFd": {
    "blacklisted_until": 1780405913.794902
  },
  "gsk_…M2TI": {
    "blacklisted_until": 1780406064.9681594
  },
  "gsk_…HF8S": {
    "blacklisted_until": 1780406065.0802293
  },
  "gsk_…PxXM": {
    "blacklisted_until": 1780406065.1616046
  }
}