{
  "gsk_…HF8S": {
    "blacklisted_until": 1780962166.745115
  },
  "gsk_…PxXM": {
    "blacklisted_until": 1780962166.10283
  },
  "gsk_…bdFd": {
    "blacklisted_until": 1780962166.2053778
  },
  "gsk_…JOK1": {
    "blacklisted_until": 1780962166.3465106
  },
  "gsk_…GQpc": {
    "blacklisted_until": 1780962166.4540951
  },
  "gsk_…M2TI": {
    "blacklisted_until": 1780962166.5567477
  }
}