{
  "gsk_…PxXM": {
    "blacklisted_until": 1781689776.9435596
  },
  "gsk_…bdFd": {
    "blacklisted_until": 1781689777.0385067
  },
  "gsk_…M2TI": {
    "blacklisted_until": 1781689841.83387
  },
  "gsk_…HF8S": {
    "blacklisted_until": 1781689841.9356523
  },
  "gsk_…JOK1": {
    "blacklisted_until": 1781689842.038625
  },
  "gsk_…GQpc": {
    "blacklisted_until": 1781689842.1359918
  }
}