{
  "gsk_…HF8S": {
    "blacklisted_until": 1780917484.4908054
  },
  "gsk_…PxXM": {
    "blacklisted_until": 1780917484.5663629
  },
  "gsk_…bdFd": {
    "blacklisted_until": 1780917484.6393893
  },
  "gsk_…JOK1": {
    "blacklisted_until": 1780917484.7044377
  },
  "gsk_…GQpc": {
    "blacklisted_until": 1780917484.768492
  },
  "gsk_…M2TI": {
    "blacklisted_until": 1780917698.1516635
  }
}