{
  "gsk_…GQpc": {
    "blacklisted_until": 1781451218.440251
  },
  "gsk_…M2TI": {
    "blacklisted_until": 1781451278.5199637
  },
  "gsk_…PxXM": {
    "blacklisted_until": 1781451309.626092
  },
  "gsk_…bdFd": {
    "blacklisted_until": 1781451309.7144349
  },
  "gsk_…JOK1": {
    "blacklisted_until": 1781451309.7890608
  },
  "gsk_…HF8S": {
    "blacklisted_until": 1781451309.865702
  }
}