{
  "gsk_…bdFd": {
    "blacklisted_until": 1781620842.2528272
  },
  "gsk_…JOK1": {
    "blacklisted_until": 1781620902.3380873
  },
  "gsk_…GQpc": {
    "blacklisted_until": 1781620902.4129667
  },
  "gsk_…HF8S": {
    "blacklisted_until": 1781620902.4859486
  },
  "gsk_…PxXM": {
    "blacklisted_until": 1781620902.5570216
  }
}