{
  "gsk_…HF8S": {
    "blacklisted_until": 1780028406.9978333
  },
  "gsk_…bdFd": {
    "blacklisted_until": 1780028497.3711574
  },
  "gsk_…JOK1": {
    "blacklisted_until": 1780028557.4347267
  },
  "gsk_…GQpc": {
    "blacklisted_until": 1780028557.4986467
  },
  "gsk_…PxXM": {
    "blacklisted_until": 1780028557.5611236
  },
  "gsk_…M2TI": {
    "blacklisted_until": 1780028617.627041
  }
}