{
  "gsk_…HF8S": {
    "blacklisted_until": 1781411053.4849958
  },
  "gsk_…PxXM": {
    "blacklisted_until": 1781411053.5554712
  },
  "gsk_…bdFd": {
    "blacklisted_until": 1781411053.6227834
  }
}