{
  "gsk_…HF8S": {
    "blacklisted_until": 1782347118.8904219
  },
  "gsk_…JOK1": {
    "blacklisted_until": 1782347118.9579802
  },
  "gsk_…PxXM": {
    "blacklisted_until": 1782347179.0296264
  },
  "gsk_…bdFd": {
    "blacklisted_until": 1782347179.0973692
  }
}