{
  "gsk_…JOK1": {
    "blacklisted_until": 1781107604.2968445
  },
  "gsk_…GQpc": {
    "blacklisted_until": 1781107604.3735056
  },
  "gsk_…M2TI": {
    "blacklisted_until": 1781107604.4399872
  },
  "gsk_…HF8S": {
    "blacklisted_until": 1781107604.506
  }
}