{
  "gsk_…JOK1": {
    "blacklisted_until": 1780664797.1425662
  },
  "gsk_…GQpc": {
    "blacklisted_until": 1780664797.219257
  },
  "gsk_…M2TI": {
    "blacklisted_until": 1780664797.3227997
  },
  "gsk_…PxXM": {
    "blacklisted_until": 1780664980.198072
  },
  "gsk_…bdFd": {
    "blacklisted_until": 1780664980.3586473
  },
  "gsk_…HF8S": {
    "blacklisted_until": 1780664980.4530954
  }
}