{
  "gsk_…GQpc": {
    "blacklisted_until": 1779906503.3451009
  },
  "gsk_…M2TI": {
    "blacklisted_until": 1779906503.4358537
  },
  "gsk_…HF8S": {
    "blacklisted_until": 1779906503.5770388
  },
  "gsk_…PxXM": {
    "blacklisted_until": 1779906503.662041
  },
  "gsk_…bdFd": {
    "blacklisted_until": 1779906503.7304282
  },
  "gsk_…JOK1": {
    "blacklisted_until": 1779906503.8148904
  }
}