{
  "gsk_…PxXM": {
    "blacklisted_until": 1781413817.8507254
  },
  "gsk_…bdFd": {
    "blacklisted_until": 1781413817.9342031
  },
  "gsk_…M2TI": {
    "blacklisted_until": 1781414028.9499476
  },
  "gsk_…JOK1": {
    "blacklisted_until": 1781413878.0018473
  },
  "gsk_…GQpc": {
    "blacklisted_until": 1781413938.0665884
  },
  "gsk_…HF8S": {
    "blacklisted_until": 1781413938.1311033
  }
}