{
  "gsk_…bdFd": {
    "blacklisted_until": 1780316896.1578243
  },
  "gsk_…M2TI": {
    "blacklisted_until": 1780316805.7666414
  },
  "gsk_…JOK1": {
    "blacklisted_until": 1780316956.232211
  },
  "gsk_…GQpc": {
    "blacklisted_until": 1780316956.2999904
  },
  "gsk_…HF8S": {
    "blacklisted_until": 1780316956.362825
  },
  "gsk_…PxXM": {
    "blacklisted_until": 1780316956.4288857
  }
}