{
  "gsk_…M2TI": {
    "blacklisted_until": 1779952761.349834
  },
  "gsk_…PxXM": {
    "blacklisted_until": 1779952821.4172928
  },
  "gsk_…bdFd": {
    "blacklisted_until": 1779952821.474874
  },
  "gsk_…GQpc": {
    "blacklisted_until": 1779952821.5414345
  },
  "gsk_…HF8S": {
    "blacklisted_until": 1779952881.6057749
  }
}