{
  "gsk_…PxXM": {
    "blacklisted_until": 1779856437.280091
  },
  "gsk_…bdFd": {
    "blacklisted_until": 1779856437.347245
  },
  "gsk_…JOK1": {
    "blacklisted_until": 1779856437.417328
  },
  "gsk_…GQpc": {
    "blacklisted_until": 1779856437.4831069
  },
  "gsk_…M2TI": {
    "blacklisted_until": 1779856437.1504478
  },
  "gsk_…HF8S": {
    "blacklisted_until": 1779856437.2174122
  }
}