{
  "gsk_…HF8S": {
    "blacklisted_until": 1781455260.9729915
  },
  "gsk_…PxXM": {
    "blacklisted_until": 1781455261.0523906
  },
  "gsk_…bdFd": {
    "blacklisted_until": 1781455261.1330328
  },
  "gsk_…JOK1": {
    "blacklisted_until": 1781455261.2182307
  },
  "gsk_…GQpc": {
    "blacklisted_until": 1781455382.3072107
  }
}