{
  "gsk_…PxXM": {
    "blacklisted_until": 1781787343.5230372
  },
  "gsk_…bdFd": {
    "blacklisted_until": 1781787343.588538
  },
  "gsk_…JOK1": {
    "blacklisted_until": 1781787403.7493348
  },
  "gsk_…GQpc": {
    "blacklisted_until": 1781787403.8236508
  },
  "gsk_…M2TI": {
    "blacklisted_until": 1781787403.8967435
  },
  "gsk_…HF8S": {
    "blacklisted_until": 1781787403.9638138
  }
}