{
  "gsk_…bdFd": {
    "blacklisted_until": 1780835697.3351858
  },
  "gsk_…GQpc": {
    "blacklisted_until": 1780835606.761306
  },
  "gsk_…JOK1": {
    "blacklisted_until": 1780835526.4420109
  },
  "gsk_…M2TI": {
    "blacklisted_until": 1780835526.5198343
  },
  "gsk_…PxXM": {
    "blacklisted_until": 1780835606.6771877
  },
  "gsk_…HF8S": {
    "blacklisted_until": 1780835606.8411295
  }
}