{
  "gsk_…JOK1": {
    "blacklisted_until": 1782170081.7890441
  },
  "gsk_…GQpc": {
    "blacklisted_until": 1782170081.9037814
  },
  "gsk_…M2TI": {
    "blacklisted_until": 1782170141.9745333
  },
  "gsk_…HF8S": {
    "blacklisted_until": 1782170142.0444095
  }
}