{
  "gsk_…M2TI": {
    "blacklisted_until": 1781840934.4992855
  },
  "gsk_…HF8S": {
    "blacklisted_until": 1781840994.5935516
  },
  "gsk_…PxXM": {
    "blacklisted_until": 1781840994.685594
  },
  "gsk_…bdFd": {
    "blacklisted_until": 1781840994.80419
  },
  "gsk_…JOK1": {
    "blacklisted_until": 1781841054.893271
  },
  "gsk_…GQpc": {
    "blacklisted_until": 1781841054.9849935
  }
}