{
  "gsk_…M2TI": {
    "blacklisted_until": 1781203832.401989
  },
  "gsk_…GQpc": {
    "blacklisted_until": 1781203832.5725014
  },
  "gsk_…PxXM": {
    "blacklisted_until": 1781203924.0193987
  },
  "gsk_…bdFd": {
    "blacklisted_until": 1781203924.190075
  },
  "gsk_…HF8S": {
    "blacklisted_until": 1781203924.3472712
  },
  "gsk_…JOK1": {
    "blacklisted_until": 1781203984.5724094
  }
}