{
  "gsk_…bdFd": {
    "blacklisted_until": 1782211701.601126
  },
  "gsk_…PxXM": {
    "blacklisted_until": 1782211701.6812863
  },
  "gsk_…JOK1": {
    "blacklisted_until": 1782211761.7584174
  },
  "gsk_…GQpc": {
    "blacklisted_until": 1782211761.8363717
  },
  "gsk_…M2TI": {
    "blacklisted_until": 1782211761.9152696
  },
  "gsk_…HF8S": {
    "blacklisted_until": 1782211761.9918623
  }
}