{
  "gsk_…PxXM": {
    "blacklisted_until": 1780911056.6869564
  },
  "gsk_…GQpc": {
    "blacklisted_until": 1780911116.764199
  },
  "gsk_…M2TI": {
    "blacklisted_until": 1780911116.8295743
  },
  "gsk_…HF8S": {
    "blacklisted_until": 1780911116.9077477
  }
}