{
  "gsk_…HF8S": {
    "blacklisted_until": 1781842637.7071567
  },
  "gsk_…PxXM": {
    "blacklisted_until": 1781842637.7996752
  },
  "gsk_…bdFd": {
    "blacklisted_until": 1781842637.9525893
  },
  "gsk_…M2TI": {
    "blacklisted_until": 1781842638.1199882
  },
  "gsk_…JOK1": {
    "blacklisted_until": 1781842698.2104316
  },
  "gsk_…GQpc": {
    "blacklisted_until": 1781842698.2808871
  }
}