{
  "gsk_…JOK1": {
    "blacklisted_until": 1781665081.3014333
  },
  "gsk_…M2TI": {
    "blacklisted_until": 1781665141.4159443
  },
  "gsk_…HF8S": {
    "blacklisted_until": 1781665201.485414
  }
}