{
  "gsk_…bdFd": {
    "blacklisted_until": 1780148791.6887841
  },
  "gsk_…GQpc": {
    "blacklisted_until": 1780148822.732784
  },
  "gsk_…M2TI": {
    "blacklisted_until": 1780148822.798
  },
  "gsk_…HF8S": {
    "blacklisted_until": 1780148822.8634572
  },
  "gsk_…PxXM": {
    "blacklisted_until": 1780148822.9298284
  },
  "gsk_…JOK1": {
    "blacklisted_until": 1780148822.9959495
  }
}