{
  "gsk_…M2TI": {
    "blacklisted_until": 1781438816.7640104
  },
  "gsk_…GQpc": {
    "blacklisted_until": 1781438816.8408327
  },
  "gsk_…PxXM": {
    "blacklisted_until": 1781438919.9984784
  },
  "gsk_…bdFd": {
    "blacklisted_until": 1781438920.08125
  },
  "gsk_…JOK1": {
    "blacklisted_until": 1781438920.1625283
  },
  "gsk_…HF8S": {
    "blacklisted_until": 1781438920.2470613
  }
}