{
  "gsk_…HF8S": {
    "blacklisted_until": 1781625191.0587173
  },
  "gsk_…PxXM": {
    "blacklisted_until": 1781625191.1347513
  },
  "gsk_…bdFd": {
    "blacklisted_until": 1781625191.2093978
  },
  "gsk_…JOK1": {
    "blacklisted_until": 1781625251.277919
  },
  "gsk_…GQpc": {
    "blacklisted_until": 1781625251.376078
  },
  "gsk_…M2TI": {
    "blacklisted_until": 1781625433.456718
  }
}