{
  "gsk_…M2TI": {
    "blacklisted_until": 1780482386.877005
  },
  "gsk_…HF8S": {
    "blacklisted_until": 1780482386.608468
  },
  "gsk_…bdFd": {
    "blacklisted_until": 1780482290.4257972
  },
  "gsk_…PxXM": {
    "blacklisted_until": 1780482386.7413156
  },
  "gsk_…JOK1": {
    "blacklisted_until": 1780482447.0135484
  },
  "gsk_…GQpc": {
    "blacklisted_until": 1780482447.153875
  }
}