{
  "gsk_…PxXM": {
    "blacklisted_until": 1781897340.8721697
  },
  "gsk_…bdFd": {
    "blacklisted_until": 1781897340.9559953
  },
  "gsk_…HF8S": {
    "blacklisted_until": 1781897341.0441294
  },
  "gsk_…GQpc": {
    "blacklisted_until": 1781897514.7874045
  },
  "gsk_…M2TI": {
    "blacklisted_until": 1781897514.8666565
  },
  "gsk_…JOK1": {
    "blacklisted_until": 1781897514.9505568
  }
}