{
  "gsk_…HF8S": {
    "blacklisted_until": 1780958764.9291282
  },
  "gsk_…PxXM": {
    "blacklisted_until": 1780958765.075787
  },
  "gsk_…JOK1": {
    "blacklisted_until": 1780958765.2096803
  },
  "gsk_…GQpc": {
    "blacklisted_until": 1780958765.3224988
  },
  "gsk_…M2TI": {
    "blacklisted_until": 1780958765.4315217
  },
  "gsk_…bdFd": {
    "blacklisted_until": 1780958916.6761398
  }
}