{
  "gsk_…HF8S": {
    "blacklisted_until": 1781197086.5661724
  },
  "gsk_…GQpc": {
    "blacklisted_until": 1781197388.8708167
  },
  "gsk_…M2TI": {
    "blacklisted_until": 1781197237.5167637
  },
  "gsk_…PxXM": {
    "blacklisted_until": 1781197237.6757421
  },
  "gsk_…bdFd": {
    "blacklisted_until": 1781197237.8278165
  },
  "gsk_…JOK1": {
    "blacklisted_until": 1781197297.9627087
  }
}