{
  "gsk_…M2TI": {
    "blacklisted_until": 1780158746.0594623
  },
  "gsk_…PxXM": {
    "blacklisted_until": 1780158867.1952307
  },
  "gsk_…GQpc": {
    "blacklisted_until": 1780158898.1007626
  },
  "gsk_…HF8S": {
    "blacklisted_until": 1780158897.9705958
  },
  "gsk_…bdFd": {
    "blacklisted_until": 1780158898.0375366
  },
  "gsk_…JOK1": {
    "blacklisted_until": 1780158958.1684897
  }
}