{
  "gsk_…bdFd": {
    "blacklisted_until": 1781736900.1306727
  },
  "gsk_…JOK1": {
    "blacklisted_until": 1781736960.2632172
  },
  "gsk_…GQpc": {
    "blacklisted_until": 1781736960.4215717
  },
  "gsk_…M2TI": {
    "blacklisted_until": 1781736960.5433002
  },
  "gsk_…HF8S": {
    "blacklisted_until": 1781736960.674259
  },
  "gsk_…PxXM": {
    "blacklisted_until": 1781736960.7977622
  }
}