{
  "gsk_…M2TI": {
    "blacklisted_until": 1781979093.9697175
  },
  "gsk_…GQpc": {
    "blacklisted_until": 1781979094.0403244
  },
  "gsk_…PxXM": {
    "blacklisted_until": 1781979185.2343824
  },
  "gsk_…bdFd": {
    "blacklisted_until": 1781979185.3048668
  },
  "gsk_…JOK1": {
    "blacklisted_until": 1781979185.3770728
  },
  "gsk_…HF8S": {
    "blacklisted_until": 1781979185.4393656
  }
}