{
  "gsk_…HF8S": {
    "blacklisted_until": 1782059715.8577588
  },
  "gsk_…PxXM": {
    "blacklisted_until": 1782059715.9540563
  },
  "gsk_…JOK1": {
    "blacklisted_until": 1782059716.0449853
  },
  "gsk_…bdFd": {
    "blacklisted_until": 1782059776.1174812
  }
}