{
  "gsk_…HF8S": {
    "blacklisted_until": 1780833222.0364447
  },
  "gsk_…PxXM": {
    "blacklisted_until": 1780833222.1183777
  },
  "gsk_…bdFd": {
    "blacklisted_until": 1780833282.2314117
  },
  "gsk_…M2TI": {
    "blacklisted_until": 1780833526.1235209
  }
}