{
  "gsk_…JOK1": {
    "blacklisted_until": 1780485375.0674586
  },
  "gsk_…GQpc": {
    "blacklisted_until": 1780485375.2056756
  },
  "gsk_…M2TI": {
    "blacklisted_until": 1780485375.3416748
  },
  "gsk_…HF8S": {
    "blacklisted_until": 1780485401.588358
  },
  "gsk_…PxXM": {
    "blacklisted_until": 1780485401.7440252
  },
  "gsk_…bdFd": {
    "blacklisted_until": 1780485461.9494917
  }
}