{
  "gsk_…GQpc": {
    "blacklisted_until": 1780445125.529198
  },
  "gsk_…M2TI": {
    "blacklisted_until": 1780445125.5965023
  },
  "gsk_…HF8S": {
    "blacklisted_until": 1780445125.6660154
  },
  "gsk_…PxXM": {
    "blacklisted_until": 1780445125.7360313
  },
  "gsk_…bdFd": {
    "blacklisted_until": 1780445185.8093104
  }
}