{
  "gsk_…HF8S": {
    "blacklisted_until": 1781195595.6044307
  },
  "gsk_…JOK1": {
    "blacklisted_until": 1781195595.7603505
  },
  "gsk_…GQpc": {
    "blacklisted_until": 1781195595.9127162
  },
  "gsk_…M2TI": {
    "blacklisted_until": 1781195837.3894196
  }
}