{
  "gsk_…JOK1": {
    "blacklisted_until": 1782137802.3750718
  },
  "gsk_…M2TI": {
    "blacklisted_until": 1782137802.521237
  },
  "gsk_…GQpc": {
    "blacklisted_until": 1782137862.6080625
  },
  "gsk_…HF8S": {
    "blacklisted_until": 1782137922.6795135
  }
}