{
  "gsk_…JOK1": {
    "blacklisted_until": 1781704214.9455001
  },
  "gsk_…GQpc": {
    "blacklisted_until": 1781704215.1042416
  },
  "gsk_…M2TI": {
    "blacklisted_until": 1781704215.2038412
  },
  "gsk_…HF8S": {
    "blacklisted_until": 1781704278.1947203
  },
  "gsk_…PxXM": {
    "blacklisted_until": 1781704338.3075995
  },
  "gsk_…bdFd": {
    "blacklisted_until": 1781704338.423459
  }
}