{
  "gsk_…M2TI": {
    "blacklisted_until": 1782104950.5249972
  },
  "gsk_…PxXM": {
    "blacklisted_until": 1782104731.8704762
  },
  "gsk_…bdFd": {
    "blacklisted_until": 1782104731.9376764
  },
  "gsk_…JOK1": {
    "blacklisted_until": 1782104769.2698762
  },
  "gsk_…GQpc": {
    "blacklisted_until": 1782104769.1957257
  },
  "gsk_…HF8S": {
    "blacklisted_until": 1782104731.804551
  }
}