{
  "gsk_…M2TI": {
    "blacklisted_until": 1780730864.9548244
  },
  "gsk_…JOK1": {
    "blacklisted_until": 1780730956.2159376
  },
  "gsk_…GQpc": {
    "blacklisted_until": 1780730652.5181172
  },
  "gsk_…HF8S": {
    "blacklisted_until": 1780730652.6537986
  },
  "gsk_…bdFd": {
    "blacklisted_until": 1780730956.0755737
  }
}