{
  "gsk_…HF8S": {
    "blacklisted_until": 1781646426.7403083
  },
  "gsk_…PxXM": {
    "blacklisted_until": 1781646426.7905624
  },
  "gsk_…bdFd": {
    "blacklisted_until": 1781646426.8831532
  },
  "gsk_…JOK1": {
    "blacklisted_until": 1781646426.9389582
  },
  "gsk_…GQpc": {
    "blacklisted_until": 1781646427.0005298
  },
  "gsk_…M2TI": {
    "blacklisted_until": 1781646427.0580912
  }
}