{
  "gsk_…GQpc": {
    "blacklisted_until": 1780200851.6641917
  },
  "gsk_…M2TI": {
    "blacklisted_until": 1780200911.7435837
  },
  "gsk_…JOK1": {
    "blacklisted_until": 1780200911.8230014
  },
  "gsk_…HF8S": {
    "blacklisted_until": 1780200972.0087857
  },
  "gsk_…PxXM": {
    "blacklisted_until": 1780200972.08407
  },
  "gsk_…bdFd": {
    "blacklisted_until": 1780200972.1609216
  }
}