{
  "gsk_…JOK1": {
    "blacklisted_until": 1782094739.7690022
  },
  "gsk_…GQpc": {
    "blacklisted_until": 1782094739.8323662
  },
  "gsk_…M2TI": {
    "blacklisted_until": 1782094680.4446044
  },
  "gsk_…HF8S": {
    "blacklisted_until": 1782094680.5104485
  },
  "gsk_…PxXM": {
    "blacklisted_until": 1782094739.629785
  },
  "gsk_…bdFd": {
    "blacklisted_until": 1782094739.702877
  }
}