{
  "gsk_…HF8S": {
    "blacklisted_until": 1782378214.1096995
  },
  "gsk_…PxXM": {
    "blacklisted_until": 1782378214.1814077
  },
  "gsk_…bdFd": {
    "blacklisted_until": 1782378214.2527933
  },
  "gsk_…JOK1": {
    "blacklisted_until": 1782378214.3257663
  },
  "gsk_…GQpc": {
    "blacklisted_until": 1782378214.4083571
  },
  "gsk_…M2TI": {
    "blacklisted_until": 1782378214.484346
  }
}