{
  "gsk_…bdFd": {
    "blacklisted_until": 1780153602.9908962
  },
  "gsk_…M2TI": {
    "blacklisted_until": 1780153633.877616
  },
  "gsk_…GQpc": {
    "blacklisted_until": 1780153633.9451442
  },
  "gsk_…HF8S": {
    "blacklisted_until": 1780153694.0133648
  },
  "gsk_…PxXM": {
    "blacklisted_until": 1780153694.0810814
  },
  "gsk_…JOK1": {
    "blacklisted_until": 1780153694.1510894
  }
}