{
  "gsk_…PxXM": {
    "blacklisted_until": 1781935350.6472366
  },
  "gsk_…HF8S": {
    "blacklisted_until": 1781935350.7285292
  },
  "gsk_…bdFd": {
    "blacklisted_until": 1781935503.699239
  }
}