{
  "gsk_…PxXM": {
    "blacklisted_until": 1781330075.4566507
  },
  "gsk_…bdFd": {
    "blacklisted_until": 1781330075.5236268
  }
}