{
  "gsk_…HF8S": {
    "blacklisted_until": 1780521188.0965364
  },
  "gsk_…PxXM": {
    "blacklisted_until": 1780521188.2358093
  },
  "gsk_…bdFd": {
    "blacklisted_until": 1780521188.3721018
  },
  "gsk_…JOK1": {
    "blacklisted_until": 1780521248.5436516
  },
  "gsk_…GQpc": {
    "blacklisted_until": 1780521248.6801014
  },
  "gsk_…M2TI": {
    "blacklisted_until": 1780521248.82416
  }
}