{
  "gsk_…HF8S": {
    "blacklisted_until": 1780817072.878138
  },
  "gsk_…GQpc": {
    "blacklisted_until": 1780817073.185103
  },
  "gsk_…M2TI": {
    "blacklisted_until": 1780817073.2656977
  },
  "gsk_…PxXM": {
    "blacklisted_until": 1780817072.9562967
  },
  "gsk_…bdFd": {
    "blacklisted_until": 1780817073.031956
  },
  "gsk_…JOK1": {
    "blacklisted_until": 1780817073.108854
  }
}