{
  "gsk_…M2TI": {
    "blacklisted_until": 1782311246.0445187
  },
  "gsk_…GQpc": {
    "blacklisted_until": 1782311246.1609063
  },
  "gsk_…HF8S": {
    "blacklisted_until": 1782311306.2507665
  },
  "gsk_…PxXM": {
    "blacklisted_until": 1782311306.3318102
  },
  "gsk_…bdFd": {
    "blacklisted_until": 1782311306.4155698
  },
  "gsk_…JOK1": {
    "blacklisted_until": 1782311306.497392
  }
}