{
  "gsk_…PxXM": {
    "blacklisted_until": 1781165704.0606108
  },
  "gsk_…bdFd": {
    "blacklisted_until": 1781165704.207769
  },
  "gsk_…JOK1": {
    "blacklisted_until": 1781165795.55744
  },
  "gsk_…GQpc": {
    "blacklisted_until": 1781165855.6845312
  },
  "gsk_…M2TI": {
    "blacklisted_until": 1781165855.8165483
  },
  "gsk_…HF8S": {
    "blacklisted_until": 1781165861.071626
  }
}