{
  "gsk_…JOK1": {
    "blacklisted_until": 1782063322.2250304
  },
  "gsk_…HF8S": {
    "blacklisted_until": 1782063322.0861611
  },
  "gsk_…PxXM": {
    "blacklisted_until": 1782063322.1608565
  },
  "gsk_…GQpc": {
    "blacklisted_until": 1782063506.0961092
  },
  "gsk_…M2TI": {
    "blacklisted_until": 1782063505.9761221
  },
  "gsk_…bdFd": {
    "blacklisted_until": 1782063506.0362914
  }
}