{
  "gsk_…PxXM": {
    "blacklisted_until": 1782170718.5410478
  },
  "gsk_…bdFd": {
    "blacklisted_until": 1782170718.6184976
  },
  "gsk_…JOK1": {
    "blacklisted_until": 1782170718.6880164
  },
  "gsk_…GQpc": {
    "blacklisted_until": 1782170718.7511852
  },
  "gsk_…M2TI": {
    "blacklisted_until": 1782170778.8181443
  },
  "gsk_…HF8S": {
    "blacklisted_until": 1782170778.8874278
  }
}