{
  "gsk_…JOK1": {
    "blacklisted_until": 1780912051.49453
  },
  "gsk_…GQpc": {
    "blacklisted_until": 1780912111.563973
  },
  "gsk_…M2TI": {
    "blacklisted_until": 1780912111.6306975
  },
  "gsk_…HF8S": {
    "blacklisted_until": 1780912171.705338
  }
}