{
  "gsk_…bdFd": {
    "blacklisted_until": 1781778477.8649035
  },
  "gsk_…M2TI": {
    "blacklisted_until": 1781778630.5345361
  },
  "gsk_…GQpc": {
    "blacklisted_until": 1781778630.4592535
  },
  "gsk_…PxXM": {
    "blacklisted_until": 1781778630.6047237
  },
  "gsk_…JOK1": {
    "blacklisted_until": 1781778630.6814551
  },
  "gsk_…HF8S": {
    "blacklisted_until": 1781778690.7484732
  }
}