{
  "gsk_…PxXM": {
    "blacklisted_until": 1781581289.454289
  },
  "gsk_…bdFd": {
    "blacklisted_until": 1781581289.5198543
  },
  "gsk_…JOK1": {
    "blacklisted_until": 1781581289.5958369
  },
  "gsk_…HF8S": {
    "blacklisted_until": 1781581289.6673717
  },
  "gsk_…GQpc": {
    "blacklisted_until": 1781581349.7465472
  },
  "gsk_…M2TI": {
    "blacklisted_until": 1781581349.9416218
  }
}