{
  "gsk_…GQpc": {
    "blacklisted_until": 1781313463.6502762
  },
  "gsk_…M2TI": {
    "blacklisted_until": 1781313463.721322
  },
  "gsk_…JOK1": {
    "blacklisted_until": 1781313463.7900784
  }
}