{
  "gsk_…bdFd": {
    "blacklisted_until": 1779814588.450875
  },
  "gsk_…JOK1": {
    "blacklisted_until": 1779814648.5187464
  },
  "gsk_…GQpc": {
    "blacklisted_until": 1779814648.583968
  },
  "gsk_…M2TI": {
    "blacklisted_until": 1779814648.6518068
  },
  "gsk_…HF8S": {
    "blacklisted_until": 1779814648.7252145
  },
  "gsk_…PxXM": {
    "blacklisted_until": 1779814648.7913158
  }
}