{
  "gsk_…JOK1": {
    "blacklisted_until": 1780285090.437775
  },
  "gsk_…GQpc": {
    "blacklisted_until": 1780285004.5736659
  },
  "gsk_…M2TI": {
    "blacklisted_until": 1780285004.6430414
  },
  "gsk_…HF8S": {
    "blacklisted_until": 1780285090.5031433
  },
  "gsk_…PxXM": {
    "blacklisted_until": 1780285240.9822662
  },
  "gsk_…bdFd": {
    "blacklisted_until": 1780285241.048311
  }
}