{
  "gsk_…PxXM": {
    "blacklisted_until": 1781789057.8507857
  },
  "gsk_…bdFd": {
    "blacklisted_until": 1781789057.9218633
  },
  "gsk_…JOK1": {
    "blacklisted_until": 1781789118.0012994
  },
  "gsk_…GQpc": {
    "blacklisted_until": 1781789118.0686169
  },
  "gsk_…M2TI": {
    "blacklisted_until": 1781789118.1354647
  },
  "gsk_…HF8S": {
    "blacklisted_until": 1781789118.202121
  }
}