{
  "gsk_…PxXM": {
    "blacklisted_until": 1781369421.6312814
  },
  "gsk_…bdFd": {
    "blacklisted_until": 1781369421.7108102
  },
  "gsk_…HF8S": {
    "blacklisted_until": 1781369421.5420623
  },
  "gsk_…JOK1": {
    "blacklisted_until": 1781369269.9960082
  },
  "gsk_…GQpc": {
    "blacklisted_until": 1781369270.0849206
  },
  "gsk_…M2TI": {
    "blacklisted_until": 1781369330.1809819
  }
}