{
  "gsk_…HF8S": {
    "blacklisted_until": 1781576259.7904222
  },
  "gsk_…PxXM": {
    "blacklisted_until": 1781576259.8623407
  },
  "gsk_…bdFd": {
    "blacklisted_until": 1781576259.9337807
  }
}