{
  "gsk_…GQpc": {
    "blacklisted_until": 1781317283.486234
  },
  "gsk_…M2TI": {
    "blacklisted_until": 1781317283.5513186
  },
  "gsk_…JOK1": {
    "blacklisted_until": 1781317283.4190857
  },
  "gsk_…bdFd": {
    "blacklisted_until": 1781317101.9215488
  }
}