{
  "gsk_…M2TI": {
    "blacklisted_until": 1780491304.6918628
  },
  "gsk_…HF8S": {
    "blacklisted_until": 1780491364.84723
  },
  "gsk_…PxXM": {
    "blacklisted_until": 1780491364.994862
  },
  "gsk_…bdFd": {
    "blacklisted_until": 1780491365.1315262
  },
  "gsk_…JOK1": {
    "blacklisted_until": 1780491365.2863934
  },
  "gsk_…GQpc": {
    "blacklisted_until": 1780491365.4306908
  }
}