{
  "gsk_…PxXM": {
    "blacklisted_until": 1782147630.0719333
  },
  "gsk_…bdFd": {
    "blacklisted_until": 1782147630.146938
  },
  "gsk_…JOK1": {
    "blacklisted_until": 1782147630.2132528
  },
  "gsk_…HF8S": {
    "blacklisted_until": 1782147629.9964876
  },
  "gsk_…M2TI": {
    "blacklisted_until": 1782147595.155261
  },
  "gsk_…GQpc": {
    "blacklisted_until": 1782147595.226475
  }
}