{
  "gsk_…PxXM": {
    "blacklisted_until": 1779752565.0860672
  },
  "gsk_…bdFd": {
    "blacklisted_until": 1779752565.1508229
  },
  "gsk_…GQpc": {
    "blacklisted_until": 1779752567.2438595
  },
  "gsk_…M2TI": {
    "blacklisted_until": 1779752567.3117929
  },
  "gsk_…HF8S": {
    "blacklisted_until": 1779752567.385492
  },
  "gsk_…JOK1": {
    "blacklisted_until": 1779752567.455177
  }
}