{
  "gsk_…bdFd": {
    "blacklisted_until": 1782055513.3587515
  },
  "gsk_…GQpc": {
    "blacklisted_until": 1782055637.887589
  },
  "gsk_…M2TI": {
    "blacklisted_until": 1782055637.9777894
  }
}