{
  "gsk_…HF8S": {
    "blacklisted_until": 1780870213.7636435
  },
  "gsk_…bdFd": {
    "blacklisted_until": 1780870396.4916332
  },
  "gsk_…PxXM": {
    "blacklisted_until": 1780870396.603055
  }
}