{
  "gsk_…GQpc": {
    "blacklisted_until": 1781451890.16932
  },
  "gsk_…M2TI": {
    "blacklisted_until": 1781451950.2488244
  },
  "gsk_…HF8S": {
    "blacklisted_until": 1781451950.3287647
  },
  "gsk_…PxXM": {
    "blacklisted_until": 1781451950.407167
  },
  "gsk_…bdFd": {
    "blacklisted_until": 1781451950.4841812
  },
  "gsk_…JOK1": {
    "blacklisted_until": 1781451950.5632465
  }
}