{
  "gsk_…GQpc": {
    "blacklisted_until": 1780704083.377831
  },
  "gsk_…M2TI": {
    "blacklisted_until": 1780704083.520812
  }
}