{
  "gsk_…bdFd": {
    "blacklisted_until": 1781563945.6764882
  },
  "gsk_…PxXM": {
    "blacklisted_until": 1781563945.7408347
  },
  "gsk_…GQpc": {
    "blacklisted_until": 1781564036.699665
  },
  "gsk_…M2TI": {
    "blacklisted_until": 1781564036.7793756
  },
  "gsk_…HF8S": {
    "blacklisted_until": 1781564036.8557057
  },
  "gsk_…JOK1": {
    "blacklisted_until": 1781564036.9253602
  }
}