{
  "gsk_…PxXM": {
    "blacklisted_until": 1781036944.6832948
  },
  "gsk_…bdFd": {
    "blacklisted_until": 1781036944.753446
  },
  "gsk_…HF8S": {
    "blacklisted_until": 1781036944.822562
  }
}