{
  "gsk_…HF8S": {
    "blacklisted_until": 1781580290.3124235
  },
  "gsk_…PxXM": {
    "blacklisted_until": 1781580259.2095942
  },
  "gsk_…bdFd": {
    "blacklisted_until": 1781580259.2858038
  },
  "gsk_…JOK1": {
    "blacklisted_until": 1781580290.3851051
  },
  "gsk_…GQpc": {
    "blacklisted_until": 1781580350.4584243
  },
  "gsk_…M2TI": {
    "blacklisted_until": 1781580350.5249631
  }
}