{
  "gsk_…bdFd": {
    "blacklisted_until": 1781853267.895823
  },
  "gsk_…JOK1": {
    "blacklisted_until": 1781853267.9918997
  },
  "gsk_…GQpc": {
    "blacklisted_until": 1781853268.0883906
  },
  "gsk_…M2TI": {
    "blacklisted_until": 1781853268.1830006
  },
  "gsk_…HF8S": {
    "blacklisted_until": 1781853268.27192
  },
  "gsk_…PxXM": {
    "blacklisted_until": 1781853268.3419316
  }
}