{
  "gsk_…GQpc": {
    "blacklisted_until": 1781734035.4838073
  },
  "gsk_…bdFd": {
    "blacklisted_until": 1781734035.6141362
  },
  "gsk_…JOK1": {
    "blacklisted_until": 1781734095.7386646
  },
  "gsk_…M2TI": {
    "blacklisted_until": 1781734095.8670046
  },
  "gsk_…HF8S": {
    "blacklisted_until": 1781734096.0055757
  },
  "gsk_…PxXM": {
    "blacklisted_until": 1781734096.1800044
  }
}