{
  "gsk_…bdFd": {
    "blacklisted_until": 1781070875.0843067
  },
  "gsk_…JOK1": {
    "blacklisted_until": 1781070876.9030275
  },
  "gsk_…GQpc": {
    "blacklisted_until": 1781070937.0618849
  },
  "gsk_…M2TI": {
    "blacklisted_until": 1781070937.1332173
  },
  "gsk_…PxXM": {
    "blacklisted_until": 1781070939.420644
  },
  "gsk_…HF8S": {
    "blacklisted_until": 1781070939.573239
  }
}