{
  "gsk_…HF8S": {
    "blacklisted_until": 1780661808.964371
  },
  "gsk_…PxXM": {
    "blacklisted_until": 1780661809.0629096
  },
  "gsk_…bdFd": {
    "blacklisted_until": 1780661809.2193646
  }
}