{
  "gsk_…GQpc": {
    "blacklisted_until": 1782102606.1492796
  },
  "gsk_…M2TI": {
    "blacklisted_until": 1782102606.2170715
  },
  "gsk_…JOK1": {
    "blacklisted_until": 1782102606.2878022
  },
  "gsk_…PxXM": {
    "blacklisted_until": 1782102697.5072277
  },
  "gsk_…bdFd": {
    "blacklisted_until": 1782102697.5857396
  },
  "gsk_…HF8S": {
    "blacklisted_until": 1782102697.653559
  }
}