{
  "gsk_…M2TI": {
    "blacklisted_until": 1780365118.0249407
  },
  "gsk_…GQpc": {
    "blacklisted_until": 1780365026.9186113
  },
  "gsk_…PxXM": {
    "blacklisted_until": 1780365178.0920815
  },
  "gsk_…bdFd": {
    "blacklisted_until": 1780365178.1564038
  },
  "gsk_…JOK1": {
    "blacklisted_until": 1780365178.2290945
  },
  "gsk_…HF8S": {
    "blacklisted_until": 1780365238.298835
  }
}