{
  "gsk_…JOK1": {
    "blacklisted_until": 1780237695.448061
  },
  "gsk_…GQpc": {
    "blacklisted_until": 1780237695.5221145
  },
  "gsk_…M2TI": {
    "blacklisted_until": 1780237695.5861113
  },
  "gsk_…HF8S": {
    "blacklisted_until": 1780237726.4169717
  },
  "gsk_…PxXM": {
    "blacklisted_until": 1780237876.853066
  },
  "gsk_…bdFd": {
    "blacklisted_until": 1780237876.9147818
  }
}