{
  "gsk_…M2TI": {
    "blacklisted_until": 1779995431.8205707
  },
  "gsk_…JOK1": {
    "blacklisted_until": 1779995431.943923
  },
  "gsk_…GQpc": {
    "blacklisted_until": 1779995432.0418532
  },
  "gsk_…HF8S": {
    "blacklisted_until": 1779995492.1773047
  },
  "gsk_…PxXM": {
    "blacklisted_until": 1779995552.2617786
  },
  "gsk_…bdFd": {
    "blacklisted_until": 1779995552.335123
  }
}