{
  "gsk_…GQpc": {
    "blacklisted_until": 1779911588.689384
  },
  "gsk_…M2TI": {
    "blacklisted_until": 1779911588.7531712
  },
  "gsk_…HF8S": {
    "blacklisted_until": 1779911588.8244226
  },
  "gsk_…PxXM": {
    "blacklisted_until": 1779911588.8974838
  },
  "gsk_…JOK1": {
    "blacklisted_until": 1779911588.9606206
  },
  "gsk_…bdFd": {
    "blacklisted_until": 1779911684.8579292
  }
}