{
  "gsk_…PxXM": {
    "blacklisted_until": 1780148458.789184
  },
  "gsk_…bdFd": {
    "blacklisted_until": 1780148458.469083
  },
  "gsk_…GQpc": {
    "blacklisted_until": 1780148458.6004293
  },
  "gsk_…M2TI": {
    "blacklisted_until": 1780148458.6613858
  },
  "gsk_…HF8S": {
    "blacklisted_until": 1780148458.7237196
  },
  "gsk_…JOK1": {
    "blacklisted_until": 1780148458.5372026
  }
}