{
  "gsk_…PxXM": {
    "blacklisted_until": 1781357307.4344244
  },
  "gsk_…bdFd": {
    "blacklisted_until": 1781357307.5168567
  },
  "gsk_…GQpc": {
    "blacklisted_until": 1781357367.597457
  },
  "gsk_…M2TI": {
    "blacklisted_until": 1781357398.8366454
  },
  "gsk_…HF8S": {
    "blacklisted_until": 1781357458.9162333
  },
  "gsk_…JOK1": {
    "blacklisted_until": 1781357458.992108
  }
}