{
  "gsk_…PxXM": {
    "blacklisted_until": 1781931057.337265
  },
  "gsk_…HF8S": {
    "blacklisted_until": 1781931057.4134731
  },
  "gsk_…bdFd": {
    "blacklisted_until": 1781931117.5462732
  },
  "gsk_…JOK1": {
    "blacklisted_until": 1781931177.6360435
  },
  "gsk_…GQpc": {
    "blacklisted_until": 1781931177.7140818
  },
  "gsk_…M2TI": {
    "blacklisted_until": 1781931177.791475
  }
}