{
  "gsk_…GQpc": {
    "blacklisted_until": 1782188184.1495214
  },
  "gsk_…M2TI": {
    "blacklisted_until": 1782188184.2152781
  },
  "gsk_…HF8S": {
    "blacklisted_until": 1782188184.2893803
  },
  "gsk_…PxXM": {
    "blacklisted_until": 1782188184.359452
  },
  "gsk_…bdFd": {
    "blacklisted_until": 1782188184.4247975
  },
  "gsk_…JOK1": {
    "blacklisted_until": 1782188184.4952888
  }
}