{
  "gsk_…PxXM": {
    "blacklisted_until": 1781025293.7074945
  },
  "gsk_…bdFd": {
    "blacklisted_until": 1781025293.7798746
  },
  "gsk_…GQpc": {
    "blacklisted_until": 1781025293.854995
  },
  "gsk_…HF8S": {
    "blacklisted_until": 1781025293.9253232
  },
  "gsk_…JOK1": {
    "blacklisted_until": 1781025444.6262407
  },
  "gsk_…M2TI": {
    "blacklisted_until": 1781025504.6964295
  }
}