{
  "gsk_…bdFd": {
    "blacklisted_until": 1780608975.4237783
  },
  "gsk_…M2TI": {
    "blacklisted_until": 1780609066.491287
  },
  "gsk_…GQpc": {
    "blacklisted_until": 1780609066.6025534
  },
  "gsk_…HF8S": {
    "blacklisted_until": 1780609126.7160454
  },
  "gsk_…PxXM": {
    "blacklisted_until": 1780609126.8194857
  },
  "gsk_…JOK1": {
    "blacklisted_until": 1780609126.9242558
  }
}