{
  "gsk_…HF8S": {
    "blacklisted_until": 1780741070.3907807
  },
  "gsk_…PxXM": {
    "blacklisted_until": 1780741070.528134
  },
  "gsk_…bdFd": {
    "blacklisted_until": 1780741130.6702638
  },
  "gsk_…GQpc": {
    "blacklisted_until": 1780741387.5025606
  },
  "gsk_…M2TI": {
    "blacklisted_until": 1780741387.6435916
  }
}