{
  "gsk_…bdFd": {
    "blacklisted_until": 1779986955.292081
  },
  "gsk_…PxXM": {
    "blacklisted_until": 1779986955.1381445
  },
  "gsk_…GQpc": {
    "blacklisted_until": 1779987046.3579133
  },
  "gsk_…M2TI": {
    "blacklisted_until": 1779987046.451425
  },
  "gsk_…JOK1": {
    "blacklisted_until": 1779987046.5440528
  }
}