{
  "gsk_…bdFd": {
    "blacklisted_until": 1780534330.9928656
  },
  "gsk_…GQpc": {
    "blacklisted_until": 1780534330.8580601
  },
  "gsk_…HF8S": {
    "blacklisted_until": 1780534391.173142
  },
  "gsk_…PxXM": {
    "blacklisted_until": 1780534391.3240628
  },
  "gsk_…JOK1": {
    "blacklisted_until": 1780534451.476131
  }
}