{
  "gsk_…PxXM": {
    "blacklisted_until": 1780536066.318275
  },
  "gsk_…bdFd": {
    "blacklisted_until": 1780536066.458695
  },
  "gsk_…JOK1": {
    "blacklisted_until": 1780536066.59721
  },
  "gsk_…GQpc": {
    "blacklisted_until": 1780536066.739404
  },
  "gsk_…M2TI": {
    "blacklisted_until": 1780536066.878882
  },
  "gsk_…HF8S": {
    "blacklisted_until": 1780536067.0228574
  }
}