{
  "gsk_…JOK1": {
    "blacklisted_until": 1781407646.235577
  },
  "gsk_…GQpc": {
    "blacklisted_until": 1781407646.30221
  },
  "gsk_…M2TI": {
    "blacklisted_until": 1781407646.3760202
  },
  "gsk_…PxXM": {
    "blacklisted_until": 1781407797.337003
  },
  "gsk_…bdFd": {
    "blacklisted_until": 1781407797.4174771
  },
  "gsk_…HF8S": {
    "blacklisted_until": 1781407797.480295
  }
}