{
  "gsk_…PxXM": {
    "blacklisted_until": 1780943167.0042672
  },
  "gsk_…bdFd": {
    "blacklisted_until": 1780943227.1411707
  },
  "gsk_…GQpc": {
    "blacklisted_until": 1780943258.8068182
  },
  "gsk_…HF8S": {
    "blacklisted_until": 1780943290.1232212
  },
  "gsk_…JOK1": {
    "blacklisted_until": 1780943290.2307196
  },
  "gsk_…M2TI": {
    "blacklisted_until": 1780943290.3364308
  }
}