{
  "gsk_…PxXM": {
    "blacklisted_until": 1782044287.1345625
  },
  "gsk_…bdFd": {
    "blacklisted_until": 1782044287.0408437
  },
  "gsk_…GQpc": {
    "blacklisted_until": 1782044378.4452643
  },
  "gsk_…M2TI": {
    "blacklisted_until": 1782044378.532504
  },
  "gsk_…HF8S": {
    "blacklisted_until": 1782044378.6215904
  },
  "gsk_…JOK1": {
    "blacklisted_until": 1782044378.7103732
  }
}