{
  "gsk_…bdFd": {
    "blacklisted_until": 1780032040.3431067
  },
  "gsk_…JOK1": {
    "blacklisted_until": 1780031889.6246746
  },
  "gsk_…GQpc": {
    "blacklisted_until": 1780031889.6882107
  },
  "gsk_…M2TI": {
    "blacklisted_until": 1780031889.751231
  },
  "gsk_…PxXM": {
    "blacklisted_until": 1780031889.816217
  },
  "gsk_…HF8S": {
    "blacklisted_until": 1780031949.8912103
  }
}