{
  "gsk_…PxXM": {
    "blacklisted_until": 1780022516.809281
  },
  "gsk_…bdFd": {
    "blacklisted_until": 1780022516.8730266
  },
  "gsk_…GQpc": {
    "blacklisted_until": 1780022547.8666658
  },
  "gsk_…M2TI": {
    "blacklisted_until": 1780022547.9315655
  },
  "gsk_…HF8S": {
    "blacklisted_until": 1780022547.995286
  },
  "gsk_…JOK1": {
    "blacklisted_until": 1780022548.0602329
  }
}