{
  "gsk_…JOK1": {
    "blacklisted_until": 1781066710.4587646
  },
  "gsk_…GQpc": {
    "blacklisted_until": 1781066710.6109514
  },
  "gsk_…HF8S": {
    "blacklisted_until": 1781066710.321361
  },
  "gsk_…bdFd": {
    "blacklisted_until": 1781066679.234658
  },
  "gsk_…PxXM": {
    "blacklisted_until": 1781066710.3890924
  },
  "gsk_…M2TI": {
    "blacklisted_until": 1781066710.686594
  }
}