{
  "gsk_…HF8S": {
    "blacklisted_until": 1781408464.2145886
  },
  "gsk_…PxXM": {
    "blacklisted_until": 1781408464.2862992
  },
  "gsk_…bdFd": {
    "blacklisted_until": 1781408464.3543308
  },
  "gsk_…GQpc": {
    "blacklisted_until": 1781408616.399563
  },
  "gsk_…M2TI": {
    "blacklisted_until": 1781408616.4670975
  },
  "gsk_…JOK1": {
    "blacklisted_until": 1781408616.5360808
  }
}