{
  "gsk_…JOK1": {
    "blacklisted_until": 1780743652.2057948
  },
  "gsk_…GQpc": {
    "blacklisted_until": 1780743712.3641436
  },
  "gsk_…M2TI": {
    "blacklisted_until": 1780743712.5013955
  }
}