{
  "gsk_…PxXM": {
    "blacklisted_until": 1782224903.0328796
  },
  "gsk_…bdFd": {
    "blacklisted_until": 1782224903.1204288
  },
  "gsk_…JOK1": {
    "blacklisted_until": 1782224903.212603
  },
  "gsk_…GQpc": {
    "blacklisted_until": 1782224903.2990918
  },
  "gsk_…M2TI": {
    "blacklisted_until": 1782224903.3876088
  },
  "gsk_…HF8S": {
    "blacklisted_until": 1782224903.4671464
  }
}