{
  "gsk_…bdFd": {
    "blacklisted_until": 1780701943.0398004
  },
  "gsk_…PxXM": {
    "blacklisted_until": 1780701943.173712
  }
}