{
  "gsk_…PxXM": {
    "blacklisted_until": 1780706412.009837
  },
  "gsk_…bdFd": {
    "blacklisted_until": 1780706412.1555202
  },
  "gsk_…GQpc": {
    "blacklisted_until": 1780706412.306249
  },
  "gsk_…M2TI": {
    "blacklisted_until": 1780706412.4524314
  },
  "gsk_…HF8S": {
    "blacklisted_until": 1780706507.1415424
  },
  "gsk_…JOK1": {
    "blacklisted_until": 1780706509.544396
  }
}