{
  "gsk_…bdFd": {
    "blacklisted_until": 1781654205.4989264
  },
  "gsk_…GQpc": {
    "blacklisted_until": 1781654236.586623
  },
  "gsk_…M2TI": {
    "blacklisted_until": 1781654296.6499612
  },
  "gsk_…HF8S": {
    "blacklisted_until": 1781654296.7325132
  },
  "gsk_…JOK1": {
    "blacklisted_until": 1781654296.813494
  }
}