{
  "gsk_…GQpc": {
    "blacklisted_until": 1781409257.1030917
  },
  "gsk_…M2TI": {
    "blacklisted_until": 1781409257.1701581
  },
  "gsk_…JOK1": {
    "blacklisted_until": 1781409257.235821
  },
  "gsk_…PxXM": {
    "blacklisted_until": 1781409135.5443776
  },
  "gsk_…bdFd": {
    "blacklisted_until": 1781409135.4078681
  },
  "gsk_…HF8S": {
    "blacklisted_until": 1781409135.4721167
  }
}