{
  "gsk_…bdFd": {
    "blacklisted_until": 1780447819.1553104
  },
  "gsk_…HF8S": {
    "blacklisted_until": 1780447850.2272978
  },
  "gsk_…PxXM": {
    "blacklisted_until": 1780447870.3556788
  },
  "gsk_…JOK1": {
    "blacklisted_until": 1780447870.4257543
  }
}