{
  "gsk_…bdFd": {
    "blacklisted_until": 1780116007.8957827
  },
  "gsk_…GQpc": {
    "blacklisted_until": 1780116129.0035627
  },
  "gsk_…M2TI": {
    "blacklisted_until": 1780116129.0676305
  },
  "gsk_…HF8S": {
    "blacklisted_until": 1780116189.134929
  },
  "gsk_…PxXM": {
    "blacklisted_until": 1780116189.2071424
  },
  "gsk_…JOK1": {
    "blacklisted_until": 1780116312.53752
  }
}