{
  "gsk_…HF8S": {
    "blacklisted_until": 1780353732.0302556
  },
  "gsk_…PxXM": {
    "blacklisted_until": 1780353732.0961704
  },
  "gsk_…bdFd": {
    "blacklisted_until": 1780353732.173032
  },
  "gsk_…JOK1": {
    "blacklisted_until": 1780353732.2359173
  },
  "gsk_…GQpc": {
    "blacklisted_until": 1780353732.3008513
  },
  "gsk_…M2TI": {
    "blacklisted_until": 1780353732.3648725
  }
}