{
  "gsk_…PxXM": {
    "blacklisted_until": 1780657018.9448566
  },
  "gsk_…bdFd": {
    "blacklisted_until": 1780657019.0422354
  },
  "gsk_…HF8S": {
    "blacklisted_until": 1780657019.1335993
  },
  "gsk_…JOK1": {
    "blacklisted_until": 1780657079.2437985
  },
  "gsk_…GQpc": {
    "blacklisted_until": 1780657139.400914
  },
  "gsk_…M2TI": {
    "blacklisted_until": 1780657139.494792
  }
}