{
  "gsk_…bdFd": {
    "blacklisted_until": 1780818077.5550694
  },
  "gsk_…GQpc": {
    "blacklisted_until": 1780818139.790722
  },
  "gsk_…M2TI": {
    "blacklisted_until": 1780818139.866784
  },
  "gsk_…HF8S": {
    "blacklisted_until": 1780818139.9461799
  },
  "gsk_…PxXM": {
    "blacklisted_until": 1780818140.0231738
  },
  "gsk_…JOK1": {
    "blacklisted_until": 1780818140.1053095
  }
}