{
  "gsk_…bdFd": {
    "blacklisted_until": 1782092907.354243
  },
  "gsk_…JOK1": {
    "blacklisted_until": 1782092967.428135
  },
  "gsk_…GQpc": {
    "blacklisted_until": 1782092967.5045016
  },
  "gsk_…M2TI": {
    "blacklisted_until": 1782092967.578175
  },
  "gsk_…PxXM": {
    "blacklisted_until": 1782093020.9324245
  },
  "gsk_…HF8S": {
    "blacklisted_until": 1782093021.0051334
  }
}