{
  "gsk_…HF8S": {
    "blacklisted_until": 1781657605.648325
  },
  "gsk_…PxXM": {
    "blacklisted_until": 1781657696.3938496
  },
  "gsk_…bdFd": {
    "blacklisted_until": 1781657514.2393517
  },
  "gsk_…GQpc": {
    "blacklisted_until": 1781657605.5289898
  },
  "gsk_…M2TI": {
    "blacklisted_until": 1781657605.5929363
  },
  "gsk_…JOK1": {
    "blacklisted_until": 1781657605.7916093
  }
}