{
  "gsk_…M2TI": {
    "blacklisted_until": 1780066657.761885
  },
  "gsk_…bdFd": {
    "blacklisted_until": 1780066748.6919599
  },
  "gsk_…PxXM": {
    "blacklisted_until": 1780066748.5977962
  },
  "gsk_…JOK1": {
    "blacklisted_until": 1780066748.7844913
  },
  "gsk_…GQpc": {
    "blacklisted_until": 1780066748.8504107
  },
  "gsk_…HF8S": {
    "blacklisted_until": 1780066749.0059478
  }
}