{
  "gsk_…M2TI": {
    "blacklisted_until": 1781774116.348963
  },
  "gsk_…JOK1": {
    "blacklisted_until": 1781774024.9060113
  },
  "gsk_…GQpc": {
    "blacklisted_until": 1781774024.9769394
  },
  "gsk_…HF8S": {
    "blacklisted_until": 1781774025.0452347
  }
}