{
  "gsk_…bdFd": {
    "blacklisted_until": 1780773347.0706754
  },
  "gsk_…GQpc": {
    "blacklisted_until": 1780773378.0182638
  },
  "gsk_…M2TI": {
    "blacklisted_until": 1780773378.0830088
  },
  "gsk_…HF8S": {
    "blacklisted_until": 1780773378.1515412
  },
  "gsk_…PxXM": {
    "blacklisted_until": 1780773378.2168458
  },
  "gsk_…JOK1": {
    "blacklisted_until": 1780773378.2805698
  }
}