{
  "gsk_…GQpc": {
    "blacklisted_until": 1779820390.9677138
  },
  "gsk_…M2TI": {
    "blacklisted_until": 1779820391.0302827
  },
  "gsk_…JOK1": {
    "blacklisted_until": 1779820390.878308
  },
  "gsk_…bdFd": {
    "blacklisted_until": 1779820209.9312441
  }
}