{
  "gsk_…JOK1": {
    "blacklisted_until": 1782016963.2251592
  },
  "gsk_…GQpc": {
    "blacklisted_until": 1782017023.330807
  },
  "gsk_…M2TI": {
    "blacklisted_until": 1782017023.4031975
  }
}