{
  "gsk_…PxXM": {
    "blacklisted_until": 1780613330.5240583
  },
  "gsk_…HF8S": {
    "blacklisted_until": 1780613330.6204042
  },
  "gsk_…bdFd": {
    "blacklisted_until": 1780613390.7376323
  },
  "gsk_…GQpc": {
    "blacklisted_until": 1780613481.8780236
  },
  "gsk_…M2TI": {
    "blacklisted_until": 1780613482.0064542
  },
  "gsk_…JOK1": {
    "blacklisted_until": 1780613482.1142108
  }
}