{
  "gsk_…PxXM": {
    "blacklisted_until": 1779772297.4175572
  },
  "gsk_…bdFd": {
    "blacklisted_until": 1779772297.4814277
  }
}