{
  "gsk_…JOK1": {
    "blacklisted_until": 1781450195.6906002
  },
  "gsk_…GQpc": {
    "blacklisted_until": 1781450195.7808592
  },
  "gsk_…M2TI": {
    "blacklisted_until": 1781450195.8645787
  },
  "gsk_…HF8S": {
    "blacklisted_until": 1781450195.943256
  },
  "gsk_…PxXM": {
    "blacklisted_until": 1781450196.028556
  }
}