{
  "gsk_…JOK1": {
    "blacklisted_until": 1780398265.9366882
  },
  "gsk_…GQpc": {
    "blacklisted_until": 1780398266.0900898
  },
  "gsk_…M2TI": {
    "blacklisted_until": 1780398266.2459207
  },
  "gsk_…HF8S": {
    "blacklisted_until": 1780398266.3175302
  },
  "gsk_…PxXM": {
    "blacklisted_until": 1780398266.3893275
  }
}