{
  "gsk_…PxXM": {
    "blacklisted_until": 1781157212.493408
  },
  "gsk_…bdFd": {
    "blacklisted_until": 1781157212.6256542
  },
  "gsk_…JOK1": {
    "blacklisted_until": 1781157363.400264
  },
  "gsk_…GQpc": {
    "blacklisted_until": 1781157363.5501475
  },
  "gsk_…M2TI": {
    "blacklisted_until": 1781157363.691573
  },
  "gsk_…HF8S": {
    "blacklisted_until": 1781157395.2233398
  }
}