{
  "gsk_…M2TI": {
    "blacklisted_until": 1781655536.5538878
  },
  "gsk_…GQpc": {
    "blacklisted_until": 1781655687.649326
  },
  "gsk_…JOK1": {
    "blacklisted_until": 1781655687.5950933
  },
  "gsk_…bdFd": {
    "blacklisted_until": 1781655536.6182208
  },
  "gsk_…HF8S": {
    "blacklisted_until": 1781655596.6711705
  },
  "gsk_…PxXM": {
    "blacklisted_until": 1781655747.7470841
  }
}