{
  "gsk_…HF8S": {
    "blacklisted_until": 1781578246.5054364
  },
  "gsk_…PxXM": {
    "blacklisted_until": 1781578246.5856853
  },
  "gsk_…bdFd": {
    "blacklisted_until": 1781578246.6609235
  },
  "gsk_…GQpc": {
    "blacklisted_until": 1781578155.6603436
  },
  "gsk_…M2TI": {
    "blacklisted_until": 1781578155.5871477
  },
  "gsk_…JOK1": {
    "blacklisted_until": 1781578124.1636581
  }
}