{
  "gsk_…PxXM": {
    "blacklisted_until": 1781772198.1378353
  },
  "gsk_…bdFd": {
    "blacklisted_until": 1781772198.206196
  },
  "gsk_…JOK1": {
    "blacklisted_until": 1781772198.272056
  },
  "gsk_…GQpc": {
    "blacklisted_until": 1781772198.3378665
  },
  "gsk_…M2TI": {
    "blacklisted_until": 1781772198.400247
  },
  "gsk_…HF8S": {
    "blacklisted_until": 1781772198.4695096
  }
}