{
  "gsk_…GQpc": {
    "blacklisted_until": 1780540393.7100494
  },
  "gsk_…M2TI": {
    "blacklisted_until": 1780540393.8537135
  },
  "gsk_…HF8S": {
    "blacklisted_until": 1780540433.1583884
  },
  "gsk_…JOK1": {
    "blacklisted_until": 1780540433.2928526
  }
}