{
  "gsk_…PxXM": {
    "blacklisted_until": 1780496976.4090965
  },
  "gsk_…bdFd": {
    "blacklisted_until": 1780496976.553317
  },
  "gsk_…JOK1": {
    "blacklisted_until": 1780496976.6952486
  },
  "gsk_…GQpc": {
    "blacklisted_until": 1780496976.8287654
  },
  "gsk_…HF8S": {
    "blacklisted_until": 1780496976.967019
  },
  "gsk_…M2TI": {
    "blacklisted_until": 1780497158.1109405
  }
}