{
  "gsk_…M2TI": {
    "blacklisted_until": 1782186565.2008011
  },
  "gsk_…HF8S": {
    "blacklisted_until": 1782186565.2709398
  },
  "gsk_…PxXM": {
    "blacklisted_until": 1782186565.3333015
  },
  "gsk_…bdFd": {
    "blacklisted_until": 1782186565.3978245
  },
  "gsk_…JOK1": {
    "blacklisted_until": 1782186565.4633174
  },
  "gsk_…GQpc": {
    "blacklisted_until": 1782186565.5313296
  }
}