{
  "gsk_…bdFd": {
    "blacklisted_until": 1780440645.2637496
  },
  "gsk_…M2TI": {
    "blacklisted_until": 1780440826.015659
  }
}