{
  "gsk_…JOK1": {
    "blacklisted_until": 1780023214.2005324
  },
  "gsk_…GQpc": {
    "blacklisted_until": 1780023214.2652378
  },
  "gsk_…M2TI": {
    "blacklisted_until": 1780023214.3330686
  },
  "gsk_…HF8S": {
    "blacklisted_until": 1780023214.405319
  },
  "gsk_…PxXM": {
    "blacklisted_until": 1780023214.4694395
  }
}