{
  "gsk_…GQpc": {
    "blacklisted_until": 1782005902.9382122
  },
  "gsk_…M2TI": {
    "blacklisted_until": 1782005903.0063193
  },
  "gsk_…PxXM": {
    "blacklisted_until": 1782005994.3030262
  },
  "gsk_…bdFd": {
    "blacklisted_until": 1782005994.3727024
  },
  "gsk_…HF8S": {
    "blacklisted_until": 1782005994.441595
  }
}