{
  "gsk_…M2TI": {
    "blacklisted_until": 1779711065.7374973
  },
  "gsk_…HF8S": {
    "blacklisted_until": 1779711065.8710303
  },
  "gsk_…JOK1": {
    "blacklisted_until": 1779711066.008548
  },
  "gsk_…GQpc": {
    "blacklisted_until": 1779711066.1423957
  }
}