{
  "gsk_…HF8S": {
    "blacklisted_until": 1782254308.6494932
  },
  "gsk_…PxXM": {
    "blacklisted_until": 1782254308.7294097
  },
  "gsk_…bdFd": {
    "blacklisted_until": 1782254308.8087637
  },
  "gsk_…JOK1": {
    "blacklisted_until": 1782254308.8908122
  },
  "gsk_…GQpc": {
    "blacklisted_until": 1782254308.9666305
  },
  "gsk_…M2TI": {
    "blacklisted_until": 1782254309.0534446
  }
}