{
  "gsk_…bdFd": {
    "blacklisted_until": 1780738880.0049086
  },
  "gsk_…GQpc": {
    "blacklisted_until": 1780739010.271019
  },
  "gsk_…M2TI": {
    "blacklisted_until": 1780739010.407755
  }
}