{
  "gsk_…PxXM": {
    "blacklisted_until": 1780735836.9889188
  },
  "gsk_…bdFd": {
    "blacklisted_until": 1780735837.127448
  },
  "gsk_…JOK1": {
    "blacklisted_until": 1780735837.2643719
  },
  "gsk_…GQpc": {
    "blacklisted_until": 1780735837.4006724
  },
  "gsk_…M2TI": {
    "blacklisted_until": 1780735837.536543
  },
  "gsk_…HF8S": {
    "blacklisted_until": 1780735837.6755705
  }
}