{
  "gsk_…M2TI": {
    "blacklisted_until": 1782142872.442104
  },
  "gsk_…GQpc": {
    "blacklisted_until": 1782142872.5209715
  },
  "gsk_…bdFd": {
    "blacklisted_until": 1782142932.6007757
  },
  "gsk_…JOK1": {
    "blacklisted_until": 1782142992.6790164
  },
  "gsk_…HF8S": {
    "blacklisted_until": 1782142992.7488441
  },
  "gsk_…PxXM": {
    "blacklisted_until": 1782142992.8190804
  }
}