{
  "gsk_…JOK1": {
    "blacklisted_until": 1780284668.8087249
  },
  "gsk_…GQpc": {
    "blacklisted_until": 1780284668.9242077
  },
  "gsk_…M2TI": {
    "blacklisted_until": 1780284668.9916105
  },
  "gsk_…HF8S": {
    "blacklisted_until": 1780284669.060736
  },
  "gsk_…bdFd": {
    "blacklisted_until": 1780284882.0270371
  },
  "gsk_…PxXM": {
    "blacklisted_until": 1780284882.0980544
  }
}