{
  "gsk_…bdFd": {
    "blacklisted_until": 1781147569.370237
  },
  "gsk_…PxXM": {
    "blacklisted_until": 1781147569.5310154
  },
  "gsk_…GQpc": {
    "blacklisted_until": 1781147738.3027515
  },
  "gsk_…M2TI": {
    "blacklisted_until": 1781147738.4674938
  },
  "gsk_…HF8S": {
    "blacklisted_until": 1781147738.615423
  },
  "gsk_…JOK1": {
    "blacklisted_until": 1781147738.7651896
  }
}