{
  "gsk_…PxXM": {
    "blacklisted_until": 1780529868.352611
  },
  "gsk_…bdFd": {
    "blacklisted_until": 1780529868.5113904
  },
  "gsk_…JOK1": {
    "blacklisted_until": 1780529868.6864328
  },
  "gsk_…GQpc": {
    "blacklisted_until": 1780529868.8260348
  },
  "gsk_…M2TI": {
    "blacklisted_until": 1780529868.9841259
  },
  "gsk_…HF8S": {
    "blacklisted_until": 1780529869.1221216
  }
}