{
  "gsk_…PxXM": {
    "blacklisted_until": 1781118007.17786
  },
  "gsk_…bdFd": {
    "blacklisted_until": 1781118007.2539783
  },
  "gsk_…HF8S": {
    "blacklisted_until": 1781118007.1112888
  },
  "gsk_…GQpc": {
    "blacklisted_until": 1781118242.974781
  },
  "gsk_…M2TI": {
    "blacklisted_until": 1781118243.039873
  },
  "gsk_…JOK1": {
    "blacklisted_until": 1781118243.1070075
  }
}