{
  "gsk_…PxXM": {
    "blacklisted_until": 1781651800.8538065
  },
  "gsk_…bdFd": {
    "blacklisted_until": 1781651860.9138393
  },
  "gsk_…GQpc": {
    "blacklisted_until": 1781651951.9017093
  },
  "gsk_…M2TI": {
    "blacklisted_until": 1781652011.966903
  },
  "gsk_…HF8S": {
    "blacklisted_until": 1781652012.0423365
  },
  "gsk_…JOK1": {
    "blacklisted_until": 1781652012.1175642
  }
}