{
  "gsk_…HF8S": {
    "blacklisted_until": 1780107493.160457
  },
  "gsk_…bdFd": {
    "blacklisted_until": 1780107493.2330885
  },
  "gsk_…M2TI": {
    "blacklisted_until": 1780107601.1382668
  },
  "gsk_…PxXM": {
    "blacklisted_until": 1780107601.201253
  },
  "gsk_…JOK1": {
    "blacklisted_until": 1780107601.2661703
  },
  "gsk_…GQpc": {
    "blacklisted_until": 1780107601.345192
  }
}