{
  "gsk_…PxXM": {
    "blacklisted_until": 1782304638.103819
  },
  "gsk_…bdFd": {
    "blacklisted_until": 1782304638.1826482
  },
  "gsk_…JOK1": {
    "blacklisted_until": 1782304638.2715428
  },
  "gsk_…HF8S": {
    "blacklisted_until": 1782304638.3539243
  },
  "gsk_…GQpc": {
    "blacklisted_until": 1782304698.4432929
  },
  "gsk_…M2TI": {
    "blacklisted_until": 1782304698.521663
  }
}