{
  "gsk_…bdFd": {
    "blacklisted_until": 1780532021.8430226
  },
  "gsk_…GQpc": {
    "blacklisted_until": 1780532021.9913008
  },
  "gsk_…M2TI": {
    "blacklisted_until": 1780532021.7017756
  },
  "gsk_…HF8S": {
    "blacklisted_until": 1780532082.1550446
  },
  "gsk_…PxXM": {
    "blacklisted_until": 1780532082.3041556
  },
  "gsk_…JOK1": {
    "blacklisted_until": 1780532082.4369705
  }
}