{
  "gsk_…bdFd": {
    "blacklisted_until": 1781449141.4252071
  },
  "gsk_…JOK1": {
    "blacklisted_until": 1781449141.5068688
  },
  "gsk_…GQpc": {
    "blacklisted_until": 1781449141.5993261
  },
  "gsk_…PxXM": {
    "blacklisted_until": 1781449141.3472779
  },
  "gsk_…M2TI": {
    "blacklisted_until": 1781449141.6750631
  },
  "gsk_…HF8S": {
    "blacklisted_until": 1781449141.7556894
  }
}