{
  "gsk_…PxXM": {
    "blacklisted_until": 1781354748.0380576
  },
  "gsk_…bdFd": {
    "blacklisted_until": 1781354748.1201248
  },
  "gsk_…GQpc": {
    "blacklisted_until": 1781354859.6272216
  },
  "gsk_…M2TI": {
    "blacklisted_until": 1781354859.7023537
  }
}