{
  "gsk_…HF8S": {
    "blacklisted_until": 1781112180.2815971
  },
  "gsk_…PxXM": {
    "blacklisted_until": 1781112180.3517745
  },
  "gsk_…bdFd": {
    "blacklisted_until": 1781112180.4261587
  },
  "gsk_…GQpc": {
    "blacklisted_until": 1781112361.9761744
  },
  "gsk_…M2TI": {
    "blacklisted_until": 1781112362.0409641
  },
  "gsk_…JOK1": {
    "blacklisted_until": 1781112362.121319
  }
}