{
  "gsk_…JOK1": {
    "blacklisted_until": 1782336263.1900756
  },
  "gsk_…GQpc": {
    "blacklisted_until": 1782336263.2564685
  },
  "gsk_…M2TI": {
    "blacklisted_until": 1782336263.3294792
  },
  "gsk_…HF8S": {
    "blacklisted_until": 1782336263.412797
  }
}