{
  "gsk_…HF8S": {
    "blacklisted_until": 1782349517.76729
  },
  "gsk_…PxXM": {
    "blacklisted_until": 1782349517.4776304
  },
  "gsk_…bdFd": {
    "blacklisted_until": 1782349517.5463374
  },
  "gsk_…JOK1": {
    "blacklisted_until": 1782349517.6168303
  },
  "gsk_…M2TI": {
    "blacklisted_until": 1782349486.1199121
  },
  "gsk_…GQpc": {
    "blacklisted_until": 1782349517.6948688
  }
}