{
  "gsk_…PxXM": {
    "blacklisted_until": 1781155597.1407034
  },
  "gsk_…bdFd": {
    "blacklisted_until": 1781155597.2864912
  },
  "gsk_…GQpc": {
    "blacklisted_until": 1781155688.903067
  },
  "gsk_…M2TI": {
    "blacklisted_until": 1781155689.0416996
  },
  "gsk_…HF8S": {
    "blacklisted_until": 1781155689.2614229
  },
  "gsk_…JOK1": {
    "blacklisted_until": 1781155689.4010847
  }
}