{
  "gsk_…GQpc": {
    "blacklisted_until": 1781978759.3533256
  },
  "gsk_…M2TI": {
    "blacklisted_until": 1781978759.418729
  },
  "gsk_…HF8S": {
    "blacklisted_until": 1781978819.4891505
  },
  "gsk_…PxXM": {
    "blacklisted_until": 1781978819.5591514
  },
  "gsk_…bdFd": {
    "blacklisted_until": 1781978819.6253395
  },
  "gsk_…JOK1": {
    "blacklisted_until": 1781978819.7102027
  }
}