{
  "gsk_…GQpc": {
    "blacklisted_until": 1781523032.2049947
  },
  "gsk_…M2TI": {
    "blacklisted_until": 1781523031.8126888
  },
  "gsk_…bdFd": {
    "blacklisted_until": 1781523000.6961532
  },
  "gsk_…PxXM": {
    "blacklisted_until": 1781523032.1412315
  },
  "gsk_…HF8S": {
    "blacklisted_until": 1781523092.2788575
  },
  "gsk_…JOK1": {
    "blacklisted_until": 1781523092.3327477
  }
}