{
  "gsk_…PxXM": {
    "blacklisted_until": 1780772924.9377625
  },
  "gsk_…bdFd": {
    "blacklisted_until": 1780772925.002808
  },
  "gsk_…JOK1": {
    "blacklisted_until": 1780772925.0658252
  },
  "gsk_…GQpc": {
    "blacklisted_until": 1780772925.1356466
  },
  "gsk_…M2TI": {
    "blacklisted_until": 1780772925.2014623
  },
  "gsk_…HF8S": {
    "blacklisted_until": 1780772925.2795491
  }
}