{
  "gsk_…JOK1": {
    "blacklisted_until": 1780325454.1963222
  },
  "gsk_…HF8S": {
    "blacklisted_until": 1780325454.2672749
  },
  "gsk_…PxXM": {
    "blacklisted_until": 1780325604.7092705
  },
  "gsk_…bdFd": {
    "blacklisted_until": 1780325604.7999036
  },
  "gsk_…GQpc": {
    "blacklisted_until": 1780325664.8780055
  },
  "gsk_…M2TI": {
    "blacklisted_until": 1780325664.9459465
  }
}