{
  "gsk_…PxXM": {
    "blacklisted_until": 1781614354.4034898
  },
  "gsk_…bdFd": {
    "blacklisted_until": 1781614354.473257
  },
  "gsk_…JOK1": {
    "blacklisted_until": 1781614354.540301
  },
  "gsk_…GQpc": {
    "blacklisted_until": 1781614354.6041734
  },
  "gsk_…M2TI": {
    "blacklisted_until": 1781614354.6680608
  },
  "gsk_…HF8S": {
    "blacklisted_until": 1781614354.738113
  }
}