{
  "gsk_…GQpc": {
    "blacklisted_until": 1781064314.2507799
  },
  "gsk_…M2TI": {
    "blacklisted_until": 1781064314.321987
  },
  "gsk_…JOK1": {
    "blacklisted_until": 1781064314.4622576
  },
  "gsk_…PxXM": {
    "blacklisted_until": 1781064266.0976965
  },
  "gsk_…bdFd": {
    "blacklisted_until": 1781064266.1712697
  },
  "gsk_…HF8S": {
    "blacklisted_until": 1781064314.3940198
  }
}