{
  "gsk_…GQpc": {
    "blacklisted_until": 1780024189.3529894
  },
  "gsk_…M2TI": {
    "blacklisted_until": 1780024189.4197793
  },
  "gsk_…HF8S": {
    "blacklisted_until": 1780024189.4875705
  },
  "gsk_…PxXM": {
    "blacklisted_until": 1780024189.5665994
  },
  "gsk_…bdFd": {
    "blacklisted_until": 1780024189.629647
  },
  "gsk_…JOK1": {
    "blacklisted_until": 1780024189.7048643
  }
}