{
  "gsk_…PxXM": {
    "blacklisted_until": 1780659862.5600085
  },
  "gsk_…bdFd": {
    "blacklisted_until": 1780659862.6379347
  },
  "gsk_…HF8S": {
    "blacklisted_until": 1780659862.7333724
  },
  "gsk_…JOK1": {
    "blacklisted_until": 1780660013.4076784
  },
  "gsk_…GQpc": {
    "blacklisted_until": 1780660073.5585418
  },
  "gsk_…M2TI": {
    "blacklisted_until": 1780660073.633957
  }
}