{
  "gsk_…bdFd": {
    "blacklisted_until": 1780650413.1212459
  },
  "gsk_…GQpc": {
    "blacklisted_until": 1780650444.3652396
  },
  "gsk_…M2TI": {
    "blacklisted_until": 1780650444.4410877
  },
  "gsk_…HF8S": {
    "blacklisted_until": 1780650444.5353916
  },
  "gsk_…PxXM": {
    "blacklisted_until": 1780650444.6326673
  },
  "gsk_…JOK1": {
    "blacklisted_until": 1780650444.7095244
  }
}