{
  "gsk_…PxXM": {
    "blacklisted_until": 1782129978.2308068
  },
  "gsk_…bdFd": {
    "blacklisted_until": 1782129978.3043587
  },
  "gsk_…JOK1": {
    "blacklisted_until": 1782130038.37391
  },
  "gsk_…GQpc": {
    "blacklisted_until": 1782130070.4933205
  },
  "gsk_…HF8S": {
    "blacklisted_until": 1782130134.1821768
  }
}