{
  "gsk_…JOK1": {
    "blacklisted_until": 1781570111.673555
  },
  "gsk_…GQpc": {
    "blacklisted_until": 1781570111.745874
  },
  "gsk_…M2TI": {
    "blacklisted_until": 1781570143.0283113
  },
  "gsk_…PxXM": {
    "blacklisted_until": 1781570234.041971
  },
  "gsk_…bdFd": {
    "blacklisted_until": 1781570234.1158066
  },
  "gsk_…HF8S": {
    "blacklisted_until": 1781570234.1882985
  }
}