{
  "gsk_…PxXM": {
    "blacklisted_until": 1782294754.7197645
  },
  "gsk_…bdFd": {
    "blacklisted_until": 1782294754.7961621
  },
  "gsk_…HF8S": {
    "blacklisted_until": 1782294754.8747807
  },
  "gsk_…JOK1": {
    "blacklisted_until": 1782294814.9564714
  },
  "gsk_…GQpc": {
    "blacklisted_until": 1782294815.0343764
  },
  "gsk_…M2TI": {
    "blacklisted_until": 1782294815.122235
  }
}