{
  "gsk_…GQpc": {
    "blacklisted_until": 1780612815.0187457
  },
  "gsk_…M2TI": {
    "blacklisted_until": 1780612814.8112228
  },
  "gsk_…PxXM": {
    "blacklisted_until": 1780612692.5758264
  },
  "gsk_…HF8S": {
    "blacklisted_until": 1780612692.681897
  },
  "gsk_…bdFd": {
    "blacklisted_until": 1780612752.7911184
  },
  "gsk_…JOK1": {
    "blacklisted_until": 1780612814.9206169
  }
}