{
  "gsk_…bdFd": {
    "blacklisted_until": 1781615127.3596647
  },
  "gsk_…GQpc": {
    "blacklisted_until": 1781615127.0611994
  },
  "gsk_…M2TI": {
    "blacklisted_until": 1781615127.1357713
  },
  "gsk_…HF8S": {
    "blacklisted_until": 1781615127.2088437
  },
  "gsk_…PxXM": {
    "blacklisted_until": 1781615127.2866461
  },
  "gsk_…JOK1": {
    "blacklisted_until": 1781615127.4319248
  }
}