{
  "gsk_…PxXM": {
    "blacklisted_until": 1782335530.9416811
  },
  "gsk_…bdFd": {
    "blacklisted_until": 1782335531.015918
  },
  "gsk_…GQpc": {
    "blacklisted_until": 1782335531.1612778
  },
  "gsk_…M2TI": {
    "blacklisted_until": 1782335531.2392087
  },
  "gsk_…JOK1": {
    "blacklisted_until": 1782335531.0926898
  },
  "gsk_…HF8S": {
    "blacklisted_until": 1782335530.869148
  }
}