{
  "gsk_…JOK1": {
    "blacklisted_until": 1781666036.8497581
  },
  "gsk_…M2TI": {
    "blacklisted_until": 1781666097.0208886
  },
  "gsk_…HF8S": {
    "blacklisted_until": 1781666157.132053
  },
  "gsk_…PxXM": {
    "blacklisted_until": 1781666217.2069488
  },
  "gsk_…bdFd": {
    "blacklisted_until": 1781666217.2628663
  }
}