{
  "gsk_…HF8S": {
    "blacklisted_until": 1780282794.1525862
  },
  "gsk_…PxXM": {
    "blacklisted_until": 1780282854.219156
  },
  "gsk_…bdFd": {
    "blacklisted_until": 1780282854.2899172
  }
}