{
  "gsk_…M2TI": {
    "blacklisted_until": 1780863170.3191705
  },
  "gsk_…PxXM": {
    "blacklisted_until": 1780863230.418868
  },
  "gsk_…bdFd": {
    "blacklisted_until": 1780863230.5245066
  },
  "gsk_…JOK1": {
    "blacklisted_until": 1780863290.6287308
  },
  "gsk_…GQpc": {
    "blacklisted_until": 1780863290.730745
  },
  "gsk_…HF8S": {
    "blacklisted_until": 1780863290.8289254
  }
}