{
  "gsk_…M2TI": {
    "blacklisted_until": 1780951870.7010221
  },
  "gsk_…HF8S": {
    "blacklisted_until": 1780951870.8368425
  },
  "gsk_…JOK1": {
    "blacklisted_until": 1780951870.9741623
  },
  "gsk_…bdFd": {
    "blacklisted_until": 1780952053.1946106
  },
  "gsk_…PxXM": {
    "blacklisted_until": 1780952053.298258
  }
}