{
  "gsk_…M2TI": {
    "blacklisted_until": 1780453866.0926356
  },
  "gsk_…PxXM": {
    "blacklisted_until": 1780453834.2362127
  },
  "gsk_…bdFd": {
    "blacklisted_until": 1780453834.7895906
  },
  "gsk_…GQpc": {
    "blacklisted_until": 1780453866.0172205
  },
  "gsk_…HF8S": {
    "blacklisted_until": 1780453866.1685421
  },
  "gsk_…JOK1": {
    "blacklisted_until": 1780453866.2392528
  }
}