{
  "gsk_…bdFd": {
    "blacklisted_until": 1780733648.6491134
  },
  "gsk_…GQpc": {
    "blacklisted_until": 1780733739.7815495
  },
  "gsk_…M2TI": {
    "blacklisted_until": 1780733739.9221964
  }
}