{
  "gsk_…bdFd": {
    "blacklisted_until": 1781500273.8435323
  },
  "gsk_…JOK1": {
    "blacklisted_until": 1781500273.9881449
  },
  "gsk_…GQpc": {
    "blacklisted_until": 1781500274.137547
  },
  "gsk_…M2TI": {
    "blacklisted_until": 1781500274.2922668
  },
  "gsk_…HF8S": {
    "blacklisted_until": 1781500274.4343233
  },
  "gsk_…PxXM": {
    "blacklisted_until": 1781500274.5698974
  }
}