{
  "gsk_…M2TI": {
    "blacklisted_until": 1780187621.0265818
  },
  "gsk_…PxXM": {
    "blacklisted_until": 1780187711.97847
  },
  "gsk_…bdFd": {
    "blacklisted_until": 1780187712.0558202
  },
  "gsk_…JOK1": {
    "blacklisted_until": 1780187712.1353247
  },
  "gsk_…GQpc": {
    "blacklisted_until": 1780187712.2101004
  },
  "gsk_…HF8S": {
    "blacklisted_until": 1780187712.2873735
  }
}