{
  "gsk_…bdFd": {
    "blacklisted_until": 1781022654.4135108
  },
  "gsk_…GQpc": {
    "blacklisted_until": 1781022745.3333366
  },
  "gsk_…M2TI": {
    "blacklisted_until": 1781022745.409341
  }
}