{
  "gsk_…GQpc": {
    "blacklisted_until": 1780777957.7642317
  },
  "gsk_…M2TI": {
    "blacklisted_until": 1780777957.8310256
  },
  "gsk_…HF8S": {
    "blacklisted_until": 1780778017.90097
  },
  "gsk_…PxXM": {
    "blacklisted_until": 1780778017.977653
  },
  "gsk_…bdFd": {
    "blacklisted_until": 1780778018.0430396
  },
  "gsk_…JOK1": {
    "blacklisted_until": 1780778018.111924
  }
}