{
  "gsk_…PxXM": {
    "blacklisted_until": 1781891726.7762508
  },
  "gsk_…HF8S": {
    "blacklisted_until": 1781891726.8607924
  },
  "gsk_…bdFd": {
    "blacklisted_until": 1781891786.950494
  },
  "gsk_…JOK1": {
    "blacklisted_until": 1781891937.6763878
  },
  "gsk_…GQpc": {
    "blacklisted_until": 1781891937.7618966
  },
  "gsk_…M2TI": {
    "blacklisted_until": 1781891937.8400393
  }
}