{
  "gsk_…PxXM": {
    "blacklisted_until": 1781282775.5064814
  },
  "gsk_…bdFd": {
    "blacklisted_until": 1781282775.5729573
  },
  "gsk_…HF8S": {
    "blacklisted_until": 1781282775.4396844
  }
}