{
  "gsk_…JOK1": {
    "blacklisted_until": 1780523041.3237593
  },
  "gsk_…GQpc": {
    "blacklisted_until": 1780523041.4616683
  },
  "gsk_…M2TI": {
    "blacklisted_until": 1780523041.602859
  },
  "gsk_…PxXM": {
    "blacklisted_until": 1780523280.6173112
  },
  "gsk_…bdFd": {
    "blacklisted_until": 1780523280.756361
  },
  "gsk_…HF8S": {
    "blacklisted_until": 1780523280.9182863
  }
}