{
  "gsk_…JOK1": {
    "blacklisted_until": 1781319529.5462906
  },
  "gsk_…M2TI": {
    "blacklisted_until": 1781319529.4802003
  },
  "gsk_…GQpc": {
    "blacklisted_until": 1781319529.4100149
  },
  "gsk_…bdFd": {
    "blacklisted_until": 1781319711.666607
  },
  "gsk_…PxXM": {
    "blacklisted_until": 1781319711.5994496
  },
  "gsk_…HF8S": {
    "blacklisted_until": 1781319711.7377076
  }
}