{
  "gsk_…PxXM": {
    "blacklisted_until": 1782255963.441879
  },
  "gsk_…bdFd": {
    "blacklisted_until": 1782255963.3560596
  },
  "gsk_…GQpc": {
    "blacklisted_until": 1782256023.5243013
  },
  "gsk_…M2TI": {
    "blacklisted_until": 1782256023.6218534
  },
  "gsk_…HF8S": {
    "blacklisted_until": 1782256083.7076688
  },
  "gsk_…JOK1": {
    "blacklisted_until": 1782256083.785841
  }
}