{
  "gsk_…M2TI": {
    "blacklisted_until": 1781194529.5064266
  },
  "gsk_…bdFd": {
    "blacklisted_until": 1781194560.951241
  },
  "gsk_…PxXM": {
    "blacklisted_until": 1781194561.0908744
  },
  "gsk_…JOK1": {
    "blacklisted_until": 1781194621.2283251
  },
  "gsk_…GQpc": {
    "blacklisted_until": 1781194621.3861403
  },
  "gsk_…HF8S": {
    "blacklisted_until": 1781194621.5507567
  }
}