{
  "gsk_…M2TI": {
    "blacklisted_until": 1780780173.000185
  },
  "gsk_…PxXM": {
    "blacklisted_until": 1780780264.1243722
  },
  "gsk_…bdFd": {
    "blacklisted_until": 1780780264.1868117
  },
  "gsk_…JOK1": {
    "blacklisted_until": 1780780264.300884
  },
  "gsk_…GQpc": {
    "blacklisted_until": 1780780264.3678746
  },
  "gsk_…HF8S": {
    "blacklisted_until": 1780780264.4348164
  }
}