{
  "gsk_…GQpc": {
    "blacklisted_until": 1782185381.38777
  },
  "gsk_…M2TI": {
    "blacklisted_until": 1782185381.4631007
  },
  "gsk_…HF8S": {
    "blacklisted_until": 1782185441.5491319
  },
  "gsk_…PxXM": {
    "blacklisted_until": 1782185441.620317
  },
  "gsk_…bdFd": {
    "blacklisted_until": 1782185441.6885052
  },
  "gsk_…JOK1": {
    "blacklisted_until": 1782185441.7568972
  }
}