{
  "gsk_…GQpc": {
    "blacklisted_until": 1782257061.9542234
  },
  "gsk_…M2TI": {
    "blacklisted_until": 1782257062.0294812
  },
  "gsk_…HF8S": {
    "blacklisted_until": 1782257062.1087823
  },
  "gsk_…JOK1": {
    "blacklisted_until": 1782257062.1844254
  }
}