{
  "gsk_…JOK1": {
    "blacklisted_until": 1781065284.75434
  },
  "gsk_…GQpc": {
    "blacklisted_until": 1781065284.8308017
  },
  "gsk_…M2TI": {
    "blacklisted_until": 1781065284.9023843
  },
  "gsk_…HF8S": {
    "blacklisted_until": 1781065284.9754107
  }
}