{
  "gsk_…bdFd": {
    "blacklisted_until": 1781445465.5843306
  },
  "gsk_…GQpc": {
    "blacklisted_until": 1781445465.2550712
  },
  "gsk_…M2TI": {
    "blacklisted_until": 1781445465.3507822
  },
  "gsk_…HF8S": {
    "blacklisted_until": 1781445465.4329548
  },
  "gsk_…PxXM": {
    "blacklisted_until": 1781445465.5096412
  },
  "gsk_…JOK1": {
    "blacklisted_until": 1781445465.6645517
  }
}