{
  "gsk_…GQpc": {
    "blacklisted_until": 1781153156.1009936
  },
  "gsk_…M2TI": {
    "blacklisted_until": 1781153156.2468417
  },
  "gsk_…HF8S": {
    "blacklisted_until": 1781153156.3917084
  },
  "gsk_…JOK1": {
    "blacklisted_until": 1781153156.564727
  }
}