{
  "gsk_…JOK1": {
    "blacklisted_until": 1782021462.2673376
  },
  "gsk_…PxXM": {
    "blacklisted_until": 1782021390.8351223
  },
  "gsk_…HF8S": {
    "blacklisted_until": 1782021390.9059863
  },
  "gsk_…bdFd": {
    "blacklisted_until": 1782021462.3340623
  },
  "gsk_…GQpc": {
    "blacklisted_until": 1782021613.0634267
  },
  "gsk_…M2TI": {
    "blacklisted_until": 1782021613.1301782
  }
}