{
  "gsk_…HF8S": {
    "blacklisted_until": 1780325029.4580557
  },
  "gsk_…JOK1": {
    "blacklisted_until": 1780325029.2492788
  },
  "gsk_…M2TI": {
    "blacklisted_until": 1780325029.3880756
  },
  "gsk_…GQpc": {
    "blacklisted_until": 1780325029.3173413
  },
  "gsk_…PxXM": {
    "blacklisted_until": 1780324938.797306
  },
  "gsk_…bdFd": {
    "blacklisted_until": 1780324938.6723304
  }
}