{
  "gsk_…JOK1": {
    "blacklisted_until": 1780275117.682073
  },
  "gsk_…GQpc": {
    "blacklisted_until": 1780275117.74903
  },
  "gsk_…M2TI": {
    "blacklisted_until": 1780275086.54146
  },
  "gsk_…HF8S": {
    "blacklisted_until": 1780275117.8163211
  },
  "gsk_…PxXM": {
    "blacklisted_until": 1780275117.5442407
  },
  "gsk_…bdFd": {
    "blacklisted_until": 1780275117.6163936
  }
}