{
  "gsk_…HF8S": {
    "blacklisted_until": 1780120056.5793388
  },
  "gsk_…PxXM": {
    "blacklisted_until": 1780120056.6598444
  },
  "gsk_…bdFd": {
    "blacklisted_until": 1780120056.7315803
  },
  "gsk_…JOK1": {
    "blacklisted_until": 1780120116.7989323
  }
}