{
  "gsk_…PxXM": {
    "blacklisted_until": 1782018858.4440458
  },
  "gsk_…bdFd": {
    "blacklisted_until": 1782018858.5208597
  },
  "gsk_…HF8S": {
    "blacklisted_until": 1782018858.5880344
  },
  "gsk_…JOK1": {
    "blacklisted_until": 1782018918.681121
  },
  "gsk_…GQpc": {
    "blacklisted_until": 1782018978.7554827
  },
  "gsk_…M2TI": {
    "blacklisted_until": 1782018978.8312328
  }
}