{
  "gsk_…GQpc": {
    "blacklisted_until": 1779729451.0707145
  },
  "gsk_…M2TI": {
    "blacklisted_until": 1779729451.1893914
  },
  "gsk_…HF8S": {
    "blacklisted_until": 1779729451.3352733
  },
  "gsk_…PxXM": {
    "blacklisted_until": 1779729451.4640718
  },
  "gsk_…bdFd": {
    "blacklisted_until": 1779729451.6127002
  },
  "gsk_…JOK1": {
    "blacklisted_until": 1779729451.7532465
  }
}