{
  "gsk_…PxXM": {
    "blacklisted_until": 1780604035.7474496
  },
  "gsk_…bdFd": {
    "blacklisted_until": 1780604035.8506205
  },
  "gsk_…GQpc": {
    "blacklisted_until": 1780604066.944004
  },
  "gsk_…M2TI": {
    "blacklisted_until": 1780604067.0381773
  },
  "gsk_…HF8S": {
    "blacklisted_until": 1780604067.1517167
  },
  "gsk_…JOK1": {
    "blacklisted_until": 1780604067.2473116
  }
}