{
  "gsk_…PxXM": {
    "blacklisted_until": 1780241762.5376425
  },
  "gsk_…bdFd": {
    "blacklisted_until": 1780241762.6053965
  },
  "gsk_…JOK1": {
    "blacklisted_until": 1780241913.001514
  },
  "gsk_…GQpc": {
    "blacklisted_until": 1780241913.0709765
  },
  "gsk_…M2TI": {
    "blacklisted_until": 1780241913.1427946
  },
  "gsk_…HF8S": {
    "blacklisted_until": 1780241999.2617772
  }
}