{
  "gsk_…PxXM": {
    "blacklisted_until": 1781406411.4318054
  },
  "gsk_…bdFd": {
    "blacklisted_until": 1781406411.5037272
  },
  "gsk_…GQpc": {
    "blacklisted_until": 1781406645.2251284
  },
  "gsk_…M2TI": {
    "blacklisted_until": 1781406645.29581
  },
  "gsk_…JOK1": {
    "blacklisted_until": 1781406645.3606102
  }
}