{
  "gsk_…M2TI": {
    "blacklisted_until": 1780277522.4511936
  },
  "gsk_…GQpc": {
    "blacklisted_until": 1780277522.5193317
  },
  "gsk_…PxXM": {
    "blacklisted_until": 1780277613.3548145
  },
  "gsk_…bdFd": {
    "blacklisted_until": 1780277613.4220326
  },
  "gsk_…JOK1": {
    "blacklisted_until": 1780277613.4914129
  },
  "gsk_…HF8S": {
    "blacklisted_until": 1780277613.5558484
  }
}