{
  "gsk_…PxXM": {
    "blacklisted_until": 1779934336.6932266
  },
  "gsk_…bdFd": {
    "blacklisted_until": 1779934336.6287475
  },
  "gsk_…HF8S": {
    "blacklisted_until": 1779934124.9848979
  },
  "gsk_…JOK1": {
    "blacklisted_until": 1779934125.0498285
  }
}