{
  "gsk_…bdFd": {
    "blacklisted_until": 1780957301.0087233
  },
  "gsk_…M2TI": {
    "blacklisted_until": 1780957487.8821428
  }
}