{
  "gsk_…PxXM": {
    "blacklisted_until": 1782295423.3180907
  },
  "gsk_…bdFd": {
    "blacklisted_until": 1782295423.4005563
  },
  "gsk_…HF8S": {
    "blacklisted_until": 1782295423.4851084
  }
}