{
  "gsk_…M2TI": {
    "blacklisted_until": 1781487428.8263588
  },
  "gsk_…PxXM": {
    "blacklisted_until": 1781487481.1293294
  },
  "gsk_…bdFd": {
    "blacklisted_until": 1781487481.2780638
  },
  "gsk_…JOK1": {
    "blacklisted_until": 1781487481.4246495
  },
  "gsk_…GQpc": {
    "blacklisted_until": 1781487481.5650687
  },
  "gsk_…HF8S": {
    "blacklisted_until": 1781487481.7295175
  }
}