{
  "gsk_…bdFd": {
    "blacklisted_until": 1781748180.0089312
  },
  "gsk_…PxXM": {
    "blacklisted_until": 1781748180.1327991
  }
}