{
  "gsk_…PxXM": {
    "blacklisted_until": 1780141961.0599368
  },
  "gsk_…bdFd": {
    "blacklisted_until": 1780141961.1244073
  }
}