{
  "gsk_…bdFd": {
    "blacklisted_until": 1780864502.6668968
  },
  "gsk_…PxXM": {
    "blacklisted_until": 1780864502.5546584
  },
  "gsk_…M2TI": {
    "blacklisted_until": 1780864411.3749478
  },
  "gsk_…JOK1": {
    "blacklisted_until": 1780864653.4118068
  },
  "gsk_…GQpc": {
    "blacklisted_until": 1780864653.5112064
  }
}