{
  "gsk_…GQpc": {
    "blacklisted_until": 1780186937.9654212
  },
  "gsk_…M2TI": {
    "blacklisted_until": 1780186938.0422962
  },
  "gsk_…HF8S": {
    "blacklisted_until": 1780186938.1180983
  },
  "gsk_…PxXM": {
    "blacklisted_until": 1780186938.1971886
  },
  "gsk_…bdFd": {
    "blacklisted_until": 1780186938.2776332
  },
  "gsk_…JOK1": {
    "blacklisted_until": 1780186938.3588774
  }
}