{
  "gsk_…JOK1": {
    "blacklisted_until": 1779991979.640666
  },
  "gsk_…GQpc": {
    "blacklisted_until": 1779991979.455557
  },
  "gsk_…M2TI": {
    "blacklisted_until": 1779991979.5655475
  },
  "gsk_…HF8S": {
    "blacklisted_until": 1779992039.7219272
  },
  "gsk_…PxXM": {
    "blacklisted_until": 1779992099.8797553
  },
  "gsk_…bdFd": {
    "blacklisted_until": 1779992099.9519458
  }
}