{
  "gsk_…HF8S": {
    "blacklisted_until": 1779905803.5886629
  },
  "gsk_…PxXM": {
    "blacklisted_until": 1779905803.661551
  },
  "gsk_…bdFd": {
    "blacklisted_until": 1779905803.2790165
  },
  "gsk_…JOK1": {
    "blacklisted_until": 1779905803.3588686
  },
  "gsk_…GQpc": {
    "blacklisted_until": 1779905803.4359527
  },
  "gsk_…M2TI": {
    "blacklisted_until": 1779905803.5081298
  }
}