{
  "gsk_…PxXM": {
    "blacklisted_until": 1782266494.304321
  },
  "gsk_…bdFd": {
    "blacklisted_until": 1782266494.384406
  },
  "gsk_…HF8S": {
    "blacklisted_until": 1782266494.4724636
  },
  "gsk_…GQpc": {
    "blacklisted_until": 1782266633.7688043
  },
  "gsk_…M2TI": {
    "blacklisted_until": 1782266633.848935
  },
  "gsk_…JOK1": {
    "blacklisted_until": 1782266633.9341729
  }
}