{
  "gsk_…bdFd": {
    "blacklisted_until": 1781564612.3386152
  },
  "gsk_…PxXM": {
    "blacklisted_until": 1781564612.4034164
  },
  "gsk_…GQpc": {
    "blacklisted_until": 1781564703.3807888
  },
  "gsk_…M2TI": {
    "blacklisted_until": 1781564703.4526327
  },
  "gsk_…HF8S": {
    "blacklisted_until": 1781564703.524082
  },
  "gsk_…JOK1": {
    "blacklisted_until": 1781564703.5893137
  }
}