{
  "gsk_…M2TI": {
    "blacklisted_until": 1781274987.3970077
  },
  "gsk_…PxXM": {
    "blacklisted_until": 1781275072.5477068
  },
  "gsk_…bdFd": {
    "blacklisted_until": 1781275072.613572
  },
  "gsk_…GQpc": {
    "blacklisted_until": 1781275072.6884668
  },
  "gsk_…HF8S": {
    "blacklisted_until": 1781275132.7658722
  },
  "gsk_…JOK1": {
    "blacklisted_until": 1781275132.8382742
  }
}