{
  "gsk_…M2TI": {
    "blacklisted_until": 1781498570.7351165
  },
  "gsk_…PxXM": {
    "blacklisted_until": 1781498630.88019
  },
  "gsk_…bdFd": {
    "blacklisted_until": 1781498631.0285487
  },
  "gsk_…JOK1": {
    "blacklisted_until": 1781498691.17908
  },
  "gsk_…GQpc": {
    "blacklisted_until": 1781498691.3276658
  },
  "gsk_…HF8S": {
    "blacklisted_until": 1781498691.4660969
  }
}