{
  "gsk_…JOK1": {
    "blacklisted_until": 1782130678.157042
  },
  "gsk_…HF8S": {
    "blacklisted_until": 1782130825.4213474
  },
  "gsk_…bdFd": {
    "blacklisted_until": 1782130678.090145
  },
  "gsk_…M2TI": {
    "blacklisted_until": 1782130678.222675
  },
  "gsk_…PxXM": {
    "blacklisted_until": 1782130678.2913747
  },
  "gsk_…GQpc": {
    "blacklisted_until": 1782130825.4921796
  }
}