{
  "gsk_…PxXM": {
    "blacklisted_until": 1780921076.087375
  },
  "gsk_…bdFd": {
    "blacklisted_until": 1780921136.1539743
  },
  "gsk_…JOK1": {
    "blacklisted_until": 1780921196.2353828
  },
  "gsk_…GQpc": {
    "blacklisted_until": 1780921196.3060966
  },
  "gsk_…M2TI": {
    "blacklisted_until": 1780921196.3671148
  },
  "gsk_…HF8S": {
    "blacklisted_until": 1780921196.4329712
  }
}