{
  "gsk_…JOK1": {
    "blacklisted_until": 1780436530.0097313
  },
  "gsk_…GQpc": {
    "blacklisted_until": 1780436529.7914891
  },
  "gsk_…M2TI": {
    "blacklisted_until": 1780436529.861484
  },
  "gsk_…bdFd": {
    "blacklisted_until": 1780436498.9860957
  },
  "gsk_…HF8S": {
    "blacklisted_until": 1780436529.9313433
  },
  "gsk_…PxXM": {
    "blacklisted_until": 1780436498.9160123
  }
}