{
  "gsk_…bdFd": {
    "blacklisted_until": 1780962836.3324108
  },
  "gsk_…PxXM": {
    "blacklisted_until": 1780962836.4408398
  },
  "gsk_…JOK1": {
    "blacklisted_until": 1780962896.578479
  },
  "gsk_…GQpc": {
    "blacklisted_until": 1780962896.6821735
  },
  "gsk_…M2TI": {
    "blacklisted_until": 1780962896.797289
  },
  "gsk_…HF8S": {
    "blacklisted_until": 1780962896.9019852
  }
}