{
  "gsk_…bdFd": {
    "blacklisted_until": 1780117888.569662
  },
  "gsk_…JOK1": {
    "blacklisted_until": 1780117948.667042
  },
  "gsk_…GQpc": {
    "blacklisted_until": 1780118008.7347715
  },
  "gsk_…M2TI": {
    "blacklisted_until": 1780118008.79698
  }
}