{
  "gsk_…M2TI": {
    "blacklisted_until": 1780834497.3677633
  },
  "gsk_…HF8S": {
    "blacklisted_until": 1780834557.4827743
  },
  "gsk_…PxXM": {
    "blacklisted_until": 1780834557.56212
  },
  "gsk_…JOK1": {
    "blacklisted_until": 1780834588.5260296
  }
}