{
  "gsk_…GQpc": {
    "blacklisted_until": 1780185909.0171316
  },
  "gsk_…PxXM": {
    "blacklisted_until": 1780185909.2489913
  },
  "gsk_…bdFd": {
    "blacklisted_until": 1780185908.8648663
  },
  "gsk_…HF8S": {
    "blacklisted_until": 1780185909.175022
  },
  "gsk_…JOK1": {
    "blacklisted_until": 1780185908.9442546
  },
  "gsk_…M2TI": {
    "blacklisted_until": 1780185909.0984533
  }
}