{
  "gsk_…bdFd": {
    "blacklisted_until": 1779868812.829638
  },
  "gsk_…M2TI": {
    "blacklisted_until": 1779868814.4821515
  },
  "gsk_…GQpc": {
    "blacklisted_until": 1779868816.9511192
  },
  "gsk_…PxXM": {
    "blacklisted_until": 1779868817.0151637
  },
  "gsk_…JOK1": {
    "blacklisted_until": 1779868877.079689
  },
  "gsk_…HF8S": {
    "blacklisted_until": 1779868877.1432512
  }
}