{
  "gsk_…M2TI": {
    "blacklisted_until": 1780528493.685261
  },
  "gsk_…PxXM": {
    "blacklisted_until": 1780528495.5764313
  },
  "gsk_…bdFd": {
    "blacklisted_until": 1780528495.7300293
  },
  "gsk_…GQpc": {
    "blacklisted_until": 1780528498.507615
  },
  "gsk_…HF8S": {
    "blacklisted_until": 1780528498.6490986
  },
  "gsk_…JOK1": {
    "blacklisted_until": 1780528498.786786
  }
}