{
  "gsk_…GQpc": {
    "blacklisted_until": 1780664453.1803691
  },
  "gsk_…M2TI": {
    "blacklisted_until": 1780664453.27473
  },
  "gsk_…JOK1": {
    "blacklisted_until": 1780664453.373362
  },
  "gsk_…PxXM": {
    "blacklisted_until": 1780664316.8288655
  },
  "gsk_…bdFd": {
    "blacklisted_until": 1780664316.924705
  },
  "gsk_…HF8S": {
    "blacklisted_until": 1780664317.085397
  }
}