{
  "gsk_…JOK1": {
    "blacklisted_until": 1781573781.3472235
  },
  "gsk_…GQpc": {
    "blacklisted_until": 1781573781.41657
  },
  "gsk_…M2TI": {
    "blacklisted_until": 1781573781.4801457
  },
  "gsk_…PxXM": {
    "blacklisted_until": 1781573872.6326883
  },
  "gsk_…bdFd": {
    "blacklisted_until": 1781573872.7137792
  },
  "gsk_…HF8S": {
    "blacklisted_until": 1781573872.7869976
  }
}