{
  "gsk_…PxXM": {
    "blacklisted_until": 1781063866.1712282
  },
  "gsk_…bdFd": {
    "blacklisted_until": 1781063866.2509255
  },
  "gsk_…HF8S": {
    "blacklisted_until": 1781063866.3177667
  }
}