{
  "gsk_…GQpc": {
    "blacklisted_until": 1780196270.8283813
  },
  "gsk_…M2TI": {
    "blacklisted_until": 1780196270.905806
  },
  "gsk_…JOK1": {
    "blacklisted_until": 1780196270.9797685
  },
  "gsk_…PxXM": {
    "blacklisted_until": 1780196458.9597025
  },
  "gsk_…bdFd": {
    "blacklisted_until": 1780196459.0367453
  },
  "gsk_…HF8S": {
    "blacklisted_until": 1780196459.1192632
  }
}