{
  "gsk_…M2TI": {
    "blacklisted_until": 1780861567.9743693
  },
  "gsk_…PxXM": {
    "blacklisted_until": 1780861669.6291952
  },
  "gsk_…bdFd": {
    "blacklisted_until": 1780861669.7318406
  }
}