{
  "gsk_…JOK1": {
    "blacklisted_until": 1782131369.5385823
  },
  "gsk_…bdFd": {
    "blacklisted_until": 1782131319.4259875
  },
  "gsk_…M2TI": {
    "blacklisted_until": 1782131369.469898
  },
  "gsk_…PxXM": {
    "blacklisted_until": 1782131319.3506908
  },
  "gsk_…GQpc": {
    "blacklisted_until": 1782131159.8541198
  },
  "gsk_…HF8S": {
    "blacklisted_until": 1782131228.3571863
  }
}