{
  "gsk_…HF8S": {
    "blacklisted_until": 1780243335.2521932
  },
  "gsk_…bdFd": {
    "blacklisted_until": 1780243429.2830799
  },
  "gsk_…PxXM": {
    "blacklisted_until": 1780243429.3572803
  }
}