{
  "gsk_…M2TI": {
    "blacklisted_until": 1780270139.660767
  },
  "gsk_…PxXM": {
    "blacklisted_until": 1780270170.6340377
  },
  "gsk_…bdFd": {
    "blacklisted_until": 1780270170.703858
  }
}