{
  "gsk_…M2TI": {
    "blacklisted_until": 1782349792.256258
  },
  "gsk_…PxXM": {
    "blacklisted_until": 1782349898.690689
  },
  "gsk_…bdFd": {
    "blacklisted_until": 1782349898.7603352
  },
  "gsk_…GQpc": {
    "blacklisted_until": 1782349938.1043825
  },
  "gsk_…HF8S": {
    "blacklisted_until": 1782349938.1713681
  },
  "gsk_…JOK1": {
    "blacklisted_until": 1782349938.2402585
  }
}