{
  "gsk_…HF8S": {
    "blacklisted_until": 1780950292.722647
  },
  "gsk_…JOK1": {
    "blacklisted_until": 1780950292.6060736
  },
  "gsk_…M2TI": {
    "blacklisted_until": 1780950247.3186562
  },
  "gsk_…PxXM": {
    "blacklisted_until": 1780950444.8003767
  },
  "gsk_…bdFd": {
    "blacklisted_until": 1780950444.9318318
  }
}