{
  "gsk_…M2TI": {
    "blacklisted_until": 1782183074.9467525
  },
  "gsk_…GQpc": {
    "blacklisted_until": 1782183075.0148501
  }
}