{
  "gsk_…JOK1": {
    "blacklisted_until": 1781934872.8971655
  },
  "gsk_…GQpc": {
    "blacklisted_until": 1781934872.9763262
  },
  "gsk_…M2TI": {
    "blacklisted_until": 1781934873.0556827
  },
  "gsk_…bdFd": {
    "blacklisted_until": 1781934873.130125
  },
  "gsk_…HF8S": {
    "blacklisted_until": 1781934933.2090805
  },
  "gsk_…PxXM": {
    "blacklisted_until": 1781934933.284754
  }
}