{
  "gsk_…HF8S": {
    "blacklisted_until": 1781618983.012151
  },
  "gsk_…PxXM": {
    "blacklisted_until": 1781618983.1008267
  },
  "gsk_…JOK1": {
    "blacklisted_until": 1781619043.1756785
  },
  "gsk_…M2TI": {
    "blacklisted_until": 1781619103.247658
  },
  "gsk_…bdFd": {
    "blacklisted_until": 1781619253.8858457
  }
}