{
  "gsk_…bdFd": {
    "blacklisted_until": 1781315440.0065956
  },
  "gsk_…JOK1": {
    "blacklisted_until": 1781315500.0738518
  },
  "gsk_…GQpc": {
    "blacklisted_until": 1781315500.1444695
  },
  "gsk_…M2TI": {
    "blacklisted_until": 1781315500.2071974
  },
  "gsk_…PxXM": {
    "blacklisted_until": 1781315556.3556354
  },
  "gsk_…HF8S": {
    "blacklisted_until": 1781315556.4194365
  }
}