{
  "gsk_…bdFd": {
    "blacklisted_until": 1780456656.365263
  },
  "gsk_…GQpc": {
    "blacklisted_until": 1780456656.4329975
  },
  "gsk_…M2TI": {
    "blacklisted_until": 1780456716.5008004
  },
  "gsk_…PxXM": {
    "blacklisted_until": 1780456771.479555
  },
  "gsk_…HF8S": {
    "blacklisted_until": 1780456815.542758
  },
  "gsk_…JOK1": {
    "blacklisted_until": 1780456815.6152356
  }
}