{
  "gsk_…bdFd": {
    "blacklisted_until": 1780949747.9513237
  },
  "gsk_…PxXM": {
    "blacklisted_until": 1780949748.054059
  },
  "gsk_…GQpc": {
    "blacklisted_until": 1780949808.1891346
  }
}