{
  "gsk_…bdFd": {
    "blacklisted_until": 1781652556.278119
  },
  "gsk_…GQpc": {
    "blacklisted_until": 1781652587.544497
  },
  "gsk_…M2TI": {
    "blacklisted_until": 1781652647.6401126
  },
  "gsk_…HF8S": {
    "blacklisted_until": 1781652647.716026
  },
  "gsk_…JOK1": {
    "blacklisted_until": 1781652647.7719595
  }
}