{
  "gsk_…HF8S": {
    "blacklisted_until": 1780566623.607361
  },
  "gsk_…JOK1": {
    "blacklisted_until": 1780566623.6680186
  },
  "gsk_…PxXM": {
    "blacklisted_until": 1780566758.7705128
  },
  "gsk_…bdFd": {
    "blacklisted_until": 1780566758.8461154
  }
}