{
  "gsk_…bdFd": {
    "blacklisted_until": 1780748327.205857
  },
  "gsk_…HF8S": {
    "blacklisted_until": 1780748326.928306
  },
  "gsk_…PxXM": {
    "blacklisted_until": 1780748327.0690866
  },
  "gsk_…JOK1": {
    "blacklisted_until": 1780748418.4111273
  },
  "gsk_…GQpc": {
    "blacklisted_until": 1780748478.5889273
  },
  "gsk_…M2TI": {
    "blacklisted_until": 1780748478.7248542
  }
}