{
  "gsk_…GQpc": {
    "blacklisted_until": 1781321416.5964625
  },
  "gsk_…M2TI": {
    "blacklisted_until": 1781321416.6695065
  },
  "gsk_…JOK1": {
    "blacklisted_until": 1781321416.7390907
  }
}