{
  "gsk_…JOK1": {
    "blacklisted_until": 1780232658.5298827
  },
  "gsk_…GQpc": {
    "blacklisted_until": 1780232658.5994394
  },
  "gsk_…M2TI": {
    "blacklisted_until": 1780232658.6720655
  },
  "gsk_…HF8S": {
    "blacklisted_until": 1780232718.7384763
  },
  "gsk_…PxXM": {
    "blacklisted_until": 1780232869.1994865
  }
}