{
  "gsk_…HF8S": {
    "blacklisted_until": 1780706851.0997195
  },
  "gsk_…JOK1": {
    "blacklisted_until": 1780706851.2337317
  },
  "gsk_…GQpc": {
    "blacklisted_until": 1780707093.0977218
  },
  "gsk_…M2TI": {
    "blacklisted_until": 1780707093.2559173
  }
}