{
  "gsk_…bdFd": {
    "blacklisted_until": 1781924213.4634776
  },
  "gsk_…GQpc": {
    "blacklisted_until": 1781924244.5344722
  },
  "gsk_…M2TI": {
    "blacklisted_until": 1781924244.6104465
  },
  "gsk_…HF8S": {
    "blacklisted_until": 1781924244.7314186
  },
  "gsk_…PxXM": {
    "blacklisted_until": 1781924244.8289933
  },
  "gsk_…JOK1": {
    "blacklisted_until": 1781924244.905269
  }
}