{
  "gsk_…GQpc": {
    "blacklisted_until": 1781962294.6854973
  },
  "gsk_…M2TI": {
    "blacklisted_until": 1781962294.7588928
  },
  "gsk_…PxXM": {
    "blacklisted_until": 1781962294.8215413
  },
  "gsk_…bdFd": {
    "blacklisted_until": 1781962294.8845906
  },
  "gsk_…JOK1": {
    "blacklisted_until": 1781962354.9693968
  },
  "gsk_…HF8S": {
    "blacklisted_until": 1781962355.034118
  }
}