{
  "gsk_…GQpc": {
    "blacklisted_until": 1781884027.2039733
  },
  "gsk_…M2TI": {
    "blacklisted_until": 1781884027.290812
  },
  "gsk_…PxXM": {
    "blacklisted_until": 1781884118.8447855
  },
  "gsk_…bdFd": {
    "blacklisted_until": 1781884178.929642
  },
  "gsk_…HF8S": {
    "blacklisted_until": 1781884179.0119312
  },
  "gsk_…JOK1": {
    "blacklisted_until": 1781884257.163152
  }
}