{
  "gsk_…HF8S": {
    "blacklisted_until": 1782303591.3556123
  },
  "gsk_…PxXM": {
    "blacklisted_until": 1782303591.4353654
  },
  "gsk_…bdFd": {
    "blacklisted_until": 1782303591.5151947
  },
  "gsk_…JOK1": {
    "blacklisted_until": 1782303663.6666849
  },
  "gsk_…M2TI": {
    "blacklisted_until": 1782303695.00387
  },
  "gsk_…GQpc": {
    "blacklisted_until": 1782303695.0910704
  }
}