{
  "gsk_…M2TI": {
    "blacklisted_until": 1781607335.5384183
  },
  "gsk_…PxXM": {
    "blacklisted_until": 1781607547.6023533
  }
}