{
  "gsk_…bdFd": {
    "blacklisted_until": 1781021987.4397454
  },
  "gsk_…GQpc": {
    "blacklisted_until": 1781022078.6823745
  },
  "gsk_…M2TI": {
    "blacklisted_until": 1781022078.758605
  },
  "gsk_…HF8S": {
    "blacklisted_until": 1781022078.8359199
  },
  "gsk_…PxXM": {
    "blacklisted_until": 1781022078.9285192
  },
  "gsk_…JOK1": {
    "blacklisted_until": 1781022079.0234873
  }
}