{
  "gsk_…JOK1": {
    "blacklisted_until": 1781894519.2316954
  },
  "gsk_…GQpc": {
    "blacklisted_until": 1781894519.3113048
  },
  "gsk_…M2TI": {
    "blacklisted_until": 1781894519.3901002
  }
}