{
  "gsk_…PxXM": {
    "blacklisted_until": 1780244983.6084585
  },
  "gsk_…bdFd": {
    "blacklisted_until": 1780244983.6803877
  },
  "gsk_…HF8S": {
    "blacklisted_until": 1780244983.545477
  }
}