{
  "gsk_…GQpc": {
    "blacklisted_until": 1781739602.1011045
  },
  "gsk_…M2TI": {
    "blacklisted_until": 1781739602.243523
  },
  "gsk_…HF8S": {
    "blacklisted_until": 1781739753.4569829
  },
  "gsk_…PxXM": {
    "blacklisted_until": 1781739753.5867274
  },
  "gsk_…bdFd": {
    "blacklisted_until": 1781739753.7069438
  },
  "gsk_…JOK1": {
    "blacklisted_until": 1781739753.873858
  }
}