{
  "gsk_…PxXM": {
    "blacklisted_until": 1780402600.6107082
  },
  "gsk_…bdFd": {
    "blacklisted_until": 1780402600.7079122
  },
  "gsk_…JOK1": {
    "blacklisted_until": 1780402600.8648107
  },
  "gsk_…HF8S": {
    "blacklisted_until": 1780402600.9418373
  }
}