{
  "gsk_…JOK1": {
    "blacklisted_until": 1780329458.2188506
  },
  "gsk_…M2TI": {
    "blacklisted_until": 1780329699.691599
  }
}