{
  "gsk_…JOK1": {
    "blacklisted_until": 1782013648.8476884
  },
  "gsk_…GQpc": {
    "blacklisted_until": 1782013708.9296749
  },
  "gsk_…M2TI": {
    "blacklisted_until": 1782013708.999984
  }
}