{
  "gsk_…PxXM": {
    "blacklisted_until": 1781322332.3022583
  },
  "gsk_…bdFd": {
    "blacklisted_until": 1781322332.369737
  },
  "gsk_…HF8S": {
    "blacklisted_until": 1781322332.4448762
  },
  "gsk_…JOK1": {
    "blacklisted_until": 1781322392.5134256
  },
  "gsk_…GQpc": {
    "blacklisted_until": 1781322392.5835638
  },
  "gsk_…M2TI": {
    "blacklisted_until": 1781322392.6510835
  }
}