{
  "gsk_…bdFd": {
    "blacklisted_until": 1780355079.9479682
  },
  "gsk_…PxXM": {
    "blacklisted_until": 1780354898.4751694
  },
  "gsk_…HF8S": {
    "blacklisted_until": 1780354898.5443404
  }
}