{
  "gsk_…GQpc": {
    "blacklisted_until": 1780993295.377848
  },
  "gsk_…M2TI": {
    "blacklisted_until": 1780993295.4428506
  },
  "gsk_…JOK1": {
    "blacklisted_until": 1780993295.511942
  },
  "gsk_…HF8S": {
    "blacklisted_until": 1780993446.1039772
  },
  "gsk_…PxXM": {
    "blacklisted_until": 1780993506.184433
  },
  "gsk_…bdFd": {
    "blacklisted_until": 1780993506.2492454
  }
}