{
  "gsk_…PxXM": {
    "blacklisted_until": 1780859230.2011242
  },
  "gsk_…bdFd": {
    "blacklisted_until": 1780859230.3038468
  },
  "gsk_…GQpc": {
    "blacklisted_until": 1780859261.5245996
  },
  "gsk_…M2TI": {
    "blacklisted_until": 1780859261.6310446
  },
  "gsk_…HF8S": {
    "blacklisted_until": 1780859261.7385383
  },
  "gsk_…JOK1": {
    "blacklisted_until": 1780859261.8502939
  }
}