{
  "gsk_…HF8S": {
    "blacklisted_until": 1781237071.3153517
  },
  "gsk_…PxXM": {
    "blacklisted_until": 1781237071.4191608
  },
  "gsk_…bdFd": {
    "blacklisted_until": 1781237071.4806628
  },
  "gsk_…JOK1": {
    "blacklisted_until": 1781237071.5906758
  },
  "gsk_…M2TI": {
    "blacklisted_until": 1781237071.649597
  },
  "gsk_…GQpc": {
    "blacklisted_until": 1781237131.7425053
  }
}