{
  "gsk_…bdFd": {
    "blacklisted_until": 1781532486.4378254
  },
  "gsk_…JOK1": {
    "blacklisted_until": 1781532546.4999192
  },
  "gsk_…GQpc": {
    "blacklisted_until": 1781532546.5859172
  },
  "gsk_…M2TI": {
    "blacklisted_until": 1781532546.7293456
  },
  "gsk_…HF8S": {
    "blacklisted_until": 1781532546.9113328
  },
  "gsk_…PxXM": {
    "blacklisted_until": 1781532546.974298
  }
}