{
  "gsk_…GQpc": {
    "blacklisted_until": 1780328309.2388144
  },
  "gsk_…M2TI": {
    "blacklisted_until": 1780328309.3040314
  },
  "gsk_…PxXM": {
    "blacklisted_until": 1780328340.5688114
  },
  "gsk_…bdFd": {
    "blacklisted_until": 1780328340.6446633
  },
  "gsk_…HF8S": {
    "blacklisted_until": 1780328340.712269
  },
  "gsk_…JOK1": {
    "blacklisted_until": 1780328400.7878902
  }
}