{
  "gsk_…GQpc": {
    "blacklisted_until": 1780782692.0809813
  },
  "gsk_…M2TI": {
    "blacklisted_until": 1780782752.1598263
  },
  "gsk_…HF8S": {
    "blacklisted_until": 1780782752.2338367
  },
  "gsk_…JOK1": {
    "blacklisted_until": 1780782752.3033938
  },
  "gsk_…PxXM": {
    "blacklisted_until": 1780782812.371145
  },
  "gsk_…bdFd": {
    "blacklisted_until": 1780782812.4398932
  }
}