{
  "gsk_…PxXM": {
    "blacklisted_until": 1781782639.1975021
  },
  "gsk_…bdFd": {
    "blacklisted_until": 1781782639.303789
  },
  "gsk_…HF8S": {
    "blacklisted_until": 1781782639.1257937
  },
  "gsk_…GQpc": {
    "blacklisted_until": 1781782457.7646759
  },
  "gsk_…M2TI": {
    "blacklisted_until": 1781782457.8298354
  }
}