{
  "gsk_…M2TI": {
    "blacklisted_until": 1781664144.5231838
  },
  "gsk_…HF8S": {
    "blacklisted_until": 1781664235.7516751
  },
  "gsk_…PxXM": {
    "blacklisted_until": 1781664295.8115413
  },
  "gsk_…bdFd": {
    "blacklisted_until": 1781664295.8766608
  },
  "gsk_…GQpc": {
    "blacklisted_until": 1781664295.9493148
  },
  "gsk_…JOK1": {
    "blacklisted_until": 1781664356.0289726
  }
}