{
  "gsk_…M2TI": {
    "blacklisted_until": 1779983912.6668134
  },
  "gsk_…HF8S": {
    "blacklisted_until": 1779983972.7452762
  },
  "gsk_…PxXM": {
    "blacklisted_until": 1779983972.8403487
  },
  "gsk_…bdFd": {
    "blacklisted_until": 1779983972.930529
  },
  "gsk_…JOK1": {
    "blacklisted_until": 1779983973.0312521
  },
  "gsk_…GQpc": {
    "blacklisted_until": 1779983973.1076097
  }
}