{
  "gsk_…JOK1": {
    "blacklisted_until": 1780998729.0095577
  },
  "gsk_…HF8S": {
    "blacklisted_until": 1780998879.617233
  },
  "gsk_…GQpc": {
    "blacklisted_until": 1780998789.077739
  },
  "gsk_…M2TI": {
    "blacklisted_until": 1780998789.1468227
  }
}