{
  "gsk_…HF8S": {
    "blacklisted_until": 1781206880.2578304
  },
  "gsk_…PxXM": {
    "blacklisted_until": 1781206880.4077168
  },
  "gsk_…bdFd": {
    "blacklisted_until": 1781206880.5557368
  },
  "gsk_…GQpc": {
    "blacklisted_until": 1781206971.924236
  },
  "gsk_…M2TI": {
    "blacklisted_until": 1781206972.0626683
  },
  "gsk_…JOK1": {
    "blacklisted_until": 1781206972.2375805
  }
}