{
  "gsk_…JOK1": {
    "blacklisted_until": 1780078694.947447
  },
  "gsk_…GQpc": {
    "blacklisted_until": 1780078890.9447565
  },
  "gsk_…M2TI": {
    "blacklisted_until": 1780078890.689309
  },
  "gsk_…HF8S": {
    "blacklisted_until": 1780078890.7708104
  },
  "gsk_…PxXM": {
    "blacklisted_until": 1780078890.8574114
  },
  "gsk_…bdFd": {
    "blacklisted_until": 1780078695.0752358
  }
}