{
  "gsk_…JOK1": {
    "blacklisted_until": 1781319195.4867952
  },
  "gsk_…M2TI": {
    "blacklisted_until": 1781319195.6289005
  },
  "gsk_…bdFd": {
    "blacklisted_until": 1781319104.9726484
  },
  "gsk_…GQpc": {
    "blacklisted_until": 1781319195.555546
  },
  "gsk_…PxXM": {
    "blacklisted_until": 1781319014.132236
  },
  "gsk_…HF8S": {
    "blacklisted_until": 1781319014.2102761
  }
}