{
  "gsk_…PxXM": {
    "blacklisted_until": 1781114891.3583593
  },
  "gsk_…bdFd": {
    "blacklisted_until": 1781114891.422918
  },
  "gsk_…HF8S": {
    "blacklisted_until": 1781114891.5067573
  }
}