{
  "gsk_…PxXM": {
    "blacklisted_until": 1781695646.370163
  },
  "gsk_…bdFd": {
    "blacklisted_until": 1781695646.483221
  },
  "gsk_…JOK1": {
    "blacklisted_until": 1781695706.5868678
  },
  "gsk_…GQpc": {
    "blacklisted_until": 1781695706.6846657
  },
  "gsk_…M2TI": {
    "blacklisted_until": 1781695706.7837098
  },
  "gsk_…HF8S": {
    "blacklisted_until": 1781695706.8819587
  }
}