{
  "gsk_…bdFd": {
    "blacklisted_until": 1781658150.163377
  },
  "gsk_…GQpc": {
    "blacklisted_until": 1781657939.9534523
  },
  "gsk_…M2TI": {
    "blacklisted_until": 1781657940.0088274
  },
  "gsk_…HF8S": {
    "blacklisted_until": 1781657940.090727
  },
  "gsk_…JOK1": {
    "blacklisted_until": 1781657940.1475897
  },
  "gsk_…PxXM": {
    "blacklisted_until": 1781658059.4019098
  }
}