{
  "gsk_…bdFd": {
    "blacklisted_until": 1779760659.5593452
  },
  "gsk_…JOK1": {
    "blacklisted_until": 1779760659.6306903
  },
  "gsk_…GQpc": {
    "blacklisted_until": 1779760659.7018962
  },
  "gsk_…M2TI": {
    "blacklisted_until": 1779760659.7645988
  },
  "gsk_…HF8S": {
    "blacklisted_until": 1779760659.826995
  },
  "gsk_…PxXM": {
    "blacklisted_until": 1779760659.9003866
  }
}