{
  "gsk_…PxXM": {
    "blacklisted_until": 1779670784.0232842
  },
  "gsk_…bdFd": {
    "blacklisted_until": 1779670784.095078
  },
  "gsk_…GQpc": {
    "blacklisted_until": 1779670786.032376
  },
  "gsk_…M2TI": {
    "blacklisted_until": 1779670786.128295
  },
  "gsk_…JOK1": {
    "blacklisted_until": 1779670789.1226761
  },
  "gsk_…HF8S": {
    "blacklisted_until": 1779670789.2192307
  }
}