{
  "gsk_…bdFd": {
    "blacklisted_until": 1780289099.6252747
  },
  "gsk_…GQpc": {
    "blacklisted_until": 1780289131.8744876
  },
  "gsk_…M2TI": {
    "blacklisted_until": 1780289131.9411905
  },
  "gsk_…HF8S": {
    "blacklisted_until": 1780289132.0073743
  },
  "gsk_…PxXM": {
    "blacklisted_until": 1780289132.0766313
  },
  "gsk_…JOK1": {
    "blacklisted_until": 1780289132.1432257
  }
}