{
  "gsk_…M2TI": {
    "blacklisted_until": 1782309567.772707
  },
  "gsk_…HF8S": {
    "blacklisted_until": 1782309567.8577724
  },
  "gsk_…PxXM": {
    "blacklisted_until": 1782309567.9426553
  },
  "gsk_…bdFd": {
    "blacklisted_until": 1782309568.0214782
  },
  "gsk_…GQpc": {
    "blacklisted_until": 1782309568.101744
  },
  "gsk_…JOK1": {
    "blacklisted_until": 1782309628.1852453
  }
}