{
  "gsk_…bdFd": {
    "blacklisted_until": 1782312990.9473126
  },
  "gsk_…PxXM": {
    "blacklisted_until": 1782312991.036337
  },
  "gsk_…HF8S": {
    "blacklisted_until": 1782312808.5337427
  },
  "gsk_…JOK1": {
    "blacklisted_until": 1782312808.6328318
  },
  "gsk_…GQpc": {
    "blacklisted_until": 1782312868.729145
  },
  "gsk_…M2TI": {
    "blacklisted_until": 1782312868.8150976
  }
}