{
  "gsk_…JOK1": {
    "blacklisted_until": 1781707265.528534
  },
  "gsk_…GQpc": {
    "blacklisted_until": 1781707232.1591618
  },
  "gsk_…M2TI": {
    "blacklisted_until": 1781707265.6924775
  },
  "gsk_…HF8S": {
    "blacklisted_until": 1781707264.381605
  },
  "gsk_…bdFd": {
    "blacklisted_until": 1781707364.461849
  },
  "gsk_…PxXM": {
    "blacklisted_until": 1781707361.1475084
  }
}