{
  "gsk_…HF8S": {
    "blacklisted_until": 1782012165.8331661
  },
  "gsk_…PxXM": {
    "blacklisted_until": 1782012165.9015508
  },
  "gsk_…bdFd": {
    "blacklisted_until": 1782012165.9710512
  },
  "gsk_…JOK1": {
    "blacklisted_until": 1782012318.532341
  },
  "gsk_…GQpc": {
    "blacklisted_until": 1782012378.6014533
  },
  "gsk_…M2TI": {
    "blacklisted_until": 1782012378.6669016
  }
}