{
  "gsk_…M2TI": {
    "blacklisted_until": 1779983274.925197
  },
  "gsk_…PxXM": {
    "blacklisted_until": 1779983337.2107549
  },
  "gsk_…bdFd": {
    "blacklisted_until": 1779983337.287366
  },
  "gsk_…JOK1": {
    "blacklisted_until": 1779983337.3569636
  },
  "gsk_…GQpc": {
    "blacklisted_until": 1779983337.440093
  },
  "gsk_…HF8S": {
    "blacklisted_until": 1779983337.5269303
  }
}