{
  "gsk_…PxXM": {
    "blacklisted_until": 1781896003.9464645
  },
  "gsk_…bdFd": {
    "blacklisted_until": 1781896004.023873
  },
  "gsk_…HF8S": {
    "blacklisted_until": 1781896004.1047144
  },
  "gsk_…GQpc": {
    "blacklisted_until": 1781896185.9624925
  },
  "gsk_…M2TI": {
    "blacklisted_until": 1781896186.0427651
  },
  "gsk_…JOK1": {
    "blacklisted_until": 1781896186.132129
  }
}