{
  "gsk_…GQpc": {
    "blacklisted_until": 1780286725.1547878
  },
  "gsk_…M2TI": {
    "blacklisted_until": 1780286725.224113
  },
  "gsk_…HF8S": {
    "blacklisted_until": 1780286785.2967937
  },
  "gsk_…JOK1": {
    "blacklisted_until": 1780286785.3687394
  },
  "gsk_…bdFd": {
    "blacklisted_until": 1780287028.5643914
  }
}