{
  "gsk_…HF8S": {
    "blacklisted_until": 1780243000.3816686
  },
  "gsk_…PxXM": {
    "blacklisted_until": 1780243060.4691982
  },
  "gsk_…bdFd": {
    "blacklisted_until": 1780243060.5375419
  }
}