{
  "gsk_…M2TI": {
    "blacklisted_until": 1782348784.727681
  },
  "gsk_…GQpc": {
    "blacklisted_until": 1782348784.8361647
  },
  "gsk_…PxXM": {
    "blacklisted_until": 1782348876.257358
  },
  "gsk_…bdFd": {
    "blacklisted_until": 1782348876.321275
  },
  "gsk_…JOK1": {
    "blacklisted_until": 1782348876.3868544
  },
  "gsk_…HF8S": {
    "blacklisted_until": 1782348876.4532232
  }
}