{
  "gsk_…HF8S": {
    "blacklisted_until": 1780022181.6490872
  },
  "gsk_…PxXM": {
    "blacklisted_until": 1780022181.7166493
  },
  "gsk_…bdFd": {
    "blacklisted_until": 1780022181.777122
  },
  "gsk_…JOK1": {
    "blacklisted_until": 1780022181.8465037
  },
  "gsk_…GQpc": {
    "blacklisted_until": 1780022181.909591
  },
  "gsk_…M2TI": {
    "blacklisted_until": 1780022181.973151
  }
}