{
  "gsk_…JOK1": {
    "blacklisted_until": 1781897158.8448858
  },
  "gsk_…GQpc": {
    "blacklisted_until": 1781897158.925026
  },
  "gsk_…M2TI": {
    "blacklisted_until": 1781897159.0129187
  },
  "gsk_…PxXM": {
    "blacklisted_until": 1781897340.8721697
  },
  "gsk_…bdFd": {
    "blacklisted_until": 1781897340.9559953
  },
  "gsk_…HF8S": {
    "blacklisted_until": 1781897341.0441294
  }
}