{
  "gsk_…PxXM": {
    "blacklisted_until": 1779710633.9786935
  },
  "gsk_…bdFd": {
    "blacklisted_until": 1779710634.1094723
  },
  "gsk_…JOK1": {
    "blacklisted_until": 1779710634.2203732
  },
  "gsk_…GQpc": {
    "blacklisted_until": 1779710634.404899
  },
  "gsk_…M2TI": {
    "blacklisted_until": 1779710634.5412633
  },
  "gsk_…HF8S": {
    "blacklisted_until": 1779710634.6464932
  }
}