{
  "gsk_…GQpc": {
    "blacklisted_until": 1781039802.8804765
  },
  "gsk_…M2TI": {
    "blacklisted_until": 1781039802.9562423
  },
  "gsk_…JOK1": {
    "blacklisted_until": 1781039803.0216599
  },
  "gsk_…PxXM": {
    "blacklisted_until": 1781039894.6461968
  },
  "gsk_…bdFd": {
    "blacklisted_until": 1781039894.7185416
  },
  "gsk_…HF8S": {
    "blacklisted_until": 1781039894.783906
  }
}