{
  "gsk_…HF8S": {
    "blacklisted_until": 1781659953.3664563
  },
  "gsk_…JOK1": {
    "blacklisted_until": 1781659953.427262
  },
  "gsk_…PxXM": {
    "blacklisted_until": 1781660013.52768
  },
  "gsk_…bdFd": {
    "blacklisted_until": 1781660073.6095612
  },
  "gsk_…M2TI": {
    "blacklisted_until": 1781660255.2035115
  }
}