{
  "gsk_…M2TI": {
    "blacklisted_until": 1781287516.7443614
  },
  "gsk_…HF8S": {
    "blacklisted_until": 1781287516.8435614
  },
  "gsk_…PxXM": {
    "blacklisted_until": 1781287516.9123173
  },
  "gsk_…bdFd": {
    "blacklisted_until": 1781287516.9870725
  },
  "gsk_…JOK1": {
    "blacklisted_until": 1781287577.0577593
  },
  "gsk_…GQpc": {
    "blacklisted_until": 1781287577.1296356
  }
}