{
  "gsk_…M2TI": {
    "blacklisted_until": 1779689074.4614425
  },
  "gsk_…bdFd": {
    "blacklisted_until": 1779689247.1526248
  },
  "gsk_…JOK1": {
    "blacklisted_until": 1779689247.2230906
  },
  "gsk_…GQpc": {
    "blacklisted_until": 1779689247.379517
  },
  "gsk_…HF8S": {
    "blacklisted_until": 1779689247.4516718
  },
  "gsk_…PxXM": {
    "blacklisted_until": 1779689247.0785985
  }
}