{
  "gsk_…M2TI": {
    "blacklisted_until": 1781583650.7474189
  },
  "gsk_…GQpc": {
    "blacklisted_until": 1781583650.67417
  },
  "gsk_…JOK1": {
    "blacklisted_until": 1781583455.004144
  }
}