{
  "gsk_…bdFd": {
    "blacklisted_until": 1781069902.5661335
  },
  "gsk_…JOK1": {
    "blacklisted_until": 1781069962.6385202
  }
}