{
  "gsk_…PxXM": {
    "blacklisted_until": 1782212693.199173
  },
  "gsk_…bdFd": {
    "blacklisted_until": 1782212693.1134946
  },
  "gsk_…GQpc": {
    "blacklisted_until": 1782212753.2767391
  },
  "gsk_…M2TI": {
    "blacklisted_until": 1782212753.3613064
  },
  "gsk_…HF8S": {
    "blacklisted_until": 1782212813.4435952
  },
  "gsk_…JOK1": {
    "blacklisted_until": 1782212873.522608
  }
}