{
  "gsk_…GQpc": {
    "blacklisted_until": 1781206332.4917657
  },
  "gsk_…M2TI": {
    "blacklisted_until": 1781206332.1997938
  },
  "gsk_…HF8S": {
    "blacklisted_until": 1781206545.5833082
  },
  "gsk_…PxXM": {
    "blacklisted_until": 1781206545.2736993
  },
  "gsk_…bdFd": {
    "blacklisted_until": 1781206545.4181798
  },
  "gsk_…JOK1": {
    "blacklisted_until": 1781206332.3539684
  }
}