{
  "gsk_…HF8S": {
    "blacklisted_until": 1780152363.7689743
  },
  "gsk_…PxXM": {
    "blacklisted_until": 1780152363.83323
  },
  "gsk_…JOK1": {
    "blacklisted_until": 1780152363.896188
  },
  "gsk_…GQpc": {
    "blacklisted_until": 1780152605.1136026
  },
  "gsk_…M2TI": {
    "blacklisted_until": 1780152605.175712
  }
}