{
  "gsk_…M2TI": {
    "blacklisted_until": 1780449370.1552515
  },
  "gsk_…HF8S": {
    "blacklisted_until": 1780449430.228668
  },
  "gsk_…PxXM": {
    "blacklisted_until": 1780449430.2954535
  },
  "gsk_…bdFd": {
    "blacklisted_until": 1780449430.3637657
  },
  "gsk_…JOK1": {
    "blacklisted_until": 1780449430.4369924
  },
  "gsk_…GQpc": {
    "blacklisted_until": 1780449430.497862
  }
}