{
  "gsk_…bdFd": {
    "blacklisted_until": 1780739888.8009758
  },
  "gsk_…JOK1": {
    "blacklisted_until": 1780740039.6248634
  },
  "gsk_…GQpc": {
    "blacklisted_until": 1780740039.7693539
  },
  "gsk_…M2TI": {
    "blacklisted_until": 1780740039.9253619
  }
}