{
  "gsk_…bdFd": {
    "blacklisted_until": 1781079776.754115
  },
  "gsk_…JOK1": {
    "blacklisted_until": 1781079836.8316731
  },
  "gsk_…GQpc": {
    "blacklisted_until": 1781079836.8998027
  },
  "gsk_…M2TI": {
    "blacklisted_until": 1781079836.9777539
  },
  "gsk_…HF8S": {
    "blacklisted_until": 1781079837.046362
  },
  "gsk_…PxXM": {
    "blacklisted_until": 1781079837.114909
  }
}