{
  "gsk_…M2TI": {
    "blacklisted_until": 1780403208.675707
  },
  "gsk_…GQpc": {
    "blacklisted_until": 1780403208.7654915
  },
  "gsk_…PxXM": {
    "blacklisted_until": 1780403300.0804005
  },
  "gsk_…bdFd": {
    "blacklisted_until": 1780403300.151506
  },
  "gsk_…JOK1": {
    "blacklisted_until": 1780403300.2255783
  },
  "gsk_…HF8S": {
    "blacklisted_until": 1780403300.4088438
  }
}