{
  "gsk_…M2TI": {
    "blacklisted_until": 1782105314.1846292
  },
  "gsk_…JOK1": {
    "blacklisted_until": 1782105374.4189804
  },
  "gsk_…GQpc": {
    "blacklisted_until": 1782105374.491209
  },
  "gsk_…HF8S": {
    "blacklisted_until": 1782105374.5582194
  },
  "gsk_…PxXM": {
    "blacklisted_until": 1782105374.2804506
  },
  "gsk_…bdFd": {
    "blacklisted_until": 1782105374.348047
  }
}