{
  "gsk_…M2TI": {
    "blacklisted_until": 1782104000.4765933
  },
  "gsk_…HF8S": {
    "blacklisted_until": 1782104060.5548415
  },
  "gsk_…PxXM": {
    "blacklisted_until": 1782104060.6278884
  },
  "gsk_…bdFd": {
    "blacklisted_until": 1782104060.6928773
  },
  "gsk_…JOK1": {
    "blacklisted_until": 1782104060.7575378
  },
  "gsk_…GQpc": {
    "blacklisted_until": 1782104060.8210444
  }
}