{
  "gsk_…M2TI": {
    "blacklisted_until": 1781836882.4486303
  },
  "gsk_…PxXM": {
    "blacklisted_until": 1781836913.9855552
  },
  "gsk_…bdFd": {
    "blacklisted_until": 1781836914.3159041
  },
  "gsk_…JOK1": {
    "blacklisted_until": 1781836914.3788521
  },
  "gsk_…GQpc": {
    "blacklisted_until": 1781836914.4703999
  },
  "gsk_…HF8S": {
    "blacklisted_until": 1781836914.5635839
  }
}