{
  "gsk_…HF8S": {
    "blacklisted_until": 1780071276.4256325
  },
  "gsk_…PxXM": {
    "blacklisted_until": 1780071275.990164
  },
  "gsk_…bdFd": {
    "blacklisted_until": 1780071276.1170719
  },
  "gsk_…JOK1": {
    "blacklisted_until": 1780071276.1999118
  },
  "gsk_…GQpc": {
    "blacklisted_until": 1780071276.2647445
  },
  "gsk_…M2TI": {
    "blacklisted_until": 1780071276.340186
  }
}