{
  "gsk_…HF8S": {
    "blacklisted_until": 1782060084.9243546
  },
  "gsk_…PxXM": {
    "blacklisted_until": 1782060085.0174549
  },
  "gsk_…JOK1": {
    "blacklisted_until": 1782060084.6664934
  },
  "gsk_…bdFd": {
    "blacklisted_until": 1782060084.6046379
  },
  "gsk_…GQpc": {
    "blacklisted_until": 1782060084.743636
  },
  "gsk_…M2TI": {
    "blacklisted_until": 1782060084.8318937
  }
}