{
  "gsk_…PxXM": {
    "blacklisted_until": 1781485317.4934983
  },
  "gsk_…bdFd": {
    "blacklisted_until": 1781485317.6288874
  },
  "gsk_…GQpc": {
    "blacklisted_until": 1781485408.809368
  },
  "gsk_…M2TI": {
    "blacklisted_until": 1781485408.9508822
  },
  "gsk_…HF8S": {
    "blacklisted_until": 1781485409.1056707
  },
  "gsk_…JOK1": {
    "blacklisted_until": 1781485409.2446423
  }
}