{
  "gsk_…HF8S": {
    "blacklisted_until": 1781741095.5293758
  },
  "gsk_…PxXM": {
    "blacklisted_until": 1781741095.6479156
  },
  "gsk_…bdFd": {
    "blacklisted_until": 1781741095.1789963
  },
  "gsk_…JOK1": {
    "blacklisted_until": 1781741095.2728536
  },
  "gsk_…M2TI": {
    "blacklisted_until": 1781741001.3105397
  },
  "gsk_…GQpc": {
    "blacklisted_until": 1781741095.3943164
  }
}