{
  "gsk_…PxXM": {
    "blacklisted_until": 1781499266.9479601
  },
  "gsk_…bdFd": {
    "blacklisted_until": 1781499267.086691
  },
  "gsk_…M2TI": {
    "blacklisted_until": 1781499267.2210011
  },
  "gsk_…HF8S": {
    "blacklisted_until": 1781499327.3763273
  },
  "gsk_…JOK1": {
    "blacklisted_until": 1781499327.5239682
  },
  "gsk_…GQpc": {
    "blacklisted_until": 1781499327.6699817
  }
}