{
  "gsk_…GQpc": {
    "blacklisted_until": 1781978033.222142
  },
  "gsk_…M2TI": {
    "blacklisted_until": 1781978033.2916455
  },
  "gsk_…HF8S": {
    "blacklisted_until": 1781978184.046031
  },
  "gsk_…PxXM": {
    "blacklisted_until": 1781978184.1102824
  },
  "gsk_…bdFd": {
    "blacklisted_until": 1781978184.1753833
  },
  "gsk_…JOK1": {
    "blacklisted_until": 1781978184.251864
  }
}