{
  "gsk_…GQpc": {
    "blacklisted_until": 1781198775.415808
  },
  "gsk_…HF8S": {
    "blacklisted_until": 1781198835.5530648
  },
  "gsk_…PxXM": {
    "blacklisted_until": 1781198895.7728243
  },
  "gsk_…bdFd": {
    "blacklisted_until": 1781198895.9243176
  },
  "gsk_…JOK1": {
    "blacklisted_until": 1781198956.0745099
  },
  "gsk_…M2TI": {
    "blacklisted_until": 1781198956.2302158
  }
}