{
  "gsk_…PxXM": {
    "blacklisted_until": 1782335896.6490197
  },
  "gsk_…bdFd": {
    "blacklisted_until": 1782335896.7213824
  },
  "gsk_…GQpc": {
    "blacklisted_until": 1782335928.2879882
  },
  "gsk_…M2TI": {
    "blacklisted_until": 1782335928.3712401
  },
  "gsk_…HF8S": {
    "blacklisted_until": 1782335928.434871
  },
  "gsk_…JOK1": {
    "blacklisted_until": 1782335928.502708
  }
}