{
  "gsk_…PxXM": {
    "blacklisted_until": 1780988228.134759
  },
  "gsk_…bdFd": {
    "blacklisted_until": 1780988228.2373388
  },
  "gsk_…HF8S": {
    "blacklisted_until": 1780988228.305901
  },
  "gsk_…GQpc": {
    "blacklisted_until": 1780988377.3282971
  },
  "gsk_…JOK1": {
    "blacklisted_until": 1780988377.4020677
  },
  "gsk_…M2TI": {
    "blacklisted_until": 1780988437.4786165
  }
}