{
  "gsk_…M2TI": {
    "blacklisted_until": 1780020547.7531471
  },
  "gsk_…HF8S": {
    "blacklisted_until": 1780020547.8211834
  },
  "gsk_…PxXM": {
    "blacklisted_until": 1780020547.93586
  },
  "gsk_…bdFd": {
    "blacklisted_until": 1780020548.0905302
  },
  "gsk_…JOK1": {
    "blacklisted_until": 1780020548.1619532
  },
  "gsk_…GQpc": {
    "blacklisted_until": 1780020548.2305455
  }
}