{
  "gsk_…JOK1": {
    "blacklisted_until": 1781361798.3637435
  },
  "gsk_…HF8S": {
    "blacklisted_until": 1781361798.4376876
  },
  "gsk_…M2TI": {
    "blacklisted_until": 1781361707.3189468
  },
  "gsk_…PxXM": {
    "blacklisted_until": 1781361798.516015
  },
  "gsk_…bdFd": {
    "blacklisted_until": 1781361858.605142
  },
  "gsk_…GQpc": {
    "blacklisted_until": 1781361918.6930554
  }
}