{
  "gsk_…PxXM": {
    "blacklisted_until": 1780876108.911488
  },
  "gsk_…bdFd": {
    "blacklisted_until": 1780876109.017148
  },
  "gsk_…GQpc": {
    "blacklisted_until": 1780876110.74168
  },
  "gsk_…M2TI": {
    "blacklisted_until": 1780876110.8815567
  },
  "gsk_…JOK1": {
    "blacklisted_until": 1780876110.981558
  },
  "gsk_…HF8S": {
    "blacklisted_until": 1780876173.2874086
  }
}