{
  "gsk_…PxXM": {
    "blacklisted_until": 1781063199.65682
  },
  "gsk_…bdFd": {
    "blacklisted_until": 1781063199.7276313
  },
  "gsk_…HF8S": {
    "blacklisted_until": 1781063199.797811
  },
  "gsk_…GQpc": {
    "blacklisted_until": 1781063290.8065555
  },
  "gsk_…M2TI": {
    "blacklisted_until": 1781063290.884687
  },
  "gsk_…JOK1": {
    "blacklisted_until": 1781063291.045184
  }
}