{
  "gsk_…GQpc": {
    "blacklisted_until": 1780062868.3674026
  },
  "gsk_…M2TI": {
    "blacklisted_until": 1780062868.454512
  },
  "gsk_…PxXM": {
    "blacklisted_until": 1780062870.3106256
  },
  "gsk_…JOK1": {
    "blacklisted_until": 1780062870.3971882
  },
  "gsk_…HF8S": {
    "blacklisted_until": 1780062870.463361
  },
  "gsk_…bdFd": {
    "blacklisted_until": 1780062992.634593
  }
}