{
  "gsk_…HF8S": {
    "blacklisted_until": 1780447448.8422782
  },
  "gsk_…PxXM": {
    "blacklisted_until": 1780447448.908522
  },
  "gsk_…bdFd": {
    "blacklisted_until": 1780447448.9770238
  },
  "gsk_…JOK1": {
    "blacklisted_until": 1780447449.0455053
  }
}