{
  "gsk_…HF8S": {
    "blacklisted_until": 1781650011.7203934
  },
  "gsk_…JOK1": {
    "blacklisted_until": 1781650011.815037
  }
}