{
  "gsk_…JOK1": {
    "blacklisted_until": 1782308308.628682
  },
  "gsk_…GQpc": {
    "blacklisted_until": 1782308459.4142318
  },
  "gsk_…M2TI": {
    "blacklisted_until": 1782308459.4985757
  },
  "gsk_…HF8S": {
    "blacklisted_until": 1782308459.5818105
  }
}