{
  "gsk_…GQpc": {
    "blacklisted_until": 1781205994.949213
  },
  "gsk_…M2TI": {
    "blacklisted_until": 1781205995.098621
  },
  "gsk_…HF8S": {
    "blacklisted_until": 1781206207.2191389
  },
  "gsk_…PxXM": {
    "blacklisted_until": 1781206207.3685818
  },
  "gsk_…bdFd": {
    "blacklisted_until": 1781206207.5290506
  }
}