{
  "gsk_…M2TI": {
    "blacklisted_until": 1780730193.389947
  },
  "gsk_…bdFd": {
    "blacklisted_until": 1780730255.3500538
  },
  "gsk_…PxXM": {
    "blacklisted_until": 1780730255.4883049
  },
  "gsk_…GQpc": {
    "blacklisted_until": 1780730317.9551544
  },
  "gsk_…HF8S": {
    "blacklisted_until": 1780730318.0939386
  },
  "gsk_…JOK1": {
    "blacklisted_until": 1780730318.2364235
  }
}