{
  "gsk_…M2TI": {
    "blacklisted_until": 1780696889.5252805
  },
  "gsk_…PxXM": {
    "blacklisted_until": 1780696980.828747
  },
  "gsk_…bdFd": {
    "blacklisted_until": 1780696980.9717433
  },
  "gsk_…JOK1": {
    "blacklisted_until": 1780696981.1139274
  },
  "gsk_…GQpc": {
    "blacklisted_until": 1780696981.249388
  },
  "gsk_…HF8S": {
    "blacklisted_until": 1780696981.3976274
  }
}