{
  "gsk_…GQpc": {
    "blacklisted_until": 1780993931.0747685
  },
  "gsk_…M2TI": {
    "blacklisted_until": 1780993931.1467667
  },
  "gsk_…JOK1": {
    "blacklisted_until": 1780993931.2115388
  },
  "gsk_…HF8S": {
    "blacklisted_until": 1780994081.6911108
  },
  "gsk_…PxXM": {
    "blacklisted_until": 1780994141.761762
  },
  "gsk_…bdFd": {
    "blacklisted_until": 1780994141.827691
  }
}