{
  "gsk_…PxXM": {
    "blacklisted_until": 1780539630.9029522
  },
  "gsk_…bdFd": {
    "blacklisted_until": 1780539630.7698224
  }
}