{
  "gsk_…GQpc": {
    "blacklisted_until": 1781072551.710699
  },
  "gsk_…PxXM": {
    "blacklisted_until": 1781072613.6702728
  },
  "gsk_…bdFd": {
    "blacklisted_until": 1781072613.7403488
  },
  "gsk_…JOK1": {
    "blacklisted_until": 1781072613.8126075
  },
  "gsk_…M2TI": {
    "blacklisted_until": 1781072613.884979
  },
  "gsk_…HF8S": {
    "blacklisted_until": 1781072613.9755783
  }
}