{
  "gsk_…M2TI": {
    "blacklisted_until": 1781612954.048984
  },
  "gsk_…HF8S": {
    "blacklisted_until": 1781613014.118076
  },
  "gsk_…PxXM": {
    "blacklisted_until": 1781613074.1961088
  },
  "gsk_…bdFd": {
    "blacklisted_until": 1781613074.2628238
  },
  "gsk_…JOK1": {
    "blacklisted_until": 1781613074.3238654
  },
  "gsk_…GQpc": {
    "blacklisted_until": 1781613074.3948014
  }
}