{
  "gsk_…PxXM": {
    "blacklisted_until": 1780657929.3487642
  },
  "gsk_…bdFd": {
    "blacklisted_until": 1780657929.4251866
  },
  "gsk_…HF8S": {
    "blacklisted_until": 1780657929.5291717
  },
  "gsk_…JOK1": {
    "blacklisted_until": 1780658083.4668837
  },
  "gsk_…GQpc": {
    "blacklisted_until": 1780658143.591715
  },
  "gsk_…M2TI": {
    "blacklisted_until": 1780658143.6897297
  }
}