{
  "gsk_…M2TI": {
    "blacklisted_until": 1780331659.18421
  },
  "gsk_…PxXM": {
    "blacklisted_until": 1780331433.8342526
  },
  "gsk_…bdFd": {
    "blacklisted_until": 1780331433.9053507
  },
  "gsk_…GQpc": {
    "blacklisted_until": 1780331477.9204397
  },
  "gsk_…HF8S": {
    "blacklisted_until": 1780331477.9856067
  },
  "gsk_…JOK1": {
    "blacklisted_until": 1780331478.0542305
  }
}