{
  "gsk_…PxXM": {
    "blacklisted_until": 1781115936.293618
  },
  "gsk_…bdFd": {
    "blacklisted_until": 1781115936.3573246
  },
  "gsk_…HF8S": {
    "blacklisted_until": 1781115936.4203968
  }
}