{
  "gsk_…PxXM": {
    "blacklisted_until": 1781748516.238191
  },
  "gsk_…bdFd": {
    "blacklisted_until": 1781748516.366336
  },
  "gsk_…JOK1": {
    "blacklisted_until": 1781748576.4910984
  },
  "gsk_…GQpc": {
    "blacklisted_until": 1781748576.6448348
  },
  "gsk_…M2TI": {
    "blacklisted_until": 1781748576.787758
  },
  "gsk_…HF8S": {
    "blacklisted_until": 1781748654.658368
  }
}