{
  "gsk_…PxXM": {
    "blacklisted_until": 1780441921.1531794
  },
  "gsk_…JOK1": {
    "blacklisted_until": 1780441921.2217617
  },
  "gsk_…GQpc": {
    "blacklisted_until": 1780441921.2880113
  },
  "gsk_…HF8S": {
    "blacklisted_until": 1780441921.355637
  },
  "gsk_…bdFd": {
    "blacklisted_until": 1780441981.426735
  },
  "gsk_…M2TI": {
    "blacklisted_until": 1780442131.8863373
  }
}