{
  "gsk_…JOK1": {
    "blacklisted_until": 1780415109.0891852
  },
  "gsk_…GQpc": {
    "blacklisted_until": 1780415109.194145
  },
  "gsk_…M2TI": {
    "blacklisted_until": 1780415109.273871
  }
}