{
  "gsk_…bdFd": {
    "blacklisted_until": 1780694349.812027
  },
  "gsk_…GQpc": {
    "blacklisted_until": 1780694350.0922313
  },
  "gsk_…JOK1": {
    "blacklisted_until": 1780694349.951704
  },
  "gsk_…M2TI": {
    "blacklisted_until": 1780694286.895551
  },
  "gsk_…HF8S": {
    "blacklisted_until": 1780694350.2506742
  },
  "gsk_…PxXM": {
    "blacklisted_until": 1780694350.391997
  }
}