{
  "gsk_…M2TI": {
    "blacklisted_until": 1780696218.791184
  },
  "gsk_…bdFd": {
    "blacklisted_until": 1780696341.4538116
  },
  "gsk_…JOK1": {
    "blacklisted_until": 1780696341.5927558
  },
  "gsk_…GQpc": {
    "blacklisted_until": 1780696341.7290187
  },
  "gsk_…HF8S": {
    "blacklisted_until": 1780696341.8647346
  },
  "gsk_…PxXM": {
    "blacklisted_until": 1780696342.0170739
  }
}