{
  "gsk_…bdFd": {
    "blacklisted_until": 1781188644.2359202
  },
  "gsk_…GQpc": {
    "blacklisted_until": 1781188675.7234657
  },
  "gsk_…M2TI": {
    "blacklisted_until": 1781188675.8831165
  },
  "gsk_…HF8S": {
    "blacklisted_until": 1781188676.0320745
  },
  "gsk_…PxXM": {
    "blacklisted_until": 1781188676.1616707
  },
  "gsk_…JOK1": {
    "blacklisted_until": 1781188676.3118267
  }
}