{
  "gsk_…GQpc": {
    "blacklisted_until": 1780281168.9432893
  },
  "gsk_…M2TI": {
    "blacklisted_until": 1780281107.0881317
  },
  "gsk_…HF8S": {
    "blacklisted_until": 1780281169.011407
  },
  "gsk_…PxXM": {
    "blacklisted_until": 1780281168.737734
  },
  "gsk_…bdFd": {
    "blacklisted_until": 1780281168.8018694
  },
  "gsk_…JOK1": {
    "blacklisted_until": 1780281168.8721628
  }
}