{
  "gsk_…PxXM": {
    "blacklisted_until": 1782306609.973895
  },
  "gsk_…bdFd": {
    "blacklisted_until": 1782306610.0775592
  },
  "gsk_…GQpc": {
    "blacklisted_until": 1782306457.1037736
  },
  "gsk_…M2TI": {
    "blacklisted_until": 1782306457.1828544
  },
  "gsk_…HF8S": {
    "blacklisted_until": 1782306517.2652612
  },
  "gsk_…JOK1": {
    "blacklisted_until": 1782306610.1653824
  }
}