{
  "gsk_…PxXM": {
    "blacklisted_until": 1780874221.0068452
  },
  "gsk_…bdFd": {
    "blacklisted_until": 1780874221.1098094
  }
}