{
  "gsk_…GQpc": {
    "blacklisted_until": 1780410522.3669484
  },
  "gsk_…M2TI": {
    "blacklisted_until": 1780410522.543397
  },
  "gsk_…JOK1": {
    "blacklisted_until": 1780410522.6199243
  },
  "gsk_…HF8S": {
    "blacklisted_until": 1780410340.1845434
  },
  "gsk_…PxXM": {
    "blacklisted_until": 1780410340.2766457
  },
  "gsk_…bdFd": {
    "blacklisted_until": 1780410400.3866928
  }
}