{
  "gsk_…PxXM": {
    "blacklisted_until": 1782140943.0718312
  },
  "gsk_…bdFd": {
    "blacklisted_until": 1782140943.1568627
  },
  "gsk_…JOK1": {
    "blacklisted_until": 1782140943.2296228
  },
  "gsk_…HF8S": {
    "blacklisted_until": 1782140943.2971432
  }
}