{
  "gsk_…M2TI": {
    "blacklisted_until": 1781667126.1258402
  },
  "gsk_…GQpc": {
    "blacklisted_until": 1781666920.046148
  },
  "gsk_…JOK1": {
    "blacklisted_until": 1781666980.1035862
  }
}