{
  "gsk_…PxXM": {
    "blacklisted_until": 1781535225.3195853
  },
  "gsk_…HF8S": {
    "blacklisted_until": 1781535225.3906543
  },
  "gsk_…M2TI": {
    "blacklisted_until": 1781535193.9137928
  },
  "gsk_…GQpc": {
    "blacklisted_until": 1781535193.8569415
  },
  "gsk_…JOK1": {
    "blacklisted_until": 1781535285.457695
  },
  "gsk_…bdFd": {
    "blacklisted_until": 1781535345.624886
  }
}