{
  "gsk_…M2TI": {
    "blacklisted_until": 1781448774.165919
  },
  "gsk_…HF8S": {
    "blacklisted_until": 1781448774.2490914
  },
  "gsk_…PxXM": {
    "blacklisted_until": 1781448774.3811076
  },
  "gsk_…bdFd": {
    "blacklisted_until": 1781448834.467783
  },
  "gsk_…JOK1": {
    "blacklisted_until": 1781448834.546266
  },
  "gsk_…GQpc": {
    "blacklisted_until": 1781448834.625515
  }
}