{
  "gsk_…GQpc": {
    "blacklisted_until": 1780185269.0627818
  },
  "gsk_…PxXM": {
    "blacklisted_until": 1780185268.8234525
  },
  "gsk_…bdFd": {
    "blacklisted_until": 1780185268.9006395
  },
  "gsk_…HF8S": {
    "blacklisted_until": 1780185269.2165968
  },
  "gsk_…JOK1": {
    "blacklisted_until": 1780185268.9828777
  },
  "gsk_…M2TI": {
    "blacklisted_until": 1780185269.1396587
  }
}