{
  "gsk_…JOK1": {
    "blacklisted_until": 1781398537.864072
  },
  "gsk_…GQpc": {
    "blacklisted_until": 1781398537.9305003
  },
  "gsk_…HF8S": {
    "blacklisted_until": 1781398538.0013087
  },
  "gsk_…M2TI": {
    "blacklisted_until": 1781398752.744488
  }
}