{
  "gsk_…GQpc": {
    "blacklisted_until": 1781123575.3758361
  },
  "gsk_…HF8S": {
    "blacklisted_until": 1781123484.4684355
  },
  "gsk_…PxXM": {
    "blacklisted_until": 1781123484.5380151
  },
  "gsk_…bdFd": {
    "blacklisted_until": 1781123484.603721
  },
  "gsk_…JOK1": {
    "blacklisted_until": 1781123484.668124
  },
  "gsk_…M2TI": {
    "blacklisted_until": 1781123484.745227
  }
}