{
  "gsk_…M2TI": {
    "blacklisted_until": 1781073219.472544
  },
  "gsk_…GQpc": {
    "blacklisted_until": 1781073219.5470498
  },
  "gsk_…HF8S": {
    "blacklisted_until": 1781073279.6157374
  },
  "gsk_…PxXM": {
    "blacklisted_until": 1781073279.6901944
  },
  "gsk_…bdFd": {
    "blacklisted_until": 1781073279.7590795
  },
  "gsk_…JOK1": {
    "blacklisted_until": 1781073279.8492947
  }
}