{
  "gsk_…PxXM": {
    "blacklisted_until": 1782270019.682067
  },
  "gsk_…bdFd": {
    "blacklisted_until": 1782270019.270221
  },
  "gsk_…GQpc": {
    "blacklisted_until": 1782270019.433201
  },
  "gsk_…M2TI": {
    "blacklisted_until": 1782270019.5171962
  },
  "gsk_…HF8S": {
    "blacklisted_until": 1782270019.595216
  },
  "gsk_…JOK1": {
    "blacklisted_until": 1782270019.3531272
  }
}