{
  "gsk_…JOK1": {
    "blacklisted_until": 1781202406.5541704
  },
  "gsk_…GQpc": {
    "blacklisted_until": 1781202466.7068615
  },
  "gsk_…M2TI": {
    "blacklisted_until": 1781202466.856979
  },
  "gsk_…HF8S": {
    "blacklisted_until": 1781202527.0132482
  },
  "gsk_…PxXM": {
    "blacklisted_until": 1781202527.1714547
  },
  "gsk_…bdFd": {
    "blacklisted_until": 1781202527.308543
  }
}