{
  "gsk_…bdFd": {
    "blacklisted_until": 1781919914.8587966
  },
  "gsk_…GQpc": {
    "blacklisted_until": 1781919914.5323598
  },
  "gsk_…M2TI": {
    "blacklisted_until": 1781919914.6084712
  },
  "gsk_…HF8S": {
    "blacklisted_until": 1781919914.6855836
  },
  "gsk_…PxXM": {
    "blacklisted_until": 1781919914.7690809
  },
  "gsk_…JOK1": {
    "blacklisted_until": 1781919914.4536996
  }
}