{
  "gsk_…M2TI": {
    "blacklisted_until": 1781688203.882816
  },
  "gsk_…GQpc": {
    "blacklisted_until": 1781688203.7834778
  },
  "gsk_…JOK1": {
    "blacklisted_until": 1781688204.0972238
  },
  "gsk_…PxXM": {
    "blacklisted_until": 1781688172.1860871
  },
  "gsk_…bdFd": {
    "blacklisted_until": 1781688172.2876506
  },
  "gsk_…HF8S": {
    "blacklisted_until": 1781688203.984344
  }
}