{
  "gsk_…JOK1": {
    "blacklisted_until": 1781966914.5034983
  },
  "gsk_…GQpc": {
    "blacklisted_until": 1781966914.5774288
  },
  "gsk_…M2TI": {
    "blacklisted_until": 1781966914.6454642
  },
  "gsk_…HF8S": {
    "blacklisted_until": 1781966914.7082322
  },
  "gsk_…PxXM": {
    "blacklisted_until": 1781966914.7759411
  }
}