{
  "gsk_…PxXM": {
    "blacklisted_until": 1779863203.104373
  },
  "gsk_…bdFd": {
    "blacklisted_until": 1779863203.1689003
  },
  "gsk_…GQpc": {
    "blacklisted_until": 1779863234.9503944
  },
  "gsk_…JOK1": {
    "blacklisted_until": 1779863342.767787
  },
  "gsk_…M2TI": {
    "blacklisted_until": 1779863342.8325582
  },
  "gsk_…HF8S": {
    "blacklisted_until": 1779863342.8953838
  }
}