{
  "gsk_…M2TI": {
    "blacklisted_until": 1781737928.456466
  },
  "gsk_…GQpc": {
    "blacklisted_until": 1781737928.3313866
  },
  "gsk_…PxXM": {
    "blacklisted_until": 1781738019.344579
  },
  "gsk_…bdFd": {
    "blacklisted_until": 1781738019.4780593
  },
  "gsk_…JOK1": {
    "blacklisted_until": 1781738079.6131823
  },
  "gsk_…HF8S": {
    "blacklisted_until": 1781738079.7238762
  }
}