{
  "gsk_…bdFd": {
    "blacklisted_until": 1782211032.6673179
  },
  "gsk_…PxXM": {
    "blacklisted_until": 1782211032.7523243
  },
  "gsk_…JOK1": {
    "blacklisted_until": 1782211092.828752
  },
  "gsk_…GQpc": {
    "blacklisted_until": 1782211092.9065251
  },
  "gsk_…M2TI": {
    "blacklisted_until": 1782211092.988449
  },
  "gsk_…HF8S": {
    "blacklisted_until": 1782211093.066533
  }
}