{
  "gsk_…PxXM": {
    "blacklisted_until": 1782341210.449957
  },
  "gsk_…bdFd": {
    "blacklisted_until": 1782341210.5212643
  },
  "gsk_…JOK1": {
    "blacklisted_until": 1782341118.8800042
  },
  "gsk_…HF8S": {
    "blacklisted_until": 1782341422.3615148
  },
  "gsk_…GQpc": {
    "blacklisted_until": 1782341331.604133
  },
  "gsk_…M2TI": {
    "blacklisted_until": 1782341331.6784341
  }
}