{
  "gsk_…GQpc": {
    "blacklisted_until": 1781145970.4734058
  },
  "gsk_…M2TI": {
    "blacklisted_until": 1781145970.6415138
  },
  "gsk_…JOK1": {
    "blacklisted_until": 1781145970.997998
  },
  "gsk_…PxXM": {
    "blacklisted_until": 1781145939.0037694
  },
  "gsk_…bdFd": {
    "blacklisted_until": 1781145939.1434076
  },
  "gsk_…HF8S": {
    "blacklisted_until": 1781145970.8037176
  }
}