{
  "gsk_…bdFd": {
    "blacklisted_until": 1780732990.4181678
  },
  "gsk_…GQpc": {
    "blacklisted_until": 1780733071.8575394
  },
  "gsk_…M2TI": {
    "blacklisted_until": 1780733072.0011067
  },
  "gsk_…HF8S": {
    "blacklisted_until": 1780733072.1382666
  },
  "gsk_…PxXM": {
    "blacklisted_until": 1780733072.2710552
  },
  "gsk_…JOK1": {
    "blacklisted_until": 1780733072.4093513
  }
}