{
  "gsk_…M2TI": {
    "blacklisted_until": 1782089152.7070518
  },
  "gsk_…HF8S": {
    "blacklisted_until": 1782089152.776
  },
  "gsk_…PxXM": {
    "blacklisted_until": 1782089152.8410118
  },
  "gsk_…bdFd": {
    "blacklisted_until": 1782089152.9104376
  },
  "gsk_…JOK1": {
    "blacklisted_until": 1782089152.9792776
  },
  "gsk_…GQpc": {
    "blacklisted_until": 1782089153.055788
  }
}