{
  "gsk_…JOK1": {
    "blacklisted_until": 1780273444.4856725
  },
  "gsk_…GQpc": {
    "blacklisted_until": 1780273444.553579
  },
  "gsk_…M2TI": {
    "blacklisted_until": 1780273444.6192756
  },
  "gsk_…HF8S": {
    "blacklisted_until": 1780273444.6849172
  },
  "gsk_…PxXM": {
    "blacklisted_until": 1780273444.7581463
  }
}