{
  "gsk_…M2TI": {
    "blacklisted_until": 1781231490.8524632
  },
  "gsk_…PxXM": {
    "blacklisted_until": 1781231490.5504856
  },
  "gsk_…bdFd": {
    "blacklisted_until": 1781231490.6331491
  },
  "gsk_…JOK1": {
    "blacklisted_until": 1781231490.7321725
  },
  "gsk_…GQpc": {
    "blacklisted_until": 1781231490.791619
  },
  "gsk_…HF8S": {
    "blacklisted_until": 1781231490.932526
  }
}