{
  "gsk_…GQpc": {
    "blacklisted_until": 1779647435.547063
  },
  "gsk_…M2TI": {
    "blacklisted_until": 1779647681.1262627
  },
  "gsk_…HF8S": {
    "blacklisted_until": 1779647681.1910021
  },
  "gsk_…PxXM": {
    "blacklisted_until": 1779647681.2544618
  },
  "gsk_…bdFd": {
    "blacklisted_until": 1779647681.3224056
  },
  "gsk_…JOK1": {
    "blacklisted_until": 1779647681.3905072
  }
}