{
  "gsk_…PxXM": {
    "blacklisted_until": 1781854303.371246
  },
  "gsk_…HF8S": {
    "blacklisted_until": 1781854303.2951283
  },
  "gsk_…bdFd": {
    "blacklisted_until": 1781854211.2072074
  },
  "gsk_…GQpc": {
    "blacklisted_until": 1781854303.1234696
  },
  "gsk_…M2TI": {
    "blacklisted_until": 1781854303.208292
  },
  "gsk_…JOK1": {
    "blacklisted_until": 1781854303.462315
  }
}