{
  "gsk_…PxXM": {
    "blacklisted_until": 1782019496.0419152
  },
  "gsk_…bdFd": {
    "blacklisted_until": 1782019496.113842
  },
  "gsk_…HF8S": {
    "blacklisted_until": 1782019496.1808107
  },
  "gsk_…JOK1": {
    "blacklisted_until": 1782019556.2553275
  },
  "gsk_…GQpc": {
    "blacklisted_until": 1782019616.3332818
  },
  "gsk_…M2TI": {
    "blacklisted_until": 1782019616.4066815
  }
}