{
  "gsk_…JOK1": {
    "blacklisted_until": 1780623913.553736
  },
  "gsk_…HF8S": {
    "blacklisted_until": 1780623913.2109537
  },
  "gsk_…PxXM": {
    "blacklisted_until": 1780623913.317864
  },
  "gsk_…GQpc": {
    "blacklisted_until": 1780623913.0072482
  },
  "gsk_…M2TI": {
    "blacklisted_until": 1780623913.10954
  },
  "gsk_…bdFd": {
    "blacklisted_until": 1780623913.4332108
  }
}