{
  "gsk_…bdFd": {
    "blacklisted_until": 1781925217.5804183
  },
  "gsk_…GQpc": {
    "blacklisted_until": 1781925308.8462265
  },
  "gsk_…M2TI": {
    "blacklisted_until": 1781925308.924341
  },
  "gsk_…HF8S": {
    "blacklisted_until": 1781925309.0075202
  },
  "gsk_…PxXM": {
    "blacklisted_until": 1781925309.081942
  },
  "gsk_…JOK1": {
    "blacklisted_until": 1781925309.159717
  }
}