{
  "gsk_…JOK1": {
    "blacklisted_until": 1781579642.416885
  },
  "gsk_…GQpc": {
    "blacklisted_until": 1781579702.4922435
  },
  "gsk_…M2TI": {
    "blacklisted_until": 1781579702.5637593
  }
}