{
  "gsk_…GQpc": {
    "blacklisted_until": 1781149390.4719334
  },
  "gsk_…M2TI": {
    "blacklisted_until": 1781149390.6570745
  },
  "gsk_…HF8S": {
    "blacklisted_until": 1781149390.809886
  },
  "gsk_…JOK1": {
    "blacklisted_until": 1781149390.3211477
  },
  "gsk_…bdFd": {
    "blacklisted_until": 1781149299.3595119
  },
  "gsk_…PxXM": {
    "blacklisted_until": 1781149299.501192
  }
}