{
  "gsk_…PxXM": {
    "blacklisted_until": 1781568499.379321
  },
  "gsk_…bdFd": {
    "blacklisted_until": 1781568499.4484608
  },
  "gsk_…HF8S": {
    "blacklisted_until": 1781568499.5215917
  }
}