{
  "gsk_…bdFd": {
    "blacklisted_until": 1780035935.0543947
  },
  "gsk_…HF8S": {
    "blacklisted_until": 1780035935.115727
  },
  "gsk_…PxXM": {
    "blacklisted_until": 1780035935.1804547
  },
  "gsk_…JOK1": {
    "blacklisted_until": 1780035995.2503486
  },
  "gsk_…GQpc": {
    "blacklisted_until": 1780036145.9265902
  },
  "gsk_…M2TI": {
    "blacklisted_until": 1780036145.9933927
  }
}