{
  "gsk_…bdFd": {
    "blacklisted_until": 1781415150.0276241
  },
  "gsk_…PxXM": {
    "blacklisted_until": 1781415150.091095
  },
  "gsk_…JOK1": {
    "blacklisted_until": 1781415210.1656008
  },
  "gsk_…GQpc": {
    "blacklisted_until": 1781415210.2309856
  },
  "gsk_…HF8S": {
    "blacklisted_until": 1781415210.295591
  },
  "gsk_…M2TI": {
    "blacklisted_until": 1781415270.369844
  }
}