{
  "gsk_…M2TI": {
    "blacklisted_until": 1782342037.8924139
  },
  "gsk_…GQpc": {
    "blacklisted_until": 1782342037.9558418
  },
  "gsk_…HF8S": {
    "blacklisted_until": 1782342098.021143
  },
  "gsk_…JOK1": {
    "blacklisted_until": 1782342158.086657
  }
}