{
  "gsk_…PxXM": {
    "blacklisted_until": 1781772537.0627375
  },
  "gsk_…bdFd": {
    "blacklisted_until": 1781772535.143565
  },
  "gsk_…JOK1": {
    "blacklisted_until": 1781772537.129832
  },
  "gsk_…GQpc": {
    "blacklisted_until": 1781772536.846053
  },
  "gsk_…M2TI": {
    "blacklisted_until": 1781772536.9254138
  },
  "gsk_…HF8S": {
    "blacklisted_until": 1781772536.9961538
  }
}