{
  "gsk_…JOK1": {
    "blacklisted_until": 1780493128.9382386
  },
  "gsk_…GQpc": {
    "blacklisted_until": 1780493129.073416
  },
  "gsk_…HF8S": {
    "blacklisted_until": 1780493129.2288742
  },
  "gsk_…M2TI": {
    "blacklisted_until": 1780493339.550397
  }
}