{
  "gsk_…bdFd": {
    "blacklisted_until": 1779986288.162998
  },
  "gsk_…PxXM": {
    "blacklisted_until": 1779986288.0760067
  },
  "gsk_…GQpc": {
    "blacklisted_until": 1779986379.3972037
  },
  "gsk_…M2TI": {
    "blacklisted_until": 1779986379.4948528
  },
  "gsk_…JOK1": {
    "blacklisted_until": 1779986379.565437
  },
  "gsk_…HF8S": {
    "blacklisted_until": 1779986439.6571376
  }
}