{
  "gsk_…M2TI": {
    "blacklisted_until": 1780700782.0677664
  },
  "gsk_…bdFd": {
    "blacklisted_until": 1780700995.5174906
  },
  "gsk_…PxXM": {
    "blacklisted_until": 1780700995.6625733
  }
}