{
  "gsk_…bdFd": {
    "blacklisted_until": 1781324021.7384229
  },
  "gsk_…PxXM": {
    "blacklisted_until": 1781324021.8064733
  }
}