{
  "gsk_…JOK1": {
    "blacklisted_until": 1781450610.8497505
  },
  "gsk_…GQpc": {
    "blacklisted_until": 1781450579.4451892
  },
  "gsk_…M2TI": {
    "blacklisted_until": 1781450610.9417782
  },
  "gsk_…HF8S": {
    "blacklisted_until": 1781450610.602532
  },
  "gsk_…PxXM": {
    "blacklisted_until": 1781450610.6883922
  },
  "gsk_…bdFd": {
    "blacklisted_until": 1781450610.7729557
  }
}