{
  "gsk_…M2TI": {
    "blacklisted_until": 1781076207.2063918
  },
  "gsk_…PxXM": {
    "blacklisted_until": 1781076298.2803621
  },
  "gsk_…bdFd": {
    "blacklisted_until": 1781076298.413185
  },
  "gsk_…JOK1": {
    "blacklisted_until": 1781076298.4820921
  },
  "gsk_…GQpc": {
    "blacklisted_until": 1781076298.5486417
  },
  "gsk_…HF8S": {
    "blacklisted_until": 1781076298.6168787
  }
}