{
  "gsk_…HF8S": {
    "blacklisted_until": 1780397641.7367883
  },
  "gsk_…PxXM": {
    "blacklisted_until": 1780397641.8088555
  },
  "gsk_…bdFd": {
    "blacklisted_until": 1780397852.2330122
  }
}