{
  "gsk_…bdFd": {
    "blacklisted_until": 1782178138.79319
  },
  "gsk_…GQpc": {
    "blacklisted_until": 1782177925.0594602
  },
  "gsk_…M2TI": {
    "blacklisted_until": 1782177925.1247377
  },
  "gsk_…PxXM": {
    "blacklisted_until": 1782177957.29454
  },
  "gsk_…JOK1": {
    "blacklisted_until": 1782177957.3701582
  },
  "gsk_…HF8S": {
    "blacklisted_until": 1782177957.4475055
  }
}