{
  "gsk_…GQpc": {
    "blacklisted_until": 1780652089.024293
  },
  "gsk_…M2TI": {
    "blacklisted_until": 1780652089.1204667
  },
  "gsk_…HF8S": {
    "blacklisted_until": 1780652089.191901
  },
  "gsk_…PxXM": {
    "blacklisted_until": 1780652089.306304
  },
  "gsk_…JOK1": {
    "blacklisted_until": 1780652089.4500265
  },
  "gsk_…bdFd": {
    "blacklisted_until": 1780652271.5679579
  }
}