{
  "gsk_…GQpc": {
    "blacklisted_until": 1781232946.8297172
  },
  "gsk_…M2TI": {
    "blacklisted_until": 1781232946.9293978
  },
  "gsk_…PxXM": {
    "blacklisted_until": 1781233009.0710287
  },
  "gsk_…bdFd": {
    "blacklisted_until": 1781233009.1555493
  },
  "gsk_…JOK1": {
    "blacklisted_until": 1781233009.24495
  },
  "gsk_…HF8S": {
    "blacklisted_until": 1781233009.3464327
  }
}