{
  "gsk_…JOK1": {
    "blacklisted_until": 1782262129.3521025
  },
  "gsk_…GQpc": {
    "blacklisted_until": 1782262129.439864
  },
  "gsk_…M2TI": {
    "blacklisted_until": 1782262250.9507911
  },
  "gsk_…PxXM": {
    "blacklisted_until": 1782262282.3262062
  },
  "gsk_…bdFd": {
    "blacklisted_until": 1782262282.4055355
  },
  "gsk_…HF8S": {
    "blacklisted_until": 1782262282.487537
  }
}