{
  "gsk_…M2TI": {
    "blacklisted_until": 1781277881.546278
  },
  "gsk_…PxXM": {
    "blacklisted_until": 1781277941.655135
  },
  "gsk_…bdFd": {
    "blacklisted_until": 1781277941.7269773
  },
  "gsk_…GQpc": {
    "blacklisted_until": 1781278001.8076925
  },
  "gsk_…HF8S": {
    "blacklisted_until": 1781278126.8643947
  }
}