{
  "gsk_…HF8S": {
    "blacklisted_until": 1780452739.4510972
  },
  "gsk_…PxXM": {
    "blacklisted_until": 1780452739.5180387
  },
  "gsk_…bdFd": {
    "blacklisted_until": 1780452739.5852637
  },
  "gsk_…JOK1": {
    "blacklisted_until": 1780452739.6672075
  },
  "gsk_…GQpc": {
    "blacklisted_until": 1780452739.7327447
  },
  "gsk_…M2TI": {
    "blacklisted_until": 1780452921.8090532
  }
}