{
  "gsk_…bdFd": {
    "blacklisted_until": 1780835061.1862292
  },
  "gsk_…GQpc": {
    "blacklisted_until": 1780834983.0980482
  },
  "gsk_…M2TI": {
    "blacklisted_until": 1780834831.9267464
  },
  "gsk_…HF8S": {
    "blacklisted_until": 1780834892.0285258
  },
  "gsk_…PxXM": {
    "blacklisted_until": 1780834892.1096482
  },
  "gsk_…JOK1": {
    "blacklisted_until": 1780834892.188334
  }
}