{
  "gsk_…bdFd": {
    "blacklisted_until": 1781291636.5596893
  },
  "gsk_…GQpc": {
    "blacklisted_until": 1781291748.1539164
  },
  "gsk_…M2TI": {
    "blacklisted_until": 1781291748.221492
  },
  "gsk_…HF8S": {
    "blacklisted_until": 1781291748.3093576
  },
  "gsk_…PxXM": {
    "blacklisted_until": 1781291748.3853743
  },
  "gsk_…JOK1": {
    "blacklisted_until": 1781291748.4576309
  }
}