{
  "gsk_…PxXM": {
    "blacklisted_until": 1781196483.7158449
  },
  "gsk_…bdFd": {
    "blacklisted_until": 1781196483.87069
  },
  "gsk_…M2TI": {
    "blacklisted_until": 1781196541.2547336
  },
  "gsk_…JOK1": {
    "blacklisted_until": 1781196601.406162
  },
  "gsk_…GQpc": {
    "blacklisted_until": 1781196661.5668528
  },
  "gsk_…HF8S": {
    "blacklisted_until": 1781196661.7137263
  }
}