{
  "gsk_…bdFd": {
    "blacklisted_until": 1780827644.1692
  },
  "gsk_…JOK1": {
    "blacklisted_until": 1780827794.6820283
  },
  "gsk_…GQpc": {
    "blacklisted_until": 1780827794.7601476
  },
  "gsk_…M2TI": {
    "blacklisted_until": 1780827794.8368647
  }
}