{
  "gsk_…HF8S": {
    "blacklisted_until": 1782097332.7653406
  },
  "gsk_…M2TI": {
    "blacklisted_until": 1782097294.3474278
  },
  "gsk_…PxXM": {
    "blacklisted_until": 1782097483.57262
  },
  "gsk_…bdFd": {
    "blacklisted_until": 1782097483.6441844
  },
  "gsk_…GQpc": {
    "blacklisted_until": 1782097534.2273908
  },
  "gsk_…JOK1": {
    "blacklisted_until": 1782097534.2955518
  }
}