{
  "gsk_…JOK1": {
    "blacklisted_until": 1781935914.8907907
  },
  "gsk_…GQpc": {
    "blacklisted_until": 1781935914.9642725
  },
  "gsk_…M2TI": {
    "blacklisted_until": 1781935915.0427492
  },
  "gsk_…HF8S": {
    "blacklisted_until": 1781935975.1189437
  },
  "gsk_…PxXM": {
    "blacklisted_until": 1781936035.1941705
  }
}