{
  "gsk_…JOK1": {
    "blacklisted_until": 1780745594.2799911
  },
  "gsk_…GQpc": {
    "blacklisted_until": 1780745654.455057
  },
  "gsk_…M2TI": {
    "blacklisted_until": 1780745654.6133955
  }
}