{
  "gsk_…HF8S": {
    "blacklisted_until": 1779953517.5347142
  },
  "gsk_…JOK1": {
    "blacklisted_until": 1779953577.6023855
  },
  "gsk_…M2TI": {
    "blacklisted_until": 1779953698.6969464
  },
  "gsk_…PxXM": {
    "blacklisted_until": 1779953758.7624347
  },
  "gsk_…bdFd": {
    "blacklisted_until": 1779953758.826066
  },
  "gsk_…GQpc": {
    "blacklisted_until": 1779953758.887471
  }
}