{
  "gsk_…bdFd": {
    "blacklisted_until": 1780156976.0519233
  },
  "gsk_…JOK1": {
    "blacklisted_until": 1780157036.122015
  },
  "gsk_…GQpc": {
    "blacklisted_until": 1780157096.1919386
  },
  "gsk_…M2TI": {
    "blacklisted_until": 1780157096.2545218
  },
  "gsk_…HF8S": {
    "blacklisted_until": 1780157096.319232
  },
  "gsk_…PxXM": {
    "blacklisted_until": 1780157096.3815763
  }
}