{
  "gsk_…M2TI": {
    "blacklisted_until": 1780781173.4476113
  },
  "gsk_…bdFd": {
    "blacklisted_until": 1780781264.2935739
  },
  "gsk_…PxXM": {
    "blacklisted_until": 1780781264.359902
  },
  "gsk_…JOK1": {
    "blacklisted_until": 1780781324.4319005
  },
  "gsk_…GQpc": {
    "blacklisted_until": 1780781324.50365
  },
  "gsk_…HF8S": {
    "blacklisted_until": 1780781324.5775988
  }
}