{
  "gsk_…GQpc": {
    "blacklisted_until": 1780032859.497115
  },
  "gsk_…M2TI": {
    "blacklisted_until": 1780032859.4341075
  },
  "gsk_…bdFd": {
    "blacklisted_until": 1780032950.6845615
  },
  "gsk_…PxXM": {
    "blacklisted_until": 1780032950.6165373
  },
  "gsk_…JOK1": {
    "blacklisted_until": 1780032950.746662
  },
  "gsk_…HF8S": {
    "blacklisted_until": 1780032950.81556
  }
}