{
  "gsk_…GQpc": {
    "blacklisted_until": 1782271062.0537777
  },
  "gsk_…M2TI": {
    "blacklisted_until": 1782271062.134134
  },
  "gsk_…PxXM": {
    "blacklisted_until": 1782271114.4951506
  },
  "gsk_…bdFd": {
    "blacklisted_until": 1782271114.5845544
  },
  "gsk_…JOK1": {
    "blacklisted_until": 1782271114.6632528
  },
  "gsk_…HF8S": {
    "blacklisted_until": 1782271114.746384
  }
}