{
  "gsk_…JOK1": {
    "blacklisted_until": 1780580958.6158795
  },
  "gsk_…GQpc": {
    "blacklisted_until": 1780581018.6947138
  },
  "gsk_…M2TI": {
    "blacklisted_until": 1780581018.7634096
  },
  "gsk_…HF8S": {
    "blacklisted_until": 1780581169.1523416
  },
  "gsk_…PxXM": {
    "blacklisted_until": 1780581169.2231314
  }
}