{
  "gsk_…bdFd": {
    "blacklisted_until": 1780154271.038359
  },
  "gsk_…GQpc": {
    "blacklisted_until": 1780154271.1023006
  },
  "gsk_…M2TI": {
    "blacklisted_until": 1780154271.1683514
  },
  "gsk_…HF8S": {
    "blacklisted_until": 1780154331.2342587
  },
  "gsk_…PxXM": {
    "blacklisted_until": 1780154331.3038375
  },
  "gsk_…JOK1": {
    "blacklisted_until": 1780154331.3683937
  }
}