{
  "gsk_…GQpc": {
    "blacklisted_until": 1780831339.1709633
  },
  "gsk_…M2TI": {
    "blacklisted_until": 1780831339.2480645
  },
  "gsk_…JOK1": {
    "blacklisted_until": 1780831339.3289342
  },
  "gsk_…HF8S": {
    "blacklisted_until": 1780831399.406589
  },
  "gsk_…PxXM": {
    "blacklisted_until": 1780831399.482312
  },
  "gsk_…bdFd": {
    "blacklisted_until": 1780831459.574155
  }
}