{
  "gsk_…bdFd": {
    "blacklisted_until": 1779948263.9715014
  },
  "gsk_…GQpc": {
    "blacklisted_until": 1779948295.0918996
  },
  "gsk_…M2TI": {
    "blacklisted_until": 1779948295.1581259
  },
  "gsk_…HF8S": {
    "blacklisted_until": 1779948295.2173333
  },
  "gsk_…PxXM": {
    "blacklisted_until": 1779948295.2794244
  },
  "gsk_…JOK1": {
    "blacklisted_until": 1779948295.3419902
  }
}