{
  "gsk_…GQpc": {
    "blacklisted_until": 1781401251.673555
  },
  "gsk_…JOK1": {
    "blacklisted_until": 1781401251.7418652
  },
  "gsk_…M2TI": {
    "blacklisted_until": 1781401311.8342676
  },
  "gsk_…HF8S": {
    "blacklisted_until": 1781401462.486491
  },
  "gsk_…PxXM": {
    "blacklisted_until": 1781401462.554891
  },
  "gsk_…bdFd": {
    "blacklisted_until": 1781401462.6226892
  }
}