{
  "gsk_…HF8S": {
    "blacklisted_until": 1781407039.3802342
  },
  "gsk_…PxXM": {
    "blacklisted_until": 1781407039.4492967
  },
  "gsk_…bdFd": {
    "blacklisted_until": 1781407039.5204792
  }
}