{
  "gsk_…GQpc": {
    "blacklisted_until": 1780522037.65048
  },
  "gsk_…M2TI": {
    "blacklisted_until": 1780522037.3718407
  },
  "gsk_…JOK1": {
    "blacklisted_until": 1780522037.5152931
  }
}