{
  "gsk_…M2TI": {
    "blacklisted_until": 1781494421.8427072
  },
  "gsk_…PxXM": {
    "blacklisted_until": 1781494453.285386
  },
  "gsk_…bdFd": {
    "blacklisted_until": 1781494453.4242773
  },
  "gsk_…HF8S": {
    "blacklisted_until": 1781494453.5744328
  },
  "gsk_…JOK1": {
    "blacklisted_until": 1781494513.69764
  },
  "gsk_…GQpc": {
    "blacklisted_until": 1781494513.8455143
  }
}