{
  "gsk_…bdFd": {
    "blacklisted_until": 1780776090.4634712
  },
  "gsk_…M2TI": {
    "blacklisted_until": 1780776304.6584494
  },
  "gsk_…GQpc": {
    "blacklisted_until": 1780776304.7311907
  }
}