{
  "gsk_…PxXM": {
    "blacklisted_until": 1782212005.3340235
  },
  "gsk_…bdFd": {
    "blacklisted_until": 1782212005.4149046
  },
  "gsk_…GQpc": {
    "blacklisted_until": 1782212097.2011645
  },
  "gsk_…M2TI": {
    "blacklisted_until": 1782212097.2830462
  },
  "gsk_…JOK1": {
    "blacklisted_until": 1782212148.7772076
  },
  "gsk_…HF8S": {
    "blacklisted_until": 1782212148.8533344
  }
}