{
  "gsk_…HF8S": {
    "blacklisted_until": 1781370808.9911926
  },
  "gsk_…PxXM": {
    "blacklisted_until": 1781370808.8298528
  },
  "gsk_…bdFd": {
    "blacklisted_until": 1781370808.9091358
  },
  "gsk_…GQpc": {
    "blacklisted_until": 1781370686.7837899
  },
  "gsk_…M2TI": {
    "blacklisted_until": 1781370686.8602777
  },
  "gsk_…JOK1": {
    "blacklisted_until": 1781370686.9431164
  }
}