{
  "gsk_…bdFd": {
    "blacklisted_until": 1779894664.403697
  },
  "gsk_…JOK1": {
    "blacklisted_until": 1779894664.472812
  },
  "gsk_…GQpc": {
    "blacklisted_until": 1779894664.5526671
  },
  "gsk_…M2TI": {
    "blacklisted_until": 1779894664.6243389
  },
  "gsk_…HF8S": {
    "blacklisted_until": 1779894664.6888707
  },
  "gsk_…PxXM": {
    "blacklisted_until": 1779894664.7585988
  }
}