{
  "gsk_…bdFd": {
    "blacklisted_until": 1782091865.7092848
  },
  "gsk_…M2TI": {
    "blacklisted_until": 1782091956.6519487
  },
  "gsk_…HF8S": {
    "blacklisted_until": 1782091956.7803428
  },
  "gsk_…PxXM": {
    "blacklisted_until": 1782091956.8465397
  },
  "gsk_…JOK1": {
    "blacklisted_until": 1782091956.5150018
  },
  "gsk_…GQpc": {
    "blacklisted_until": 1782091956.5849638
  }
}