{
  "gsk_…PxXM": {
    "blacklisted_until": 1779985624.557916
  },
  "gsk_…bdFd": {
    "blacklisted_until": 1779985624.649745
  },
  "gsk_…HF8S": {
    "blacklisted_until": 1779985443.1878903
  }
}