{
  "gsk_…GQpc": {
    "blacklisted_until": 1780908529.1829019
  },
  "gsk_…M2TI": {
    "blacklisted_until": 1780908529.109592
  },
  "gsk_…HF8S": {
    "blacklisted_until": 1780908589.2496269
  },
  "gsk_…JOK1": {
    "blacklisted_until": 1780908589.313353
  },
  "gsk_…bdFd": {
    "blacklisted_until": 1780908649.3911335
  }
}