{
  "gsk_…M2TI": {
    "blacklisted_until": 1781977369.764152
  },
  "gsk_…GQpc": {
    "blacklisted_until": 1781977369.8310902
  },
  "gsk_…PxXM": {
    "blacklisted_until": 1781977461.016802
  },
  "gsk_…bdFd": {
    "blacklisted_until": 1781977461.089867
  },
  "gsk_…JOK1": {
    "blacklisted_until": 1781977461.1556573
  },
  "gsk_…HF8S": {
    "blacklisted_until": 1781977461.219988
  }
}