{
  "gsk_…GQpc": {
    "blacklisted_until": 1781961657.679653
  },
  "gsk_…M2TI": {
    "blacklisted_until": 1781961657.7456515
  },
  "gsk_…HF8S": {
    "blacklisted_until": 1781961717.8106515
  },
  "gsk_…JOK1": {
    "blacklisted_until": 1781961717.8820362
  }
}