{
  "gsk_…bdFd": {
    "blacklisted_until": 1781540618.869376
  },
  "gsk_…GQpc": {
    "blacklisted_until": 1781540650.3245738
  },
  "gsk_…M2TI": {
    "blacklisted_until": 1781540650.4031496
  },
  "gsk_…HF8S": {
    "blacklisted_until": 1781540650.462947
  },
  "gsk_…PxXM": {
    "blacklisted_until": 1781540650.525789
  },
  "gsk_…JOK1": {
    "blacklisted_until": 1781540650.6300442
  }
}