{
  "gsk_…PxXM": {
    "blacklisted_until": 1782175833.8258374
  },
  "gsk_…bdFd": {
    "blacklisted_until": 1782175833.8907545
  },
  "gsk_…GQpc": {
    "blacklisted_until": 1782175833.9570382
  },
  "gsk_…M2TI": {
    "blacklisted_until": 1782175834.022644
  },
  "gsk_…HF8S": {
    "blacklisted_until": 1782175894.11532
  },
  "gsk_…JOK1": {
    "blacklisted_until": 1782175894.3075366
  }
}