{
  "gsk_…M2TI": {
    "blacklisted_until": 1781240719.9799967
  },
  "gsk_…PxXM": {
    "blacklisted_until": 1781240751.2552266
  },
  "gsk_…bdFd": {
    "blacklisted_until": 1781240751.3443356
  },
  "gsk_…JOK1": {
    "blacklisted_until": 1781240751.4379537
  },
  "gsk_…GQpc": {
    "blacklisted_until": 1781240751.515468
  },
  "gsk_…HF8S": {
    "blacklisted_until": 1781240751.5885253
  }
}