{
  "gsk_…bdFd": {
    "blacklisted_until": 1780498703.0736802
  },
  "gsk_…PxXM": {
    "blacklisted_until": 1780498703.2229223
  }
}