{
  "gsk_…bdFd": {
    "blacklisted_until": 1782172723.7260501
  },
  "gsk_…GQpc": {
    "blacklisted_until": 1782172814.910737
  },
  "gsk_…M2TI": {
    "blacklisted_until": 1782172814.9754689
  },
  "gsk_…HF8S": {
    "blacklisted_until": 1782172815.0434666
  },
  "gsk_…PxXM": {
    "blacklisted_until": 1782172815.1175377
  },
  "gsk_…JOK1": {
    "blacklisted_until": 1782172815.1888192
  }
}