{
  "gsk_…PxXM": {
    "blacklisted_until": 1780582108.4112732
  },
  "gsk_…HF8S": {
    "blacklisted_until": 1780582108.339102
  },
  "gsk_…bdFd": {
    "blacklisted_until": 1780582168.4818757
  },
  "gsk_…GQpc": {
    "blacklisted_until": 1780582239.6812646
  },
  "gsk_…M2TI": {
    "blacklisted_until": 1780582239.757837
  },
  "gsk_…JOK1": {
    "blacklisted_until": 1780582239.8365452
  }
}