{
  "gsk_…JOK1": {
    "blacklisted_until": 1780744320.2308247
  },
  "gsk_…GQpc": {
    "blacklisted_until": 1780744380.5015657
  },
  "gsk_…M2TI": {
    "blacklisted_until": 1780744380.6359737
  }
}