{
  "gsk_…GQpc": {
    "blacklisted_until": 1780312872.0122898
  },
  "gsk_…M2TI": {
    "blacklisted_until": 1780312871.946562
  },
  "gsk_…PxXM": {
    "blacklisted_until": 1780312750.282024
  },
  "gsk_…bdFd": {
    "blacklisted_until": 1780312750.3436153
  },
  "gsk_…HF8S": {
    "blacklisted_until": 1780312932.0794518
  },
  "gsk_…JOK1": {
    "blacklisted_until": 1780312932.142783
  }
}