{
  "gsk_…GQpc": {
    "blacklisted_until": 1781161432.0365293
  },
  "gsk_…M2TI": {
    "blacklisted_until": 1781161432.1830215
  },
  "gsk_…JOK1": {
    "blacklisted_until": 1781161463.3641317
  },
  "gsk_…HF8S": {
    "blacklisted_until": 1781161463.5114918
  },
  "gsk_…PxXM": {
    "blacklisted_until": 1781161523.684402
  },
  "gsk_…bdFd": {
    "blacklisted_until": 1781161523.8271315
  }
}