{
  "gsk_…PxXM": {
    "blacklisted_until": 1781563611.0263348
  },
  "gsk_…bdFd": {
    "blacklisted_until": 1781563611.0967362
  },
  "gsk_…JOK1": {
    "blacklisted_until": 1781563671.169605
  },
  "gsk_…GQpc": {
    "blacklisted_until": 1781563671.2409074
  },
  "gsk_…M2TI": {
    "blacklisted_until": 1781563671.311231
  },
  "gsk_…HF8S": {
    "blacklisted_until": 1781563671.4127338
  }
}