{
  "gsk_…M2TI": {
    "blacklisted_until": 1780192802.505286
  },
  "gsk_…GQpc": {
    "blacklisted_until": 1780192802.425995
  },
  "gsk_…JOK1": {
    "blacklisted_until": 1780192802.3453135
  },
  "gsk_…HF8S": {
    "blacklisted_until": 1780192952.887465
  },
  "gsk_…PxXM": {
    "blacklisted_until": 1780193012.9689314
  },
  "gsk_…bdFd": {
    "blacklisted_until": 1780193013.0479634
  }
}