{
  "gsk_…M2TI": {
    "blacklisted_until": 1782352641.2906847
  },
  "gsk_…PxXM": {
    "blacklisted_until": 1782352701.366945
  },
  "gsk_…bdFd": {
    "blacklisted_until": 1782352701.4348683
  },
  "gsk_…JOK1": {
    "blacklisted_until": 1782352761.510289
  },
  "gsk_…GQpc": {
    "blacklisted_until": 1782352761.5774717
  },
  "gsk_…HF8S": {
    "blacklisted_until": 1782352761.6415808
  }
}