{
  "gsk_…HF8S": {
    "blacklisted_until": 1782095347.1312015
  },
  "gsk_…M2TI": {
    "blacklisted_until": 1782095347.2002738
  },
  "gsk_…PxXM": {
    "blacklisted_until": 1782095407.2769697
  },
  "gsk_…bdFd": {
    "blacklisted_until": 1782095407.3472855
  },
  "gsk_…JOK1": {
    "blacklisted_until": 1782095407.4152493
  },
  "gsk_…GQpc": {
    "blacklisted_until": 1782095407.4834564
  }
}