{
  "gsk_…JOK1": {
    "blacklisted_until": 1781732755.7940018
  },
  "gsk_…GQpc": {
    "blacklisted_until": 1781733092.2942152
  },
  "gsk_…M2TI": {
    "blacklisted_until": 1781732756.0819004
  },
  "gsk_…HF8S": {
    "blacklisted_until": 1781732756.2238579
  },
  "gsk_…PxXM": {
    "blacklisted_until": 1781732756.3667727
  },
  "gsk_…bdFd": {
    "blacklisted_until": 1781732970.1391048
  }
}