{
  "gsk_…bdFd": {
    "blacklisted_until": 1781781365.9592834
  },
  "gsk_…GQpc": {
    "blacklisted_until": 1781781184.0843182
  },
  "gsk_…M2TI": {
    "blacklisted_until": 1781781184.1548357
  },
  "gsk_…PxXM": {
    "blacklisted_until": 1781781365.89262
  },
  "gsk_…HF8S": {
    "blacklisted_until": 1781781366.0245392
  }
}