{
  "gsk_…bdFd": {
    "blacklisted_until": 1781082124.9325917
  },
  "gsk_…GQpc": {
    "blacklisted_until": 1781082306.4066694
  },
  "gsk_…M2TI": {
    "blacklisted_until": 1781082306.4758308
  },
  "gsk_…HF8S": {
    "blacklisted_until": 1781082306.5445912
  },
  "gsk_…PxXM": {
    "blacklisted_until": 1781082306.623101
  },
  "gsk_…JOK1": {
    "blacklisted_until": 1781082306.6936376
  }
}