{
  "gsk_…PxXM": {
    "blacklisted_until": 1780201335.7537408
  },
  "gsk_…bdFd": {
    "blacklisted_until": 1780201335.8314993
  },
  "gsk_…HF8S": {
    "blacklisted_until": 1780201335.9104095
  },
  "gsk_…GQpc": {
    "blacklisted_until": 1780201486.4526627
  },
  "gsk_…M2TI": {
    "blacklisted_until": 1780201546.5347815
  },
  "gsk_…JOK1": {
    "blacklisted_until": 1780201546.6144056
  }
}