{
  "gsk_…GQpc": {
    "blacklisted_until": 1779762580.1215527
  },
  "gsk_…M2TI": {
    "blacklisted_until": 1779762580.1959152
  },
  "gsk_…HF8S": {
    "blacklisted_until": 1779762580.2774663
  },
  "gsk_…PxXM": {
    "blacklisted_until": 1779762580.3494046
  },
  "gsk_…bdFd": {
    "blacklisted_until": 1779762580.423257
  },
  "gsk_…JOK1": {
    "blacklisted_until": 1779762580.5021925
  }
}