{
  "gsk_…GQpc": {
    "blacklisted_until": 1780906607.0827465
  },
  "gsk_…M2TI": {
    "blacklisted_until": 1780906607.1515777
  },
  "gsk_…PxXM": {
    "blacklisted_until": 1780906728.230975
  },
  "gsk_…bdFd": {
    "blacklisted_until": 1780906728.2956324
  }
}