{
  "gsk_…bdFd": {
    "blacklisted_until": 1780908035.4890432
  },
  "gsk_…PxXM": {
    "blacklisted_until": 1780908095.5582254
  }
}