{
  "gsk_…HF8S": {
    "blacklisted_until": 1780202589.7392507
  },
  "gsk_…M2TI": {
    "blacklisted_until": 1780202487.092919
  },
  "gsk_…JOK1": {
    "blacklisted_until": 1780202487.190057
  },
  "gsk_…GQpc": {
    "blacklisted_until": 1780202487.2664313
  },
  "gsk_…PxXM": {
    "blacklisted_until": 1780202649.8166196
  },
  "gsk_…bdFd": {
    "blacklisted_until": 1780202649.8942199
  }
}