{
  "gsk_…PxXM": {
    "blacklisted_until": 1782102998.8537686
  },
  "gsk_…bdFd": {
    "blacklisted_until": 1782102998.9207137
  },
  "gsk_…HF8S": {
    "blacklisted_until": 1782102998.7907467
  },
  "gsk_…GQpc": {
    "blacklisted_until": 1782102998.6564603
  },
  "gsk_…M2TI": {
    "blacklisted_until": 1782102998.7277193
  },
  "gsk_…JOK1": {
    "blacklisted_until": 1782102998.9848733
  }
}