{
  "gsk_…M2TI": {
    "blacklisted_until": 1782128891.4110603
  },
  "gsk_…HF8S": {
    "blacklisted_until": 1782128951.4784129
  },
  "gsk_…PxXM": {
    "blacklisted_until": 1782128951.5557842
  },
  "gsk_…bdFd": {
    "blacklisted_until": 1782128951.6311116
  },
  "gsk_…JOK1": {
    "blacklisted_until": 1782128951.6977928
  },
  "gsk_…GQpc": {
    "blacklisted_until": 1782128951.7695408
  }
}