{
  "gsk_…bdFd": {
    "blacklisted_until": 1780149126.5015879
  },
  "gsk_…GQpc": {
    "blacklisted_until": 1780149126.23883
  },
  "gsk_…M2TI": {
    "blacklisted_until": 1780149126.3013437
  },
  "gsk_…HF8S": {
    "blacklisted_until": 1780149126.3659208
  },
  "gsk_…PxXM": {
    "blacklisted_until": 1780149126.428486
  },
  "gsk_…JOK1": {
    "blacklisted_until": 1780149126.175999
  }
}