{
  "gsk_…GQpc": {
    "blacklisted_until": 1780985522.3502097
  },
  "gsk_…M2TI": {
    "blacklisted_until": 1780985522.4198253
  },
  "gsk_…HF8S": {
    "blacklisted_until": 1780985522.486455
  },
  "gsk_…JOK1": {
    "blacklisted_until": 1780985522.6251543
  },
  "gsk_…bdFd": {
    "blacklisted_until": 1780985433.3747292
  },
  "gsk_…PxXM": {
    "blacklisted_until": 1780985522.553234
  }
}