{
  "gsk_…PxXM": {
    "blacklisted_until": 1782314210.8185277
  },
  "gsk_…bdFd": {
    "blacklisted_until": 1782314210.9078734
  },
  "gsk_…GQpc": {
    "blacklisted_until": 1782314179.3014257
  },
  "gsk_…M2TI": {
    "blacklisted_until": 1782314179.385718
  },
  "gsk_…JOK1": {
    "blacklisted_until": 1782314210.9952633
  },
  "gsk_…HF8S": {
    "blacklisted_until": 1782314211.0900922
  }
}