{
  "gsk_…bdFd": {
    "blacklisted_until": 1781618590.216796
  },
  "gsk_…GQpc": {
    "blacklisted_until": 1781618590.2919414
  },
  "gsk_…M2TI": {
    "blacklisted_until": 1781618499.403938
  },
  "gsk_…HF8S": {
    "blacklisted_until": 1781618650.3622334
  },
  "gsk_…PxXM": {
    "blacklisted_until": 1781618650.4315002
  },
  "gsk_…JOK1": {
    "blacklisted_until": 1781618708.4696841
  }
}