{
  "gsk_…GQpc": {
    "blacklisted_until": 1781582940.7511308
  },
  "gsk_…M2TI": {
    "blacklisted_until": 1781582940.8206677
  },
  "gsk_…PxXM": {
    "blacklisted_until": 1781583077.0015597
  },
  "gsk_…bdFd": {
    "blacklisted_until": 1781583077.1184149
  },
  "gsk_…HF8S": {
    "blacklisted_until": 1781583077.2306247
  },
  "gsk_…JOK1": {
    "blacklisted_until": 1781583137.31639
  }
}