{
  "gsk_…JOK1": {
    "blacklisted_until": 1780118583.924621
  },
  "gsk_…HF8S": {
    "blacklisted_until": 1780118492.9765298
  },
  "gsk_…PxXM": {
    "blacklisted_until": 1780118493.0407686
  },
  "gsk_…bdFd": {
    "blacklisted_until": 1780118493.1068957
  },
  "gsk_…M2TI": {
    "blacklisted_until": 1780118725.737273
  },
  "gsk_…GQpc": {
    "blacklisted_until": 1780118725.8006105
  }
}