{
  "gsk_…bdFd": {
    "blacklisted_until": 1780646011.7416744
  },
  "gsk_…GQpc": {
    "blacklisted_until": 1780646042.938631
  },
  "gsk_…M2TI": {
    "blacklisted_until": 1780646043.030726
  },
  "gsk_…HF8S": {
    "blacklisted_until": 1780646043.1322172
  },
  "gsk_…PxXM": {
    "blacklisted_until": 1780646043.213628
  },
  "gsk_…JOK1": {
    "blacklisted_until": 1780646043.3157232
  }
}