{
  "gsk_…bdFd": {
    "blacklisted_until": 1782048460.055482
  },
  "gsk_…PxXM": {
    "blacklisted_until": 1782048459.9623165
  }
}