{
  "gsk_…HF8S": {
    "blacklisted_until": 1782307155.2052903
  },
  "gsk_…M2TI": {
    "blacklisted_until": 1782307155.1169927
  },
  "gsk_…GQpc": {
    "blacklisted_until": 1782307155.3051507
  },
  "gsk_…PxXM": {
    "blacklisted_until": 1782307215.4270115
  },
  "gsk_…bdFd": {
    "blacklisted_until": 1782307215.5147407
  },
  "gsk_…JOK1": {
    "blacklisted_until": 1782307215.5956357
  }
}