{
  "gsk_…GQpc": {
    "blacklisted_until": 1782310192.976632
  },
  "gsk_…M2TI": {
    "blacklisted_until": 1782310193.0588953
  },
  "gsk_…HF8S": {
    "blacklisted_until": 1782310253.1418192
  },
  "gsk_…PxXM": {
    "blacklisted_until": 1782310253.2262778
  },
  "gsk_…bdFd": {
    "blacklisted_until": 1782310253.3070576
  },
  "gsk_…JOK1": {
    "blacklisted_until": 1782310313.4355445
  }
}