{
  "gsk_…HF8S": {
    "blacklisted_until": 1781024657.3612065
  },
  "gsk_…PxXM": {
    "blacklisted_until": 1781024657.4258966
  },
  "gsk_…M2TI": {
    "blacklisted_until": 1781024595.4172094
  },
  "gsk_…GQpc": {
    "blacklisted_until": 1781024626.4160588
  },
  "gsk_…bdFd": {
    "blacklisted_until": 1781024657.619615
  },
  "gsk_…JOK1": {
    "blacklisted_until": 1781024808.0828824
  }
}