{
  "gsk_…bdFd": {
    "blacklisted_until": 1781888298.376235
  },
  "gsk_…GQpc": {
    "blacklisted_until": 1781888435.8714316
  },
  "gsk_…M2TI": {
    "blacklisted_until": 1781888435.632936
  },
  "gsk_…HF8S": {
    "blacklisted_until": 1781888435.7136633
  },
  "gsk_…PxXM": {
    "blacklisted_until": 1781888435.7929597
  },
  "gsk_…JOK1": {
    "blacklisted_until": 1781888389.3045776
  }
}