{
  "gsk_…M2TI": {
    "blacklisted_until": 1781974705.1690598
  },
  "gsk_…HF8S": {
    "blacklisted_until": 1781974765.2390277
  },
  "gsk_…PxXM": {
    "blacklisted_until": 1781974825.3117306
  },
  "gsk_…bdFd": {
    "blacklisted_until": 1781974825.3777275
  }
}