{
  "gsk_…PxXM": {
    "blacklisted_until": 1781790052.6454172
  },
  "gsk_…bdFd": {
    "blacklisted_until": 1781790052.7407568
  },
  "gsk_…GQpc": {
    "blacklisted_until": 1781790144.6370313
  },
  "gsk_…M2TI": {
    "blacklisted_until": 1781790144.710187
  },
  "gsk_…JOK1": {
    "blacklisted_until": 1781790144.7748692
  },
  "gsk_…HF8S": {
    "blacklisted_until": 1781790204.8422706
  }
}