{
  "gsk_…M2TI": {
    "blacklisted_until": 1781923459.8392622
  },
  "gsk_…PxXM": {
    "blacklisted_until": 1781923459.514803
  },
  "gsk_…bdFd": {
    "blacklisted_until": 1781923459.5982091
  },
  "gsk_…JOK1": {
    "blacklisted_until": 1781923459.677624
  },
  "gsk_…GQpc": {
    "blacklisted_until": 1781923459.7577455
  },
  "gsk_…HF8S": {
    "blacklisted_until": 1781923459.4255311
  }
}