{
  "gsk_…M2TI": {
    "blacklisted_until": 1780961101.7450292
  },
  "gsk_…HF8S": {
    "blacklisted_until": 1780961161.903196
  },
  "gsk_…PxXM": {
    "blacklisted_until": 1780961162.004867
  },
  "gsk_…JOK1": {
    "blacklisted_until": 1780961162.11119
  },
  "gsk_…GQpc": {
    "blacklisted_until": 1780961162.2487297
  },
  "gsk_…bdFd": {
    "blacklisted_until": 1780961222.3777552
  }
}