{
  "gsk_…bdFd": {
    "blacklisted_until": 1780533692.331601
  },
  "gsk_…GQpc": {
    "blacklisted_until": 1780533628.6402652
  },
  "gsk_…M2TI": {
    "blacklisted_until": 1780533628.7753906
  },
  "gsk_…HF8S": {
    "blacklisted_until": 1780533783.133774
  },
  "gsk_…PxXM": {
    "blacklisted_until": 1780533783.2724624
  },
  "gsk_…JOK1": {
    "blacklisted_until": 1780533843.4133706
  }
}