{
  "gsk_…GQpc": {
    "blacklisted_until": 1781235839.6024816
  },
  "gsk_…M2TI": {
    "blacklisted_until": 1781235990.3696074
  }
}