{
  "gsk_…JOK1": {
    "blacklisted_until": 1780405307.8263035
  },
  "gsk_…HF8S": {
    "blacklisted_until": 1780405307.8983417
  },
  "gsk_…bdFd": {
    "blacklisted_until": 1780405228.5192242
  },
  "gsk_…GQpc": {
    "blacklisted_until": 1780405259.5080826
  },
  "gsk_…M2TI": {
    "blacklisted_until": 1780405259.6008952
  },
  "gsk_…PxXM": {
    "blacklisted_until": 1780405307.753781
  }
}