{
  "gsk_…PxXM": {
    "blacklisted_until": 1781444765.2185488
  },
  "gsk_…bdFd": {
    "blacklisted_until": 1781444764.8285232
  },
  "gsk_…GQpc": {
    "blacklisted_until": 1781444764.988015
  },
  "gsk_…M2TI": {
    "blacklisted_until": 1781444765.0629284
  },
  "gsk_…HF8S": {
    "blacklisted_until": 1781444765.1415622
  },
  "gsk_…JOK1": {
    "blacklisted_until": 1781444764.9137046
  }
}