{
  "gsk_…GQpc": {
    "blacklisted_until": 1780655834.9118123
  },
  "gsk_…M2TI": {
    "blacklisted_until": 1780655834.985176
  },
  "gsk_…PxXM": {
    "blacklisted_until": 1780655926.364539
  },
  "gsk_…bdFd": {
    "blacklisted_until": 1780655926.4569721
  },
  "gsk_…JOK1": {
    "blacklisted_until": 1780655926.534799
  },
  "gsk_…HF8S": {
    "blacklisted_until": 1780655926.6285474
  }
}