{
  "gsk_…PxXM": {
    "blacklisted_until": 1780401538.4134395
  },
  "gsk_…bdFd": {
    "blacklisted_until": 1780401538.5063677
  },
  "gsk_…HF8S": {
    "blacklisted_until": 1780401538.5883183
  },
  "gsk_…JOK1": {
    "blacklisted_until": 1780401598.6683376
  }
}