{
  "gsk_…GQpc": {
    "blacklisted_until": 1781849964.4545407
  },
  "gsk_…M2TI": {
    "blacklisted_until": 1781849964.5133162
  },
  "gsk_…HF8S": {
    "blacklisted_until": 1781850024.614027
  },
  "gsk_…JOK1": {
    "blacklisted_until": 1781850024.7009761
  }
}