{
  "gsk_…bdFd": {
    "blacklisted_until": 1782173422.6574128
  },
  "gsk_…JOK1": {
    "blacklisted_until": 1782173482.736142
  },
  "gsk_…GQpc": {
    "blacklisted_until": 1782173482.8040407
  },
  "gsk_…M2TI": {
    "blacklisted_until": 1782173482.870541
  },
  "gsk_…HF8S": {
    "blacklisted_until": 1782173482.9406817
  },
  "gsk_…PxXM": {
    "blacklisted_until": 1782173483.0084493
  }
}