{
  "gsk_…bdFd": {
    "blacklisted_until": 1782060779.9845867
  },
  "gsk_…JOK1": {
    "blacklisted_until": 1782060840.081112
  },
  "gsk_…GQpc": {
    "blacklisted_until": 1782060840.144161
  },
  "gsk_…M2TI": {
    "blacklisted_until": 1782060840.2215183
  },
  "gsk_…HF8S": {
    "blacklisted_until": 1782060840.2988653
  },
  "gsk_…PxXM": {
    "blacklisted_until": 1782060840.393401
  }
}