{
  "gsk_…JOK1": {
    "blacklisted_until": 1780747765.1140265
  },
  "gsk_…M2TI": {
    "blacklisted_until": 1780747836.5082352
  },
  "gsk_…GQpc": {
    "blacklisted_until": 1780747836.6499484
  }
}