{
  "gsk_…PxXM": {
    "blacklisted_until": 1780918527.5323734
  },
  "gsk_…bdFd": {
    "blacklisted_until": 1780918527.5986922
  },
  "gsk_…JOK1": {
    "blacklisted_until": 1780918587.6663465
  },
  "gsk_…GQpc": {
    "blacklisted_until": 1780918587.7334101
  },
  "gsk_…HF8S": {
    "blacklisted_until": 1780918587.7948573
  },
  "gsk_…M2TI": {
    "blacklisted_until": 1780918647.8989146
  }
}