{
  "gsk_…GQpc": {
    "blacklisted_until": 1782173817.4549694
  },
  "gsk_…M2TI": {
    "blacklisted_until": 1782173817.5312073
  },
  "gsk_…PxXM": {
    "blacklisted_until": 1782173879.8337374
  },
  "gsk_…JOK1": {
    "blacklisted_until": 1782173879.8977616
  },
  "gsk_…HF8S": {
    "blacklisted_until": 1782173879.9716501
  },
  "gsk_…bdFd": {
    "blacklisted_until": 1782174030.6364133
  }
}