{
  "gsk_…JOK1": {
    "blacklisted_until": 1780288067.679396
  },
  "gsk_…GQpc": {
    "blacklisted_until": 1780288067.753274
  },
  "gsk_…M2TI": {
    "blacklisted_until": 1780288067.8184066
  },
  "gsk_…HF8S": {
    "blacklisted_until": 1780288067.9038131
  },
  "gsk_…PxXM": {
    "blacklisted_until": 1780288067.97094
  },
  "gsk_…bdFd": {
    "blacklisted_until": 1780288068.0364494
  }
}