{
  "gsk_…bdFd": {
    "blacklisted_until": 1781416422.8286035
  },
  "gsk_…PxXM": {
    "blacklisted_until": 1781416422.8948457
  },
  "gsk_…JOK1": {
    "blacklisted_until": 1781416482.9627805
  },
  "gsk_…GQpc": {
    "blacklisted_until": 1781416483.028264
  },
  "gsk_…HF8S": {
    "blacklisted_until": 1781416483.0972488
  },
  "gsk_…M2TI": {
    "blacklisted_until": 1781416543.1654475
  }
}