{
  "gsk_…JOK1": {
    "blacklisted_until": 1781285210.4143822
  },
  "gsk_…GQpc": {
    "blacklisted_until": 1781285210.4808052
  },
  "gsk_…M2TI": {
    "blacklisted_until": 1781285210.5456035
  }
}