{
  "gsk_…bdFd": {
    "blacklisted_until": 1780160445.5427845
  },
  "gsk_…GQpc": {
    "blacklisted_until": 1780160445.607538
  },
  "gsk_…HF8S": {
    "blacklisted_until": 1780160445.6700063
  },
  "gsk_…PxXM": {
    "blacklisted_until": 1780160445.7559714
  },
  "gsk_…JOK1": {
    "blacklisted_until": 1780160505.82256
  },
  "gsk_…M2TI": {
    "blacklisted_until": 1780160565.8865914
  }
}