{
  "gsk_…GQpc": {
    "blacklisted_until": 1780398935.1429362
  },
  "gsk_…M2TI": {
    "blacklisted_until": 1780398935.2136707
  },
  "gsk_…PxXM": {
    "blacklisted_until": 1780398992.74813
  },
  "gsk_…bdFd": {
    "blacklisted_until": 1780398992.8247566
  },
  "gsk_…JOK1": {
    "blacklisted_until": 1780398992.8943706
  },
  "gsk_…HF8S": {
    "blacklisted_until": 1780398992.986713
  }
}