{
  "gsk_…GQpc": {
    "blacklisted_until": 1781372299.0729907
  },
  "gsk_…M2TI": {
    "blacklisted_until": 1781372359.1500947
  },
  "gsk_…JOK1": {
    "blacklisted_until": 1781372359.2422783
  }
}