{
  "gsk_…HF8S": {
    "blacklisted_until": 1780448755.7778187
  },
  "gsk_…bdFd": {
    "blacklisted_until": 1780448755.8551188
  },
  "gsk_…JOK1": {
    "blacklisted_until": 1780448815.9239235
  },
  "gsk_…PxXM": {
    "blacklisted_until": 1780448816.0046408
  },
  "gsk_…M2TI": {
    "blacklisted_until": 1780449028.8651142
  }
}