{
  "gsk_…M2TI": {
    "blacklisted_until": 1782218452.8589072
  },
  "gsk_…PxXM": {
    "blacklisted_until": 1782218512.9499629
  },
  "gsk_…bdFd": {
    "blacklisted_until": 1782218513.0353873
  },
  "gsk_…GQpc": {
    "blacklisted_until": 1782218663.7289867
  }
}