{
  "gsk_…JOK1": {
    "blacklisted_until": 1780399658.522352
  },
  "gsk_…GQpc": {
    "blacklisted_until": 1780399566.8585165
  },
  "gsk_…M2TI": {
    "blacklisted_until": 1780399567.016927
  },
  "gsk_…PxXM": {
    "blacklisted_until": 1780399658.3493934
  },
  "gsk_…bdFd": {
    "blacklisted_until": 1780399658.4259613
  },
  "gsk_…HF8S": {
    "blacklisted_until": 1780399658.618288
  }
}