{
  "gsk_…bdFd": {
    "blacklisted_until": 1779815564.4652994
  },
  "gsk_…M2TI": {
    "blacklisted_until": 1779815657.798224
  },
  "gsk_…HF8S": {
    "blacklisted_until": 1779815657.873281
  },
  "gsk_…PxXM": {
    "blacklisted_until": 1779815657.9465787
  },
  "gsk_…JOK1": {
    "blacklisted_until": 1779815658.0167093
  },
  "gsk_…GQpc": {
    "blacklisted_until": 1779815658.0962257
  }
}