{
  "gsk_…GQpc": {
    "blacklisted_until": 1780655481.4368975
  },
  "gsk_…M2TI": {
    "blacklisted_until": 1780655481.5321023
  },
  "gsk_…HF8S": {
    "blacklisted_until": 1780655541.6490633
  },
  "gsk_…PxXM": {
    "blacklisted_until": 1780655541.7395217
  },
  "gsk_…bdFd": {
    "blacklisted_until": 1780655541.8408966
  }
}