{
  "gsk_…bdFd": {
    "blacklisted_until": 1781528250.8691356
  },
  "gsk_…JOK1": {
    "blacklisted_until": 1781528250.952584
  },
  "gsk_…GQpc": {
    "blacklisted_until": 1781528251.0090618
  },
  "gsk_…M2TI": {
    "blacklisted_until": 1781528251.0862553
  },
  "gsk_…HF8S": {
    "blacklisted_until": 1781528251.1398237
  },
  "gsk_…PxXM": {
    "blacklisted_until": 1781528251.1946557
  }
}