{
  "gsk_…bdFd": {
    "blacklisted_until": 1781934205.9473524
  },
  "gsk_…JOK1": {
    "blacklisted_until": 1781934205.6847167
  },
  "gsk_…GQpc": {
    "blacklisted_until": 1781934205.7630568
  },
  "gsk_…M2TI": {
    "blacklisted_until": 1781934205.8477418
  },
  "gsk_…HF8S": {
    "blacklisted_until": 1781934266.026809
  },
  "gsk_…PxXM": {
    "blacklisted_until": 1781934266.1126008
  }
}