{
  "gsk_…GQpc": {
    "blacklisted_until": 1780278191.3203528
  },
  "gsk_…M2TI": {
    "blacklisted_until": 1780278191.3878183
  }
}