{
  "gsk_…bdFd": {
    "blacklisted_until": 1781969491.090187
  },
  "gsk_…GQpc": {
    "blacklisted_until": 1781969552.7524846
  },
  "gsk_…M2TI": {
    "blacklisted_until": 1781969552.8196187
  }
}