{
  "gsk_…PxXM": {
    "blacklisted_until": 1781333205.4396334
  },
  "gsk_…bdFd": {
    "blacklisted_until": 1781333205.5115921
  },
  "gsk_…JOK1": {
    "blacklisted_until": 1781333205.5813355
  },
  "gsk_…GQpc": {
    "blacklisted_until": 1781333205.6471715
  },
  "gsk_…HF8S": {
    "blacklisted_until": 1781333205.715104
  },
  "gsk_…M2TI": {
    "blacklisted_until": 1781333478.4133844
  }
}