{
  "gsk_…JOK1": {
    "blacklisted_until": 1781115376.2368965
  },
  "gsk_…GQpc": {
    "blacklisted_until": 1781115376.313575
  },
  "gsk_…M2TI": {
    "blacklisted_until": 1781115376.3801713
  },
  "gsk_…PxXM": {
    "blacklisted_until": 1781115557.9519727
  },
  "gsk_…bdFd": {
    "blacklisted_until": 1781115558.030097
  },
  "gsk_…HF8S": {
    "blacklisted_until": 1781115558.0971892
  }
}