{
  "gsk_…GQpc": {
    "blacklisted_until": 1781497553.4475505
  },
  "gsk_…M2TI": {
    "blacklisted_until": 1781497553.6022437
  },
  "gsk_…HF8S": {
    "blacklisted_until": 1781497553.7490997
  },
  "gsk_…PxXM": {
    "blacklisted_until": 1781497553.8954663
  },
  "gsk_…bdFd": {
    "blacklisted_until": 1781497554.0482457
  },
  "gsk_…JOK1": {
    "blacklisted_until": 1781497554.2266963
  }
}