{
  "gsk_…GQpc": {
    "blacklisted_until": 1780653078.2751195
  },
  "gsk_…M2TI": {
    "blacklisted_until": 1780653078.3985307
  },
  "gsk_…HF8S": {
    "blacklisted_until": 1780653138.5026238
  },
  "gsk_…PxXM": {
    "blacklisted_until": 1780653138.596902
  },
  "gsk_…JOK1": {
    "blacklisted_until": 1780653138.6746063
  },
  "gsk_…bdFd": {
    "blacklisted_until": 1780653198.8166547
  }
}