{
  "gsk_…GQpc": {
    "blacklisted_until": 1780567183.2419105
  },
  "gsk_…M2TI": {
    "blacklisted_until": 1780567183.3111885
  },
  "gsk_…HF8S": {
    "blacklisted_until": 1780567353.0199993
  },
  "gsk_…JOK1": {
    "blacklisted_until": 1780567353.0877407
  },
  "gsk_…PxXM": {
    "blacklisted_until": 1780567413.1609972
  },
  "gsk_…bdFd": {
    "blacklisted_until": 1780567413.2322166
  }
}