{
  "gsk_…HF8S": {
    "blacklisted_until": 1780527855.7762094
  },
  "gsk_…PxXM": {
    "blacklisted_until": 1780527855.9354076
  },
  "gsk_…bdFd": {
    "blacklisted_until": 1780527855.4709537
  },
  "gsk_…GQpc": {
    "blacklisted_until": 1780527819.7232115
  },
  "gsk_…M2TI": {
    "blacklisted_until": 1780527819.8605697
  },
  "gsk_…JOK1": {
    "blacklisted_until": 1780527855.6299849
  }
}