{
  "gsk_…M2TI": {
    "blacklisted_until": 1782184105.2607024
  },
  "gsk_…GQpc": {
    "blacklisted_until": 1782184105.346378
  },
  "gsk_…PxXM": {
    "blacklisted_until": 1782184196.4619563
  },
  "gsk_…bdFd": {
    "blacklisted_until": 1782184196.531287
  },
  "gsk_…JOK1": {
    "blacklisted_until": 1782184196.60662
  },
  "gsk_…HF8S": {
    "blacklisted_until": 1782184196.6789742
  }
}