{
  "gsk_…PxXM": {
    "blacklisted_until": 1781849562.256592
  },
  "gsk_…bdFd": {
    "blacklisted_until": 1781849562.3455012
  }
}