{
  "gsk_…GQpc": {
    "blacklisted_until": 1779826966.2555165
  },
  "gsk_…M2TI": {
    "blacklisted_until": 1779826966.3227077
  },
  "gsk_…HF8S": {
    "blacklisted_until": 1779826966.4005885
  },
  "gsk_…PxXM": {
    "blacklisted_until": 1779826966.4626796
  },
  "gsk_…JOK1": {
    "blacklisted_until": 1779826966.1895578
  },
  "gsk_…bdFd": {
    "blacklisted_until": 1779826966.5286775
  }
}