{
  "gsk_…PxXM": {
    "blacklisted_until": 1779686196.7138722
  },
  "gsk_…bdFd": {
    "blacklisted_until": 1779686196.784945
  },
  "gsk_…JOK1": {
    "blacklisted_until": 1779686196.8597767
  },
  "gsk_…GQpc": {
    "blacklisted_until": 1779686196.931638
  },
  "gsk_…M2TI": {
    "blacklisted_until": 1779686197.008071
  },
  "gsk_…HF8S": {
    "blacklisted_until": 1779686197.0932176
  }
}