{
  "gsk_…HF8S": {
    "blacklisted_until": 1780120504.4606466
  },
  "gsk_…PxXM": {
    "blacklisted_until": 1780120504.5273495
  },
  "gsk_…bdFd": {
    "blacklisted_until": 1780120504.6740196
  },
  "gsk_…JOK1": {
    "blacklisted_until": 1780120504.741428
  },
  "gsk_…GQpc": {
    "blacklisted_until": 1780120504.327634
  },
  "gsk_…M2TI": {
    "blacklisted_until": 1780120504.3959806
  }
}