{
  "gsk_…HF8S": {
    "blacklisted_until": 1781499634.1396482
  },
  "gsk_…JOK1": {
    "blacklisted_until": 1781499633.7247064
  },
  "gsk_…GQpc": {
    "blacklisted_until": 1781499633.8650904
  },
  "gsk_…bdFd": {
    "blacklisted_until": 1781499633.5838435
  },
  "gsk_…M2TI": {
    "blacklisted_until": 1781499634.0021226
  },
  "gsk_…PxXM": {
    "blacklisted_until": 1781499634.2658267
  }
}