{
  "gsk_…PxXM": {
    "blacklisted_until": 1781021272.3691018
  },
  "gsk_…bdFd": {
    "blacklisted_until": 1781021272.4494224
  },
  "gsk_…JOK1": {
    "blacklisted_until": 1781021272.5253363
  },
  "gsk_…GQpc": {
    "blacklisted_until": 1781021272.6161692
  },
  "gsk_…M2TI": {
    "blacklisted_until": 1781021272.6862733
  },
  "gsk_…HF8S": {
    "blacklisted_until": 1781021272.7632976
  }
}