{
  "gsk_…bdFd": {
    "blacklisted_until": 1781884805.245665
  },
  "gsk_…HF8S": {
    "blacklisted_until": 1781884805.3325737
  },
  "gsk_…JOK1": {
    "blacklisted_until": 1781884896.0734658
  },
  "gsk_…PxXM": {
    "blacklisted_until": 1781884805.4108388
  },
  "gsk_…GQpc": {
    "blacklisted_until": 1781884956.2443285
  },
  "gsk_…M2TI": {
    "blacklisted_until": 1781884956.326296
  }
}