{
  "gsk_…GQpc": {
    "blacklisted_until": 1782220317.782288
  },
  "gsk_…M2TI": {
    "blacklisted_until": 1782220377.9545293
  },
  "gsk_…PxXM": {
    "blacklisted_until": 1782220410.0735784
  },
  "gsk_…bdFd": {
    "blacklisted_until": 1782220410.1575415
  },
  "gsk_…JOK1": {
    "blacklisted_until": 1782220410.2355626
  },
  "gsk_…HF8S": {
    "blacklisted_until": 1782220410.3170385
  }
}