{
  "gsk_…M2TI": {
    "blacklisted_until": 1780913806.0208354
  },
  "gsk_…PxXM": {
    "blacklisted_until": 1780913839.1767657
  },
  "gsk_…bdFd": {
    "blacklisted_until": 1780913839.2490282
  },
  "gsk_…JOK1": {
    "blacklisted_until": 1780913839.3160932
  },
  "gsk_…GQpc": {
    "blacklisted_until": 1780913839.3848302
  },
  "gsk_…HF8S": {
    "blacklisted_until": 1780913839.4468837
  }
}