{
  "gsk_…PxXM": {
    "blacklisted_until": 1782140577.1665866
  },
  "gsk_…bdFd": {
    "blacklisted_until": 1782140577.2417195
  },
  "gsk_…GQpc": {
    "blacklisted_until": 1782140545.5736918
  },
  "gsk_…M2TI": {
    "blacklisted_until": 1782140545.649887
  },
  "gsk_…JOK1": {
    "blacklisted_until": 1782140577.3085358
  },
  "gsk_…HF8S": {
    "blacklisted_until": 1782140577.3783586
  }
}