{
  "gsk_…PxXM": {
    "blacklisted_until": 1781848891.7235932
  },
  "gsk_…bdFd": {
    "blacklisted_until": 1781848891.8092787
  },
  "gsk_…JOK1": {
    "blacklisted_until": 1781848951.9003448
  },
  "gsk_…GQpc": {
    "blacklisted_until": 1781848951.9910114
  },
  "gsk_…HF8S": {
    "blacklisted_until": 1781848952.0835996
  },
  "gsk_…M2TI": {
    "blacklisted_until": 1781849012.2744577
  }
}