{
  "gsk_…bdFd": {
    "blacklisted_until": 1780606053.5852087
  },
  "gsk_…GQpc": {
    "blacklisted_until": 1780606144.8160226
  },
  "gsk_…M2TI": {
    "blacklisted_until": 1780606144.917509
  },
  "gsk_…HF8S": {
    "blacklisted_until": 1780606145.0470042
  },
  "gsk_…PxXM": {
    "blacklisted_until": 1780606145.1554604
  },
  "gsk_…JOK1": {
    "blacklisted_until": 1780606145.2684212
  }
}