{
  "gsk_…GQpc": {
    "blacklisted_until": 1781522383.8410208
  },
  "gsk_…M2TI": {
    "blacklisted_until": 1781522383.8931255
  },
  "gsk_…JOK1": {
    "blacklisted_until": 1781522456.1465573
  },
  "gsk_…HF8S": {
    "blacklisted_until": 1781522456.2357707
  },
  "gsk_…PxXM": {
    "blacklisted_until": 1781522607.0694153
  },
  "gsk_…bdFd": {
    "blacklisted_until": 1781522607.2122383
  }
}