{
  "gsk_…PxXM": {
    "blacklisted_until": 1782294376.5038056
  },
  "gsk_…bdFd": {
    "blacklisted_until": 1782294376.584402
  },
  "gsk_…HF8S": {
    "blacklisted_until": 1782294376.667192
  }
}