{
  "gsk_…GQpc": {
    "blacklisted_until": 1781278671.7721183
  },
  "gsk_…bdFd": {
    "blacklisted_until": 1781278612.5750763
  },
  "gsk_…PxXM": {
    "blacklisted_until": 1781278612.4966137
  },
  "gsk_…JOK1": {
    "blacklisted_until": 1781278461.403847
  },
  "gsk_…HF8S": {
    "blacklisted_until": 1781278461.4874892
  },
  "gsk_…M2TI": {
    "blacklisted_until": 1781278521.5698042
  }
}