{
  "gsk_…M2TI": {
    "blacklisted_until": 1780069876.5131896
  },
  "gsk_…PxXM": {
    "blacklisted_until": 1780069967.3080428
  },
  "gsk_…bdFd": {
    "blacklisted_until": 1780069967.4615211
  },
  "gsk_…JOK1": {
    "blacklisted_until": 1780069967.541265
  },
  "gsk_…GQpc": {
    "blacklisted_until": 1780069967.6160245
  },
  "gsk_…HF8S": {
    "blacklisted_until": 1780069967.7731135
  }
}