{
  "gsk_…bdFd": {
    "blacklisted_until": 1780356631.4978476
  },
  "gsk_…JOK1": {
    "blacklisted_until": 1780356781.9051523
  },
  "gsk_…GQpc": {
    "blacklisted_until": 1780356781.9731464
  },
  "gsk_…M2TI": {
    "blacklisted_until": 1780356782.042591
  }
}