{
  "gsk_…PxXM": {
    "blacklisted_until": 1782002652.3941846
  },
  "gsk_…bdFd": {
    "blacklisted_until": 1782002652.4622545
  }
}