{
  "gsk_…GQpc": {
    "blacklisted_until": 1781528647.9150612
  },
  "gsk_…M2TI": {
    "blacklisted_until": 1781528647.972643
  },
  "gsk_…HF8S": {
    "blacklisted_until": 1781528648.056056
  },
  "gsk_…PxXM": {
    "blacklisted_until": 1781528648.110518
  },
  "gsk_…bdFd": {
    "blacklisted_until": 1781528648.1637993
  },
  "gsk_…JOK1": {
    "blacklisted_until": 1781528648.2223346
  }
}