{
  "gsk_…HF8S": {
    "blacklisted_until": 1781697483.1870205
  },
  "gsk_…bdFd": {
    "blacklisted_until": 1781697391.6820893
  },
  "gsk_…PxXM": {
    "blacklisted_until": 1781697391.7869415
  },
  "gsk_…GQpc": {
    "blacklisted_until": 1781697482.9837787
  },
  "gsk_…M2TI": {
    "blacklisted_until": 1781697483.0870419
  },
  "gsk_…JOK1": {
    "blacklisted_until": 1781697483.2767966
  }
}