{
  "gsk_…bdFd": {
    "blacklisted_until": 1780364179.5327113
  },
  "gsk_…PxXM": {
    "blacklisted_until": 1780364179.4241014
  },
  "gsk_…JOK1": {
    "blacklisted_until": 1780364239.5966916
  },
  "gsk_…HF8S": {
    "blacklisted_until": 1780364272.6228354
  },
  "gsk_…GQpc": {
    "blacklisted_until": 1780364332.688571
  }
}