{
  "gsk_…bdFd": {
    "blacklisted_until": 1780408157.710334
  },
  "gsk_…JOK1": {
    "blacklisted_until": 1780408221.8232532
  },
  "gsk_…GQpc": {
    "blacklisted_until": 1780408221.8933535
  },
  "gsk_…M2TI": {
    "blacklisted_until": 1780408281.9773722
  },
  "gsk_…HF8S": {
    "blacklisted_until": 1780408342.077416
  },
  "gsk_…PxXM": {
    "blacklisted_until": 1780408342.146886
  }
}