{
  "gsk_…GQpc": {
    "blacklisted_until": 1780277158.7279744
  },
  "gsk_…M2TI": {
    "blacklisted_until": 1780277158.8011758
  }
}