{
  "gsk_…GQpc": {
    "blacklisted_until": 1782136200.7768881
  },
  "gsk_…HF8S": {
    "blacklisted_until": 1782136270.535372
  },
  "gsk_…PxXM": {
    "blacklisted_until": 1782136330.6062036
  },
  "gsk_…bdFd": {
    "blacklisted_until": 1782136330.6939425
  }
}