{
  "gsk_…PxXM": {
    "blacklisted_until": 1781199837.3769372
  },
  "gsk_…bdFd": {
    "blacklisted_until": 1781199837.5268776
  },
  "gsk_…HF8S": {
    "blacklisted_until": 1781199837.6805336
  },
  "gsk_…GQpc": {
    "blacklisted_until": 1781200019.6361544
  },
  "gsk_…M2TI": {
    "blacklisted_until": 1781200019.791229
  },
  "gsk_…JOK1": {
    "blacklisted_until": 1781200019.9453325
  }
}