{
  "gsk_…M2TI": {
    "blacklisted_until": 1781190690.5395732
  },
  "gsk_…PxXM": {
    "blacklisted_until": 1781190781.926759
  },
  "gsk_…bdFd": {
    "blacklisted_until": 1781190782.089381
  },
  "gsk_…JOK1": {
    "blacklisted_until": 1781190782.2441115
  },
  "gsk_…GQpc": {
    "blacklisted_until": 1781190782.3960035
  },
  "gsk_…HF8S": {
    "blacklisted_until": 1781190782.5478134
  }
}