{
  "gsk_…bdFd": {
    "blacklisted_until": 1780608249.3214648
  },
  "gsk_…M2TI": {
    "blacklisted_until": 1780608431.3288865
  },
  "gsk_…GQpc": {
    "blacklisted_until": 1780608431.4312034
  }
}