{
  "gsk_…PxXM": {
    "blacklisted_until": 1781647101.0901775
  },
  "gsk_…bdFd": {
    "blacklisted_until": 1781647101.144027
  }
}