{
  "gsk_…PxXM": {
    "blacklisted_until": 1781708647.4026148
  },
  "gsk_…bdFd": {
    "blacklisted_until": 1781708647.5943232
  },
  "gsk_…JOK1": {
    "blacklisted_until": 1781708889.4069643
  },
  "gsk_…GQpc": {
    "blacklisted_until": 1781708889.503843
  },
  "gsk_…M2TI": {
    "blacklisted_until": 1781708889.6049042
  },
  "gsk_…HF8S": {
    "blacklisted_until": 1781708889.7084546
  }
}