{
  "gsk_…bdFd": {
    "blacklisted_until": 1782382166.4480667
  },
  "gsk_…M2TI": {
    "blacklisted_until": 1782382171.3011565
  },
  "gsk_…HF8S": {
    "blacklisted_until": 1782382171.3771322
  },
  "gsk_…PxXM": {
    "blacklisted_until": 1782382171.4403589
  },
  "gsk_…JOK1": {
    "blacklisted_until": 1782382171.5110002
  },
  "gsk_…GQpc": {
    "blacklisted_until": 1782382171.593782
  }
}