{
  "gsk_…M2TI": {
    "blacklisted_until": 1780315504.8830016
  },
  "gsk_…PxXM": {
    "blacklisted_until": 1780315595.7644546
  },
  "gsk_…bdFd": {
    "blacklisted_until": 1780315595.833293
  },
  "gsk_…GQpc": {
    "blacklisted_until": 1780315652.155312
  },
  "gsk_…HF8S": {
    "blacklisted_until": 1780315652.2316623
  },
  "gsk_…JOK1": {
    "blacklisted_until": 1780315652.295059
  }
}