{
  "gsk_…PxXM": {
    "blacklisted_until": 1779727796.2093613
  },
  "gsk_…bdFd": {
    "blacklisted_until": 1779727796.360765
  },
  "gsk_…JOK1": {
    "blacklisted_until": 1779727796.4715276
  },
  "gsk_…GQpc": {
    "blacklisted_until": 1779727796.618773
  },
  "gsk_…M2TI": {
    "blacklisted_until": 1779727796.757556
  },
  "gsk_…HF8S": {
    "blacklisted_until": 1779727796.8980317
  }
}