{
  "gsk_…M2TI": {
    "blacklisted_until": 1780698598.0246398
  },
  "gsk_…PxXM": {
    "blacklisted_until": 1780698720.4137423
  },
  "gsk_…bdFd": {
    "blacklisted_until": 1780698720.5593486
  }
}