{
  "gsk_…GQpc": {
    "blacklisted_until": 1780622539.8050246
  },
  "gsk_…M2TI": {
    "blacklisted_until": 1780622539.9107711
  },
  "gsk_…PxXM": {
    "blacklisted_until": 1780622605.1738286
  },
  "gsk_…JOK1": {
    "blacklisted_until": 1780622605.281988
  },
  "gsk_…HF8S": {
    "blacklisted_until": 1780622605.391805
  },
  "gsk_…bdFd": {
    "blacklisted_until": 1780622756.004409
  }
}