{
  "gsk_…PxXM": {
    "blacklisted_until": 1782175490.0438366
  },
  "gsk_…bdFd": {
    "blacklisted_until": 1782175490.1108925
  }
}