{
  "gsk_…M2TI": {
    "blacklisted_until": 1782263799.7777638
  },
  "gsk_…GQpc": {
    "blacklisted_until": 1782263799.6926084
  },
  "gsk_…JOK1": {
    "blacklisted_until": 1782263799.8597558
  },
  "gsk_…PxXM": {
    "blacklisted_until": 1782264027.2457144
  },
  "gsk_…bdFd": {
    "blacklisted_until": 1782264027.3277247
  },
  "gsk_…HF8S": {
    "blacklisted_until": 1782264027.4090486
  }
}