{
  "gsk_…GQpc": {
    "blacklisted_until": 1781083262.8374846
  },
  "gsk_…M2TI": {
    "blacklisted_until": 1781083262.9064493
  },
  "gsk_…HF8S": {
    "blacklisted_until": 1781083262.9731483
  },
  "gsk_…PxXM": {
    "blacklisted_until": 1781083263.0490437
  },
  "gsk_…JOK1": {
    "blacklisted_until": 1781083262.7630062
  },
  "gsk_…bdFd": {
    "blacklisted_until": 1781083216.100029
  }
}