{
  "gsk_…JOK1": {
    "blacklisted_until": 1782144909.6787767
  },
  "gsk_…HF8S": {
    "blacklisted_until": 1782144909.753329
  },
  "gsk_…PxXM": {
    "blacklisted_until": 1782144909.8260477
  }
}