{
  "gsk_…bdFd": {
    "blacklisted_until": 1781922039.0200415
  },
  "gsk_…JOK1": {
    "blacklisted_until": 1781922038.6107721
  },
  "gsk_…M2TI": {
    "blacklisted_until": 1781922038.7734559
  },
  "gsk_…HF8S": {
    "blacklisted_until": 1781922038.862577
  },
  "gsk_…PxXM": {
    "blacklisted_until": 1781922038.9418373
  },
  "gsk_…GQpc": {
    "blacklisted_until": 1781922038.693405
  }
}