{
  "gsk_…HF8S": {
    "blacklisted_until": 1781371782.5856059
  },
  "gsk_…PxXM": {
    "blacklisted_until": 1781371782.6621034
  },
  "gsk_…bdFd": {
    "blacklisted_until": 1781371782.7384434
  },
  "gsk_…GQpc": {
    "blacklisted_until": 1781371660.6468823
  },
  "gsk_…JOK1": {
    "blacklisted_until": 1781371691.8485734
  },
  "gsk_…M2TI": {
    "blacklisted_until": 1781371691.9362857
  }
}