{
  "gsk_…PxXM": {
    "blacklisted_until": 1780658587.7375703
  },
  "gsk_…bdFd": {
    "blacklisted_until": 1780658587.8638122
  },
  "gsk_…HF8S": {
    "blacklisted_until": 1780658587.950942
  },
  "gsk_…JOK1": {
    "blacklisted_until": 1780658738.6709542
  },
  "gsk_…GQpc": {
    "blacklisted_until": 1780658798.8241997
  },
  "gsk_…M2TI": {
    "blacklisted_until": 1780658798.9364877
  }
}