{
  "gsk_…GQpc": {
    "blacklisted_until": 1782310586.922182
  },
  "gsk_…M2TI": {
    "blacklisted_until": 1782310555.3951335
  },
  "gsk_…HF8S": {
    "blacklisted_until": 1782310587.0114574
  },
  "gsk_…PxXM": {
    "blacklisted_until": 1782310586.7500427
  },
  "gsk_…bdFd": {
    "blacklisted_until": 1782310586.8299546
  },
  "gsk_…JOK1": {
    "blacklisted_until": 1782310647.1039078
  }
}