{
  "gsk_…PxXM": {
    "blacklisted_until": 1781107239.5950232
  },
  "gsk_…bdFd": {
    "blacklisted_until": 1781107239.665921
  },
  "gsk_…GQpc": {
    "blacklisted_until": 1781107270.769402
  },
  "gsk_…M2TI": {
    "blacklisted_until": 1781107270.838927
  },
  "gsk_…HF8S": {
    "blacklisted_until": 1781107270.9098938
  },
  "gsk_…JOK1": {
    "blacklisted_until": 1781107270.9683185
  }
}