{
  "gsk_…PxXM": {
    "blacklisted_until": 1779828604.2935538
  },
  "gsk_…bdFd": {
    "blacklisted_until": 1779828604.6477234
  },
  "gsk_…JOK1": {
    "blacklisted_until": 1779828604.7681642
  },
  "gsk_…GQpc": {
    "blacklisted_until": 1779828604.8361642
  },
  "gsk_…M2TI": {
    "blacklisted_until": 1779828604.9056573
  },
  "gsk_…HF8S": {
    "blacklisted_until": 1779828605.1503043
  }
}