{
  "gsk_…bdFd": {
    "blacklisted_until": 1781021682.5611224
  },
  "gsk_…GQpc": {
    "blacklisted_until": 1781021713.574925
  },
  "gsk_…M2TI": {
    "blacklisted_until": 1781021713.7726362
  },
  "gsk_…HF8S": {
    "blacklisted_until": 1781021713.848229
  },
  "gsk_…PxXM": {
    "blacklisted_until": 1781021714.0419714
  },
  "gsk_…JOK1": {
    "blacklisted_until": 1781021714.112381
  }
}