{
  "gsk_…GQpc": {
    "blacklisted_until": 1780530687.9115891
  },
  "gsk_…M2TI": {
    "blacklisted_until": 1780530688.0488799
  },
  "gsk_…HF8S": {
    "blacklisted_until": 1780530688.1846776
  },
  "gsk_…PxXM": {
    "blacklisted_until": 1780530688.3241034
  },
  "gsk_…JOK1": {
    "blacklisted_until": 1780530688.4630592
  }
}