{
  "gsk_…HF8S": {
    "blacklisted_until": 1780108175.311805
  },
  "gsk_…bdFd": {
    "blacklisted_until": 1780108175.3761299
  },
  "gsk_…GQpc": {
    "blacklisted_until": 1780108266.2274604
  },
  "gsk_…M2TI": {
    "blacklisted_until": 1780108266.2932422
  }
}