{
  "gsk_…PxXM": {
    "blacklisted_until": 1779772624.290237
  },
  "gsk_…bdFd": {
    "blacklisted_until": 1779772624.2254736
  },
  "gsk_…JOK1": {
    "blacklisted_until": 1779772684.3555613
  },
  "gsk_…GQpc": {
    "blacklisted_until": 1779772684.4285626
  },
  "gsk_…M2TI": {
    "blacklisted_until": 1779772684.508713
  },
  "gsk_…HF8S": {
    "blacklisted_until": 1779772684.573643
  }
}