{
  "gsk_…PxXM": {
    "blacklisted_until": 1779990147.0092115
  },
  "gsk_…bdFd": {
    "blacklisted_until": 1779990167.613707
  },
  "gsk_…M2TI": {
    "blacklisted_until": 1779990231.9605095
  },
  "gsk_…JOK1": {
    "blacklisted_until": 1779990232.0522873
  },
  "gsk_…GQpc": {
    "blacklisted_until": 1779990232.2043746
  },
  "gsk_…HF8S": {
    "blacklisted_until": 1779990292.3111289
  }
}