{
  "gsk_…JOK1": {
    "blacklisted_until": 1781413235.6113348
  },
  "gsk_…PxXM": {
    "blacklisted_until": 1781413204.5519328
  },
  "gsk_…bdFd": {
    "blacklisted_until": 1781413204.6200936
  },
  "gsk_…HF8S": {
    "blacklisted_until": 1781413235.546356
  },
  "gsk_…GQpc": {
    "blacklisted_until": 1781413295.6847038
  },
  "gsk_…M2TI": {
    "blacklisted_until": 1781413355.7585938
  }
}