{
  "gsk_…bdFd": {
    "blacklisted_until": 1780946705.8837194
  },
  "gsk_…PxXM": {
    "blacklisted_until": 1780946705.77759
  },
  "gsk_…GQpc": {
    "blacklisted_until": 1780946796.699173
  },
  "gsk_…M2TI": {
    "blacklisted_until": 1780946856.83266
  },
  "gsk_…JOK1": {
    "blacklisted_until": 1780946888.0511873
  },
  "gsk_…HF8S": {
    "blacklisted_until": 1780946888.1540706
  }
}