{
  "gsk_…PxXM": {
    "blacklisted_until": 1782100996.6129599
  },
  "gsk_…bdFd": {
    "blacklisted_until": 1782100996.682824
  },
  "gsk_…HF8S": {
    "blacklisted_until": 1782100996.548564
  },
  "gsk_…JOK1": {
    "blacklisted_until": 1782100905.8358767
  },
  "gsk_…GQpc": {
    "blacklisted_until": 1782100905.9046836
  },
  "gsk_…M2TI": {
    "blacklisted_until": 1782100905.97193
  }
}