{
  "gsk_…M2TI": {
    "blacklisted_until": 1782186899.3369298
  },
  "gsk_…PxXM": {
    "blacklisted_until": 1782186930.5418704
  },
  "gsk_…bdFd": {
    "blacklisted_until": 1782186930.6268153
  },
  "gsk_…JOK1": {
    "blacklisted_until": 1782186930.6952631
  },
  "gsk_…GQpc": {
    "blacklisted_until": 1782186930.7575371
  },
  "gsk_…HF8S": {
    "blacklisted_until": 1782186930.8254235
  }
}