{
  "gsk_…PxXM": {
    "blacklisted_until": 1781961220.79146
  },
  "gsk_…bdFd": {
    "blacklisted_until": 1781961220.8572168
  }
}