{
  "gsk_…M2TI": {
    "blacklisted_until": 1779766833.7598274
  },
  "gsk_…PxXM": {
    "blacklisted_until": 1779766836.0831783
  },
  "gsk_…bdFd": {
    "blacklisted_until": 1779766836.1485167
  },
  "gsk_…JOK1": {
    "blacklisted_until": 1779766836.2120206
  },
  "gsk_…GQpc": {
    "blacklisted_until": 1779766836.2777681
  },
  "gsk_…HF8S": {
    "blacklisted_until": 1779766836.3427498
  }
}