{
  "gsk_…PxXM": {
    "blacklisted_until": 1780480673.4908912
  },
  "gsk_…bdFd": {
    "blacklisted_until": 1780480673.6323092
  }
}