{
  "gsk_…JOK1": {
    "blacklisted_until": 1782380847.866797
  },
  "gsk_…GQpc": {
    "blacklisted_until": 1782380847.933446
  },
  "gsk_…M2TI": {
    "blacklisted_until": 1782380847.9974678
  },
  "gsk_…HF8S": {
    "blacklisted_until": 1782380848.0699165
  },
  "gsk_…PxXM": {
    "blacklisted_until": 1782380848.1408517
  },
  "gsk_…bdFd": {
    "blacklisted_until": 1782380848.2101078
  }
}