{
  "gsk_…bdFd": {
    "blacklisted_until": 1781146960.0622184
  },
  "gsk_…PxXM": {
    "blacklisted_until": 1781146960.2101667
  },
  "gsk_…JOK1": {
    "blacklisted_until": 1781147020.3746681
  },
  "gsk_…GQpc": {
    "blacklisted_until": 1781147020.563647
  },
  "gsk_…M2TI": {
    "blacklisted_until": 1781147020.706983
  },
  "gsk_…HF8S": {
    "blacklisted_until": 1781147020.8492303
  }
}