{
  "gsk_…PxXM": {
    "blacklisted_until": 1780148106.7286577
  },
  "gsk_…bdFd": {
    "blacklisted_until": 1780148106.7997286
  }
}