{
  "gsk_…PxXM": {
    "blacklisted_until": 1781281195.6676097
  },
  "gsk_…bdFd": {
    "blacklisted_until": 1781281195.7366016
  },
  "gsk_…GQpc": {
    "blacklisted_until": 1781280984.5892348
  },
  "gsk_…M2TI": {
    "blacklisted_until": 1781280984.659456
  },
  "gsk_…JOK1": {
    "blacklisted_until": 1781280984.7306101
  },
  "gsk_…HF8S": {
    "blacklisted_until": 1781281105.031535
  }
}