{
  "gsk_…PxXM": {
    "blacklisted_until": 1781441195.9962134
  },
  "gsk_…bdFd": {
    "blacklisted_until": 1781441196.0724268
  },
  "gsk_…HF8S": {
    "blacklisted_until": 1781441195.9177477
  },
  "gsk_…JOK1": {
    "blacklisted_until": 1781441372.7386706
  },
  "gsk_…GQpc": {
    "blacklisted_until": 1781441432.916373
  },
  "gsk_…M2TI": {
    "blacklisted_until": 1781441432.9949732
  }
}