{
  "gsk_…JOK1": {
    "blacklisted_until": 1780073645.766217
  },
  "gsk_…M2TI": {
    "blacklisted_until": 1780073789.1119323
  },
  "gsk_…HF8S": {
    "blacklisted_until": 1780073789.1918275
  },
  "gsk_…PxXM": {
    "blacklisted_until": 1780073789.2604938
  },
  "gsk_…GQpc": {
    "blacklisted_until": 1780073789.3276749
  }
}