{
  "gsk_…GQpc": {
    "blacklisted_until": 1781071577.745631
  },
  "gsk_…M2TI": {
    "blacklisted_until": 1781071577.8706799
  },
  "gsk_…HF8S": {
    "blacklisted_until": 1781071577.938514
  },
  "gsk_…PxXM": {
    "blacklisted_until": 1781071578.0098777
  },
  "gsk_…bdFd": {
    "blacklisted_until": 1781071546.7170143
  },
  "gsk_…JOK1": {
    "blacklisted_until": 1781071578.0841277
  }
}