{
  "gsk_…GQpc": {
    "blacklisted_until": 1782304030.3457804
  },
  "gsk_…M2TI": {
    "blacklisted_until": 1782304030.4228373
  },
  "gsk_…HF8S": {
    "blacklisted_until": 1782304271.8479893
  },
  "gsk_…PxXM": {
    "blacklisted_until": 1782304271.941597
  },
  "gsk_…bdFd": {
    "blacklisted_until": 1782304272.0211365
  }
}