{
  "gsk_…bdFd": {
    "blacklisted_until": 1780363551.9435072
  },
  "gsk_…GQpc": {
    "blacklisted_until": 1780363712.7154255
  },
  "gsk_…M2TI": {
    "blacklisted_until": 1780363772.7817733
  }
}