{
  "gsk_…JOK1": {
    "blacklisted_until": 1780288434.1892297
  },
  "gsk_…GQpc": {
    "blacklisted_until": 1780288402.9326334
  },
  "gsk_…M2TI": {
    "blacklisted_until": 1780288403.004681
  },
  "gsk_…HF8S": {
    "blacklisted_until": 1780288434.2542365
  },
  "gsk_…PxXM": {
    "blacklisted_until": 1780288434.0503807
  },
  "gsk_…bdFd": {
    "blacklisted_until": 1780288434.117513
  }
}