{
  "gsk_…M2TI": {
    "blacklisted_until": 1780020865.6317315
  },
  "gsk_…PxXM": {
    "blacklisted_until": 1780020896.604907
  },
  "gsk_…bdFd": {
    "blacklisted_until": 1780020896.6791284
  },
  "gsk_…JOK1": {
    "blacklisted_until": 1780020896.7464838
  },
  "gsk_…GQpc": {
    "blacklisted_until": 1780020896.813827
  },
  "gsk_…HF8S": {
    "blacklisted_until": 1780020896.8899379
  }
}