{
  "gsk_…JOK1": {
    "blacklisted_until": 1781029922.1841586
  },
  "gsk_…GQpc": {
    "blacklisted_until": 1781029922.260617
  },
  "gsk_…M2TI": {
    "blacklisted_until": 1781029922.3283052
  }
}