{
  "gsk_…PxXM": {
    "blacklisted_until": 1781229346.3716407
  },
  "gsk_…bdFd": {
    "blacklisted_until": 1781229346.4540043
  },
  "gsk_…JOK1": {
    "blacklisted_until": 1781229346.5528057
  },
  "gsk_…GQpc": {
    "blacklisted_until": 1781229346.6365585
  },
  "gsk_…M2TI": {
    "blacklisted_until": 1781229346.6980467
  },
  "gsk_…HF8S": {
    "blacklisted_until": 1781229346.2859747
  }
}