{
  "gsk_…PxXM": {
    "blacklisted_until": 1781114223.110352
  },
  "gsk_…bdFd": {
    "blacklisted_until": 1781114223.182376
  },
  "gsk_…HF8S": {
    "blacklisted_until": 1781114223.2486534
  },
  "gsk_…GQpc": {
    "blacklisted_until": 1781114405.0782244
  },
  "gsk_…M2TI": {
    "blacklisted_until": 1781114405.1386561
  },
  "gsk_…JOK1": {
    "blacklisted_until": 1781114405.2057488
  }
}