{
  "gsk_…JOK1": {
    "blacklisted_until": 1779939320.0233457
  },
  "gsk_…GQpc": {
    "blacklisted_until": 1779939320.0892382
  },
  "gsk_…M2TI": {
    "blacklisted_until": 1779939320.1549652
  },
  "gsk_…HF8S": {
    "blacklisted_until": 1779939320.2212384
  },
  "gsk_…PxXM": {
    "blacklisted_until": 1779939502.3208835
  },
  "gsk_…bdFd": {
    "blacklisted_until": 1779939502.3908951
  }
}