{
  "gsk_…GQpc": {
    "blacklisted_until": 1781662358.726413
  },
  "gsk_…M2TI": {
    "blacklisted_until": 1781662178.3342102
  },
  "gsk_…HF8S": {
    "blacklisted_until": 1781662178.3925755
  }
}