{
  "gsk_…GQpc": {
    "blacklisted_until": 1781977035.4108472
  },
  "gsk_…M2TI": {
    "blacklisted_until": 1781977035.4781618
  },
  "gsk_…HF8S": {
    "blacklisted_until": 1781977095.5651572
  },
  "gsk_…PxXM": {
    "blacklisted_until": 1781977095.6327066
  },
  "gsk_…bdFd": {
    "blacklisted_until": 1781977095.6973853
  },
  "gsk_…JOK1": {
    "blacklisted_until": 1781977095.7617695
  }
}