{
  "gsk_…GQpc": {
    "blacklisted_until": 1782189130.0044336
  },
  "gsk_…M2TI": {
    "blacklisted_until": 1782189130.0770676
  },
  "gsk_…HF8S": {
    "blacklisted_until": 1782189130.1431704
  },
  "gsk_…PxXM": {
    "blacklisted_until": 1782189130.208791
  },
  "gsk_…bdFd": {
    "blacklisted_until": 1782189130.2768834
  },
  "gsk_…JOK1": {
    "blacklisted_until": 1782189130.343728
  }
}