{
  "gsk_…HF8S": {
    "blacklisted_until": 1780412011.7141829
  },
  "gsk_…PxXM": {
    "blacklisted_until": 1780412011.5351856
  },
  "gsk_…bdFd": {
    "blacklisted_until": 1780412011.6425793
  },
  "gsk_…M2TI": {
    "blacklisted_until": 1780411890.0058408
  },
  "gsk_…JOK1": {
    "blacklisted_until": 1780411890.0976386
  },
  "gsk_…GQpc": {
    "blacklisted_until": 1780411890.1679733
  }
}