{
  "gsk_…M2TI": {
    "blacklisted_until": 1781933219.4128783
  },
  "gsk_…bdFd": {
    "blacklisted_until": 1781933219.4934704
  },
  "gsk_…JOK1": {
    "blacklisted_until": 1781933219.5746195
  },
  "gsk_…GQpc": {
    "blacklisted_until": 1781933219.660705
  },
  "gsk_…HF8S": {
    "blacklisted_until": 1781933279.7395182
  },
  "gsk_…PxXM": {
    "blacklisted_until": 1781933279.816147
  }
}