{
  "gsk_…PxXM": {
    "blacklisted_until": 1781699954.1257353
  },
  "gsk_…bdFd": {
    "blacklisted_until": 1781699954.2391589
  },
  "gsk_…GQpc": {
    "blacklisted_until": 1781700045.5942397
  },
  "gsk_…M2TI": {
    "blacklisted_until": 1781700045.6880307
  },
  "gsk_…JOK1": {
    "blacklisted_until": 1781700045.8167024
  },
  "gsk_…HF8S": {
    "blacklisted_until": 1781700105.9195979
  }
}