{
  "gsk_…GQpc": {
    "blacklisted_until": 1781776604.7279167
  },
  "gsk_…HF8S": {
    "blacklisted_until": 1781776302.7631762
  },
  "gsk_…JOK1": {
    "blacklisted_until": 1781776604.6591616
  },
  "gsk_…M2TI": {
    "blacklisted_until": 1781776362.9862351
  },
  "gsk_…PxXM": {
    "blacklisted_until": 1781776513.590565
  },
  "gsk_…bdFd": {
    "blacklisted_until": 1781776513.6555977
  }
}