{
  "gsk_…bdFd": {
    "blacklisted_until": 1781148224.5584757
  },
  "gsk_…PxXM": {
    "blacklisted_until": 1781148224.7026653
  }
}