{
  "gsk_…HF8S": {
    "blacklisted_until": 1782136952.4473078
  },
  "gsk_…GQpc": {
    "blacklisted_until": 1782136952.371714
  },
  "gsk_…PxXM": {
    "blacklisted_until": 1782137012.5201418
  },
  "gsk_…bdFd": {
    "blacklisted_until": 1782137012.5941787
  },
  "gsk_…JOK1": {
    "blacklisted_until": 1782137163.2308586
  },
  "gsk_…M2TI": {
    "blacklisted_until": 1782137163.312195
  }
}