{
  "gsk_…PxXM": {
    "blacklisted_until": 1780201971.9750593
  },
  "gsk_…bdFd": {
    "blacklisted_until": 1780201972.0574615
  },
  "gsk_…HF8S": {
    "blacklisted_until": 1780201972.1369555
  },
  "gsk_…GQpc": {
    "blacklisted_until": 1780202122.7386303
  },
  "gsk_…M2TI": {
    "blacklisted_until": 1780202182.820463
  },
  "gsk_…JOK1": {
    "blacklisted_until": 1780202182.8944192
  }
}