{
  "gsk_…PxXM": {
    "blacklisted_until": 1782265049.4597578
  },
  "gsk_…bdFd": {
    "blacklisted_until": 1782265049.548887
  },
  "gsk_…HF8S": {
    "blacklisted_until": 1782265049.3730965
  },
  "gsk_…GQpc": {
    "blacklisted_until": 1782264867.8418155
  },
  "gsk_…M2TI": {
    "blacklisted_until": 1782264867.9237623
  },
  "gsk_…JOK1": {
    "blacklisted_until": 1782264868.0024612
  }
}