{
  "gsk_…bdFd": {
    "blacklisted_until": 1781691110.1802359
  },
  "gsk_…PxXM": {
    "blacklisted_until": 1781691110.2760427
  },
  "gsk_…GQpc": {
    "blacklisted_until": 1781691201.9186506
  },
  "gsk_…M2TI": {
    "blacklisted_until": 1781691202.0152516
  },
  "gsk_…JOK1": {
    "blacklisted_until": 1781691233.523462
  },
  "gsk_…HF8S": {
    "blacklisted_until": 1781691233.6198015
  }
}