{
  "gsk_…M2TI": {
    "blacklisted_until": 1781972189.351887
  },
  "gsk_…JOK1": {
    "blacklisted_until": 1781972008.0066416
  },
  "gsk_…GQpc": {
    "blacklisted_until": 1781972008.0738018
  },
  "gsk_…HF8S": {
    "blacklisted_until": 1781972008.1397808
  }
}