{
  "gsk_…bdFd": {
    "blacklisted_until": 1781152638.9426765
  },
  "gsk_…PxXM": {
    "blacklisted_until": 1781152638.8041556
  },
  "gsk_…JOK1": {
    "blacklisted_until": 1781152789.6665099
  },
  "gsk_…GQpc": {
    "blacklisted_until": 1781152789.812212
  },
  "gsk_…M2TI": {
    "blacklisted_until": 1781152789.9622798
  }
}