{
  "gsk_…GQpc": {
    "blacklisted_until": 1779944755.3902576
  },
  "gsk_…M2TI": {
    "blacklisted_until": 1779944755.4477084
  },
  "gsk_…JOK1": {
    "blacklisted_until": 1779944755.507775
  }
}