{
  "gsk_…PxXM": {
    "blacklisted_until": 1781524002.5592365
  },
  "gsk_…bdFd": {
    "blacklisted_until": 1781524002.6314802
  },
  "gsk_…M2TI": {
    "blacklisted_until": 1781524034.2376015
  },
  "gsk_…GQpc": {
    "blacklisted_until": 1781524034.366892
  },
  "gsk_…JOK1": {
    "blacklisted_until": 1781524141.4390545
  },
  "gsk_…HF8S": {
    "blacklisted_until": 1781524141.490464
  }
}