{
  "gsk_…bdFd": {
    "blacklisted_until": 1781360223.0402777
  },
  "gsk_…GQpc": {
    "blacklisted_until": 1781360334.193206
  },
  "gsk_…M2TI": {
    "blacklisted_until": 1781360394.273214
  },
  "gsk_…HF8S": {
    "blacklisted_until": 1781360394.3499684
  },
  "gsk_…PxXM": {
    "blacklisted_until": 1781360394.4266448
  },
  "gsk_…JOK1": {
    "blacklisted_until": 1781360394.5021892
  }
}