{
  "gsk_…GQpc": {
    "blacklisted_until": 1780837832.392899
  },
  "gsk_…M2TI": {
    "blacklisted_until": 1780837832.4740422
  },
  "gsk_…HF8S": {
    "blacklisted_until": 1780837832.5523076
  },
  "gsk_…PxXM": {
    "blacklisted_until": 1780837832.6375957
  },
  "gsk_…JOK1": {
    "blacklisted_until": 1780837832.714014
  },
  "gsk_…bdFd": {
    "blacklisted_until": 1780837892.7993927
  }
}