{
  "gsk_…GQpc": {
    "blacklisted_until": 1781329647.770732
  },
  "gsk_…M2TI": {
    "blacklisted_until": 1781329647.8414233
  },
  "gsk_…JOK1": {
    "blacklisted_until": 1781329650.3639
  },
  "gsk_…HF8S": {
    "blacklisted_until": 1781329681.3933225
  },
  "gsk_…PxXM": {
    "blacklisted_until": 1781329741.7227254
  },
  "gsk_…bdFd": {
    "blacklisted_until": 1781329741.7905664
  }
}