{
  "gsk_…bdFd": {
    "blacklisted_until": 1780652575.315249
  },
  "gsk_…GQpc": {
    "blacklisted_until": 1780652757.1583004
  },
  "gsk_…M2TI": {
    "blacklisted_until": 1780652757.2616475
  },
  "gsk_…PxXM": {
    "blacklisted_until": 1780652804.4774282
  },
  "gsk_…JOK1": {
    "blacklisted_until": 1780652804.560519
  },
  "gsk_…HF8S": {
    "blacklisted_until": 1780652804.7474768
  }
}