{
  "gsk_…JOK1": {
    "blacklisted_until": 1782010006.7875822
  },
  "gsk_…GQpc": {
    "blacklisted_until": 1782010066.8561897
  },
  "gsk_…M2TI": {
    "blacklisted_until": 1782010066.9211946
  },
  "gsk_…PxXM": {
    "blacklisted_until": 1782010158.3470087
  }
}