{
  "gsk_…PxXM": {
    "blacklisted_until": 1781234680.7453175
  },
  "gsk_…bdFd": {
    "blacklisted_until": 1781234680.851827
  },
  "gsk_…JOK1": {
    "blacklisted_until": 1781234379.1324015
  },
  "gsk_…HF8S": {
    "blacklisted_until": 1781234680.657269
  },
  "gsk_…GQpc": {
    "blacklisted_until": 1781234529.8589973
  },
  "gsk_…M2TI": {
    "blacklisted_until": 1781234590.0196698
  }
}