{
  "gsk_…M2TI": {
    "blacklisted_until": 1780406673.5589929
  },
  "gsk_…HF8S": {
    "blacklisted_until": 1780406673.636783
  },
  "gsk_…PxXM": {
    "blacklisted_until": 1780406673.7106268
  },
  "gsk_…bdFd": {
    "blacklisted_until": 1780406885.4999235
  }
}