{
  "gsk_…PxXM": {
    "blacklisted_until": 1782252611.9192827
  },
  "gsk_…bdFd": {
    "blacklisted_until": 1782252612.000548
  },
  "gsk_…M2TI": {
    "blacklisted_until": 1782252646.0752046
  },
  "gsk_…HF8S": {
    "blacklisted_until": 1782252646.159924
  },
  "gsk_…JOK1": {
    "blacklisted_until": 1782252646.2489321
  },
  "gsk_…GQpc": {
    "blacklisted_until": 1782252646.3292363
  }
}