{
  "gsk_…JOK1": {
    "blacklisted_until": 1782009035.626149
  },
  "gsk_…GQpc": {
    "blacklisted_until": 1782009095.6934283
  },
  "gsk_…M2TI": {
    "blacklisted_until": 1782009095.7606826
  }
}