{
  "gsk_…GQpc": {
    "blacklisted_until": 1781404869.2853284
  },
  "gsk_…M2TI": {
    "blacklisted_until": 1781404869.3531253
  },
  "gsk_…JOK1": {
    "blacklisted_until": 1781404869.4252687
  }
}