{
  "gsk_…M2TI": {
    "blacklisted_until": 1780278554.9705834
  },
  "gsk_…GQpc": {
    "blacklisted_until": 1780278555.0377872
  },
  "gsk_…HF8S": {
    "blacklisted_until": 1780278615.1129553
  },
  "gsk_…PxXM": {
    "blacklisted_until": 1780278615.1741512
  },
  "gsk_…bdFd": {
    "blacklisted_until": 1780278615.2373557
  },
  "gsk_…JOK1": {
    "blacklisted_until": 1780278615.3061433
  }
}