{
  "gsk_…bdFd": {
    "blacklisted_until": 1782256664.6047547
  },
  "gsk_…PxXM": {
    "blacklisted_until": 1782256664.6803198
  },
  "gsk_…JOK1": {
    "blacklisted_until": 1782256724.763005
  },
  "gsk_…GQpc": {
    "blacklisted_until": 1782256724.8427253
  },
  "gsk_…M2TI": {
    "blacklisted_until": 1782256724.9283493
  },
  "gsk_…HF8S": {
    "blacklisted_until": 1782256725.0073721
  }
}