{
  "gsk_…GQpc": {
    "blacklisted_until": 1782138825.9268982
  },
  "gsk_…M2TI": {
    "blacklisted_until": 1782138825.9978752
  },
  "gsk_…JOK1": {
    "blacklisted_until": 1782138826.0665443
  },
  "gsk_…HF8S": {
    "blacklisted_until": 1782138968.4824345
  },
  "gsk_…PxXM": {
    "blacklisted_until": 1782139028.5573492
  },
  "gsk_…bdFd": {
    "blacklisted_until": 1782139028.6338546
  }
}