{
  "gsk_…GQpc": {
    "blacklisted_until": 1781445799.6030293
  },
  "gsk_…M2TI": {
    "blacklisted_until": 1781446136.0539858
  },
  "gsk_…HF8S": {
    "blacklisted_until": 1781445799.764364
  },
  "gsk_…PxXM": {
    "blacklisted_until": 1781445799.8447926
  },
  "gsk_…bdFd": {
    "blacklisted_until": 1781445799.9285522
  },
  "gsk_…JOK1": {
    "blacklisted_until": 1781445800.0121508
  }
}