{
  "gsk_…PxXM": {
    "blacklisted_until": 1780311749.0546916
  },
  "gsk_…bdFd": {
    "blacklisted_until": 1780311749.1198277
  },
  "gsk_…JOK1": {
    "blacklisted_until": 1780311809.2219663
  },
  "gsk_…GQpc": {
    "blacklisted_until": 1780311809.2924545
  },
  "gsk_…M2TI": {
    "blacklisted_until": 1780311809.3546214
  },
  "gsk_…HF8S": {
    "blacklisted_until": 1780311809.4184055
  }
}