{
  "gsk_…bdFd": {
    "blacklisted_until": 1781933838.4412293
  },
  "gsk_…JOK1": {
    "blacklisted_until": 1781933869.654882
  },
  "gsk_…GQpc": {
    "blacklisted_until": 1781933869.492081
  },
  "gsk_…M2TI": {
    "blacklisted_until": 1781933869.5697887
  },
  "gsk_…PxXM": {
    "blacklisted_until": 1781933657.095191
  },
  "gsk_…HF8S": {
    "blacklisted_until": 1781933657.1742024
  }
}