{
  "gsk_…HF8S": {
    "blacklisted_until": 1781443317.5985348
  },
  "gsk_…PxXM": {
    "blacklisted_until": 1781443317.675635
  },
  "gsk_…bdFd": {
    "blacklisted_until": 1781443317.7599363
  },
  "gsk_…GQpc": {
    "blacklisted_until": 1781443409.3767114
  },
  "gsk_…M2TI": {
    "blacklisted_until": 1781443409.456859
  },
  "gsk_…JOK1": {
    "blacklisted_until": 1781443409.5357609
  }
}