{
  "gsk_…bdFd": {
    "blacklisted_until": 1781489295.0660377
  },
  "gsk_…JOK1": {
    "blacklisted_until": 1781489355.2193885
  },
  "gsk_…GQpc": {
    "blacklisted_until": 1781489355.3586702
  },
  "gsk_…M2TI": {
    "blacklisted_until": 1781489355.497767
  },
  "gsk_…HF8S": {
    "blacklisted_until": 1781489355.6342587
  },
  "gsk_…PxXM": {
    "blacklisted_until": 1781489355.7875595
  }
}