{
  "gsk_…PxXM": {
    "blacklisted_until": 1780538962.2327728
  },
  "gsk_…bdFd": {
    "blacklisted_until": 1780538962.0944316
  },
  "gsk_…HF8S": {
    "blacklisted_until": 1780539053.2859921
  },
  "gsk_…JOK1": {
    "blacklisted_until": 1780539052.8447676
  },
  "gsk_…M2TI": {
    "blacklisted_until": 1780539053.1291194
  },
  "gsk_…GQpc": {
    "blacklisted_until": 1780539052.9848208
  }
}