{
  "gsk_…JOK1": {
    "blacklisted_until": 1781531909.2026207
  },
  "gsk_…GQpc": {
    "blacklisted_until": 1781531909.2738447
  },
  "gsk_…M2TI": {
    "blacklisted_until": 1781531909.326071
  },
  "gsk_…HF8S": {
    "blacklisted_until": 1781531909.4033372
  },
  "gsk_…PxXM": {
    "blacklisted_until": 1781531909.4586723
  }
}