{
  "gsk_…bdFd": {
    "blacklisted_until": 1782177481.8136952
  },
  "gsk_…GQpc": {
    "blacklisted_until": 1782177573.0500596
  },
  "gsk_…M2TI": {
    "blacklisted_until": 1782177573.1150415
  },
  "gsk_…HF8S": {
    "blacklisted_until": 1782177573.1829433
  },
  "gsk_…PxXM": {
    "blacklisted_until": 1782177573.2540693
  },
  "gsk_…JOK1": {
    "blacklisted_until": 1782177573.3229754
  }
}