{
  "gsk_…PxXM": {
    "blacklisted_until": 1781323000.7905946
  },
  "gsk_…bdFd": {
    "blacklisted_until": 1781323000.8668103
  },
  "gsk_…HF8S": {
    "blacklisted_until": 1781323000.939457
  },
  "gsk_…JOK1": {
    "blacklisted_until": 1781323061.0161648
  },
  "gsk_…GQpc": {
    "blacklisted_until": 1781323061.0793817
  },
  "gsk_…M2TI": {
    "blacklisted_until": 1781323061.1425734
  }
}