{
  "gsk_…PxXM": {
    "blacklisted_until": 1780442556.6676164
  },
  "gsk_…JOK1": {
    "blacklisted_until": 1780442556.7386706
  },
  "gsk_…GQpc": {
    "blacklisted_until": 1780442556.8085122
  },
  "gsk_…HF8S": {
    "blacklisted_until": 1780442556.8728764
  },
  "gsk_…bdFd": {
    "blacklisted_until": 1780442616.9450254
  },
  "gsk_…M2TI": {
    "blacklisted_until": 1780442767.4142168
  }
}