{
  "gsk_…PxXM": {
    "blacklisted_until": 1782088053.8916721
  },
  "gsk_…bdFd": {
    "blacklisted_until": 1782088053.9652522
  },
  "gsk_…JOK1": {
    "blacklisted_until": 1782088054.0332274
  },
  "gsk_…GQpc": {
    "blacklisted_until": 1782088054.103744
  },
  "gsk_…M2TI": {
    "blacklisted_until": 1782088054.1742141
  },
  "gsk_…HF8S": {
    "blacklisted_until": 1782088054.2482655
  }
}