{
  "gsk_…bdFd": {
    "blacklisted_until": 1780736507.001133
  },
  "gsk_…GQpc": {
    "blacklisted_until": 1780736624.3496184
  },
  "gsk_…M2TI": {
    "blacklisted_until": 1780736624.5143998
  },
  "gsk_…PxXM": {
    "blacklisted_until": 1780736665.8507748
  },
  "gsk_…JOK1": {
    "blacklisted_until": 1780736665.9903076
  },
  "gsk_…HF8S": {
    "blacklisted_until": 1780736666.1221778
  }
}