{
  "gsk_…PxXM": {
    "blacklisted_until": 1780538625.4130015
  },
  "gsk_…bdFd": {
    "blacklisted_until": 1780538656.577044
  },
  "gsk_…HF8S": {
    "blacklisted_until": 1780538443.9336123
  },
  "gsk_…JOK1": {
    "blacklisted_until": 1780538444.0781047
  }
}