{
  "gsk_…GQpc": {
    "blacklisted_until": 1781332840.6383724
  },
  "gsk_…M2TI": {
    "blacklisted_until": 1781332840.2956734
  },
  "gsk_…PxXM": {
    "blacklisted_until": 1781332840.4374056
  },
  "gsk_…bdFd": {
    "blacklisted_until": 1781332840.5022342
  },
  "gsk_…JOK1": {
    "blacklisted_until": 1781332840.5716527
  },
  "gsk_…HF8S": {
    "blacklisted_until": 1781332840.3623219
  }
}