{
  "gsk_…bdFd": {
    "blacklisted_until": 1781151663.2724392
  },
  "gsk_…PxXM": {
    "blacklisted_until": 1781151663.428916
  },
  "gsk_…JOK1": {
    "blacklisted_until": 1781151723.576423
  },
  "gsk_…GQpc": {
    "blacklisted_until": 1781151723.7241902
  },
  "gsk_…M2TI": {
    "blacklisted_until": 1781151723.8690162
  },
  "gsk_…HF8S": {
    "blacklisted_until": 1781151724.047681
  }
}