{
  "gsk_…GQpc": {
    "blacklisted_until": 1781534557.2839148
  },
  "gsk_…M2TI": {
    "blacklisted_until": 1781534557.3425083
  },
  "gsk_…PxXM": {
    "blacklisted_until": 1781534588.6882744
  },
  "gsk_…HF8S": {
    "blacklisted_until": 1781534588.7516327
  },
  "gsk_…JOK1": {
    "blacklisted_until": 1781534648.822145
  },
  "gsk_…bdFd": {
    "blacklisted_until": 1781534708.9048178
  }
}