{
  "gsk_…M2TI": {
    "blacklisted_until": 1779542154.3354754
  },
  "gsk_…GQpc": {
    "blacklisted_until": 1779542225.7034893
  },
  "gsk_…JOK1": {
    "blacklisted_until": 1779542319.357106
  }
}