{
  "gsk_…JOK1": {
    "blacklisted_until": 1781148710.4675627
  },
  "gsk_…GQpc": {
    "blacklisted_until": 1781148710.6189837
  },
  "gsk_…M2TI": {
    "blacklisted_until": 1781148710.7677963
  },
  "gsk_…HF8S": {
    "blacklisted_until": 1781148754.2699416
  },
  "gsk_…PxXM": {
    "blacklisted_until": 1781148905.09255
  },
  "gsk_…bdFd": {
    "blacklisted_until": 1781148905.2401116
  }
}