{
  "gsk_…JOK1": {
    "blacklisted_until": 1782301935.1603782
  },
  "gsk_…GQpc": {
    "blacklisted_until": 1782301935.2415857
  },
  "gsk_…M2TI": {
    "blacklisted_until": 1782301935.3391874
  }
}