{
  "gsk_…HF8S": {
    "blacklisted_until": 1781659287.0471637
  },
  "gsk_…PxXM": {
    "blacklisted_until": 1781659347.1092162
  },
  "gsk_…bdFd": {
    "blacklisted_until": 1781659407.257593
  }
}