{
  "gsk_…GQpc": {
    "blacklisted_until": 1781895515.6831267
  },
  "gsk_…M2TI": {
    "blacklisted_until": 1781895515.7652204
  },
  "gsk_…JOK1": {
    "blacklisted_until": 1781895515.8786085
  },
  "gsk_…HF8S": {
    "blacklisted_until": 1781895638.1903162
  },
  "gsk_…PxXM": {
    "blacklisted_until": 1781895638.2880273
  },
  "gsk_…bdFd": {
    "blacklisted_until": 1781895638.3676505
  }
}