{
  "gsk_…M2TI": {
    "blacklisted_until": 1782307823.5304818
  },
  "gsk_…HF8S": {
    "blacklisted_until": 1782307823.609562
  },
  "gsk_…GQpc": {
    "blacklisted_until": 1782307823.6882734
  },
  "gsk_…PxXM": {
    "blacklisted_until": 1782307883.7785928
  },
  "gsk_…bdFd": {
    "blacklisted_until": 1782307883.8585885
  },
  "gsk_…JOK1": {
    "blacklisted_until": 1782307883.9439065
  }
}