{
  "gsk_…PxXM": {
    "blacklisted_until": 1781370135.851673
  },
  "gsk_…bdFd": {
    "blacklisted_until": 1781370135.930757
  },
  "gsk_…HF8S": {
    "blacklisted_until": 1781370136.00912
  },
  "gsk_…GQpc": {
    "blacklisted_until": 1781370317.584296
  },
  "gsk_…M2TI": {
    "blacklisted_until": 1781370317.6623883
  },
  "gsk_…JOK1": {
    "blacklisted_until": 1781370317.7914681
  }
}