{
  "gsk_…GQpc": {
    "blacklisted_until": 1780244578.539506
  },
  "gsk_…M2TI": {
    "blacklisted_until": 1780244578.466524
  },
  "gsk_…JOK1": {
    "blacklisted_until": 1780244547.5254242
  },
  "gsk_…PxXM": {
    "blacklisted_until": 1780244669.5710723
  },
  "gsk_…bdFd": {
    "blacklisted_until": 1780244669.6955905
  },
  "gsk_…HF8S": {
    "blacklisted_until": 1780244669.7615752
  }
}