{
  "gsk_…PxXM": {
    "blacklisted_until": 1780645325.6167755
  },
  "gsk_…bdFd": {
    "blacklisted_until": 1780645325.71249
  }
}