{
  "gsk_…HF8S": {
    "blacklisted_until": 1779862535.2259984
  },
  "gsk_…PxXM": {
    "blacklisted_until": 1779862535.289897
  },
  "gsk_…bdFd": {
    "blacklisted_until": 1779862535.3519113
  },
  "gsk_…JOK1": {
    "blacklisted_until": 1779862535.4156437
  },
  "gsk_…GQpc": {
    "blacklisted_until": 1779862535.477739
  },
  "gsk_…M2TI": {
    "blacklisted_until": 1779862535.5454214
  }
}