{
  "gsk_…PxXM": {
    "blacklisted_until": 1780362854.3801131
  },
  "gsk_…JOK1": {
    "blacklisted_until": 1780362854.4474452
  },
  "gsk_…HF8S": {
    "blacklisted_until": 1780362854.3144107
  },
  "gsk_…GQpc": {
    "blacklisted_until": 1780362763.4916494
  },
  "gsk_…M2TI": {
    "blacklisted_until": 1780362763.5664852
  },
  "gsk_…bdFd": {
    "blacklisted_until": 1780362914.5266395
  }
}