{
  "gsk_…JOK1": {
    "blacklisted_until": 1782062684.2032192
  },
  "gsk_…HF8S": {
    "blacklisted_until": 1782062684.2935343
  },
  "gsk_…bdFd": {
    "blacklisted_until": 1782062744.4962513
  },
  "gsk_…GQpc": {
    "blacklisted_until": 1782062804.5565176
  },
  "gsk_…M2TI": {
    "blacklisted_until": 1782062804.650305
  }
}