{
  "gsk_…JOK1": {
    "blacklisted_until": 1781285879.214004
  },
  "gsk_…GQpc": {
    "blacklisted_until": 1781285879.2818785
  },
  "gsk_…M2TI": {
    "blacklisted_until": 1781285879.3567822
  }
}