{
  "gsk_…PxXM": {
    "blacklisted_until": 1782181830.01793
  },
  "gsk_…JOK1": {
    "blacklisted_until": 1782181830.082541
  },
  "gsk_…HF8S": {
    "blacklisted_until": 1782181830.143268
  },
  "gsk_…bdFd": {
    "blacklisted_until": 1782181890.2544599
  }
}