{
  "gsk_…GQpc": {
    "blacklisted_until": 1781929847.9262285
  },
  "gsk_…M2TI": {
    "blacklisted_until": 1781929848.0035408
  },
  "gsk_…bdFd": {
    "blacklisted_until": 1781929848.0941608
  },
  "gsk_…JOK1": {
    "blacklisted_until": 1781929848.1786304
  },
  "gsk_…HF8S": {
    "blacklisted_until": 1781929998.8212216
  },
  "gsk_…PxXM": {
    "blacklisted_until": 1781929998.9028018
  }
}