{
  "gsk_…bdFd": {
    "blacklisted_until": 1782257667.4757206
  },
  "gsk_…PxXM": {
    "blacklisted_until": 1782257667.3904555
  },
  "gsk_…JOK1": {
    "blacklisted_until": 1782257818.246547
  },
  "gsk_…GQpc": {
    "blacklisted_until": 1782257818.3254251
  },
  "gsk_…M2TI": {
    "blacklisted_until": 1782257818.405446
  }
}