{
  "gsk_…GQpc": {
    "blacklisted_until": 1781110364.2181642
  },
  "gsk_…M2TI": {
    "blacklisted_until": 1781110364.2929707
  },
  "gsk_…JOK1": {
    "blacklisted_until": 1781110364.362352
  },
  "gsk_…PxXM": {
    "blacklisted_until": 1781110152.1495495
  },
  "gsk_…bdFd": {
    "blacklisted_until": 1781110152.219866
  },
  "gsk_…HF8S": {
    "blacklisted_until": 1781110152.290287
  }
}