{
  "gsk_…M2TI": {
    "blacklisted_until": 1781397459.447961
  },
  "gsk_…PxXM": {
    "blacklisted_until": 1781397473.441343
  },
  "gsk_…bdFd": {
    "blacklisted_until": 1781397473.511446
  }
}