{
  "gsk_…JOK1": {
    "blacklisted_until": 1780373696.4522805
  },
  "gsk_…HF8S": {
    "blacklisted_until": 1780373756.526356
  },
  "gsk_…PxXM": {
    "blacklisted_until": 1780373756.5921614
  },
  "gsk_…bdFd": {
    "blacklisted_until": 1780373756.6653636
  },
  "gsk_…GQpc": {
    "blacklisted_until": 1780373816.8118525
  },
  "gsk_…M2TI": {
    "blacklisted_until": 1780373876.8846045
  }
}