{
  "gsk_…GQpc": {
    "blacklisted_until": 1781122249.917107
  },
  "gsk_…PxXM": {
    "blacklisted_until": 1781122440.1326938
  },
  "gsk_…bdFd": {
    "blacklisted_until": 1781122440.2007613
  },
  "gsk_…JOK1": {
    "blacklisted_until": 1781122440.263086
  },
  "gsk_…M2TI": {
    "blacklisted_until": 1781122440.341192
  },
  "gsk_…HF8S": {
    "blacklisted_until": 1781122440.4107535
  }
}