{
  "gsk_…JOK1": {
    "blacklisted_until": 1781623209.4257867
  },
  "gsk_…GQpc": {
    "blacklisted_until": 1781623209.4959958
  },
  "gsk_…M2TI": {
    "blacklisted_until": 1781623118.1677713
  },
  "gsk_…bdFd": {
    "blacklisted_until": 1781623209.3556862
  },
  "gsk_…PxXM": {
    "blacklisted_until": 1781623209.563967
  },
  "gsk_…HF8S": {
    "blacklisted_until": 1781623269.6433249
  }
}