{
  "gsk_…JOK1": {
    "blacklisted_until": 1781002043.5004523
  },
  "gsk_…GQpc": {
    "blacklisted_until": 1781002043.3619838
  },
  "gsk_…M2TI": {
    "blacklisted_until": 1781002043.4259722
  },
  "gsk_…HF8S": {
    "blacklisted_until": 1781002162.6129847
  },
  "gsk_…PxXM": {
    "blacklisted_until": 1781002222.7007484
  },
  "gsk_…bdFd": {
    "blacklisted_until": 1781002222.770374
  }
}