{
  "gsk_…GQpc": {
    "blacklisted_until": 1780778838.3728983
  },
  "gsk_…M2TI": {
    "blacklisted_until": 1780778838.4430976
  },
  "gsk_…HF8S": {
    "blacklisted_until": 1780778838.5052671
  },
  "gsk_…PxXM": {
    "blacklisted_until": 1780778838.5729592
  },
  "gsk_…bdFd": {
    "blacklisted_until": 1780778838.647427
  },
  "gsk_…JOK1": {
    "blacklisted_until": 1780778838.7155054
  }
}