{
  "gsk_…M2TI": {
    "blacklisted_until": 1779683124.6323187
  },
  "gsk_…HF8S": {
    "blacklisted_until": 1779683184.7066212
  },
  "gsk_…PxXM": {
    "blacklisted_until": 1779683184.780558
  },
  "gsk_…bdFd": {
    "blacklisted_until": 1779683184.9726136
  },
  "gsk_…JOK1": {
    "blacklisted_until": 1779683185.0710208
  },
  "gsk_…GQpc": {
    "blacklisted_until": 1779683185.146795
  }
}