{
  "gsk_…HF8S": {
    "blacklisted_until": 1779543989.79191
  },
  "gsk_…PxXM": {
    "blacklisted_until": 1779543989.9890215
  },
  "gsk_…bdFd": {
    "blacklisted_until": 1779543990.063172
  },
  "gsk_…JOK1": {
    "blacklisted_until": 1779543990.131429
  },
  "gsk_…GQpc": {
    "blacklisted_until": 1779543990.1995676
  },
  "gsk_…M2TI": {
    "blacklisted_until": 1779543990.2670128
  }
}