{
  "gsk_…bdFd": {
    "blacklisted_until": 1781458449.1644018
  },
  "gsk_…JOK1": {
    "blacklisted_until": 1781458509.2500865
  },
  "gsk_…GQpc": {
    "blacklisted_until": 1781458509.3363683
  },
  "gsk_…M2TI": {
    "blacklisted_until": 1781458509.416606
  },
  "gsk_…HF8S": {
    "blacklisted_until": 1781458509.5060062
  },
  "gsk_…PxXM": {
    "blacklisted_until": 1781458509.5847502
  }
}