{
  "gsk_…M2TI": {
    "blacklisted_until": 1780069222.3852408
  },
  "gsk_…bdFd": {
    "blacklisted_until": 1780069286.874701
  },
  "gsk_…JOK1": {
    "blacklisted_until": 1780069286.9922874
  },
  "gsk_…GQpc": {
    "blacklisted_until": 1780069287.071303
  },
  "gsk_…HF8S": {
    "blacklisted_until": 1780069287.22049
  },
  "gsk_…PxXM": {
    "blacklisted_until": 1780069287.3654742
  }
}