{
  "gsk_…HF8S": {
    "blacklisted_until": 1781893362.2928727
  },
  "gsk_…PxXM": {
    "blacklisted_until": 1781893362.37859
  },
  "gsk_…bdFd": {
    "blacklisted_until": 1781893422.5251634
  },
  "gsk_…GQpc": {
    "blacklisted_until": 1781893575.0276887
  },
  "gsk_…M2TI": {
    "blacklisted_until": 1781893575.1219172
  },
  "gsk_…JOK1": {
    "blacklisted_until": 1781893575.1980639
  }
}