{
  "gsk_…GQpc": {
    "blacklisted_until": 1781574815.2006457
  },
  "gsk_…M2TI": {
    "blacklisted_until": 1781574815.262958
  },
  "gsk_…JOK1": {
    "blacklisted_until": 1781574815.329042
  },
  "gsk_…HF8S": {
    "blacklisted_until": 1781574875.4049742
  },
  "gsk_…PxXM": {
    "blacklisted_until": 1781574875.46988
  },
  "gsk_…bdFd": {
    "blacklisted_until": 1781574875.5371165
  }
}