{
  "gsk_…M2TI": {
    "blacklisted_until": 1781164589.0573986
  },
  "gsk_…GQpc": {
    "blacklisted_until": 1781164589.2729313
  },
  "gsk_…HF8S": {
    "blacklisted_until": 1781164711.458007
  },
  "gsk_…PxXM": {
    "blacklisted_until": 1781164711.6114063
  },
  "gsk_…bdFd": {
    "blacklisted_until": 1781164711.7386901
  },
  "gsk_…JOK1": {
    "blacklisted_until": 1781164711.8944993
  }
}