{
  "gsk_…bdFd": {
    "blacklisted_until": 1780562869.893666
  },
  "gsk_…PxXM": {
    "blacklisted_until": 1780562869.9621744
  }
}