{
  "gsk_…JOK1": {
    "blacklisted_until": 1781491175.5689902
  },
  "gsk_…PxXM": {
    "blacklisted_until": 1781491175.4213326
  }
}