{
  "gsk_…GQpc": {
    "blacklisted_until": 1780445779.9172137
  },
  "gsk_…M2TI": {
    "blacklisted_until": 1780445839.9888246
  }
}