{
  "gsk_…bdFd": {
    "blacklisted_until": 1781445098.5446675
  },
  "gsk_…GQpc": {
    "blacklisted_until": 1781445129.6313365
  },
  "gsk_…M2TI": {
    "blacklisted_until": 1781445129.7097435
  },
  "gsk_…HF8S": {
    "blacklisted_until": 1781445129.7940965
  },
  "gsk_…PxXM": {
    "blacklisted_until": 1781445129.8692775
  },
  "gsk_…JOK1": {
    "blacklisted_until": 1781445129.950555
  }
}