{
  "gsk_…HF8S": {
    "blacklisted_until": 1782096989.5686126
  },
  "gsk_…M2TI": {
    "blacklisted_until": 1782096989.6354246
  },
  "gsk_…PxXM": {
    "blacklisted_until": 1782097140.727498
  },
  "gsk_…bdFd": {
    "blacklisted_until": 1782097140.7978468
  },
  "gsk_…JOK1": {
    "blacklisted_until": 1782097140.8636234
  },
  "gsk_…GQpc": {
    "blacklisted_until": 1782097140.937225
  }
}