{
  "gsk_…M2TI": {
    "blacklisted_until": 1782015385.1626856
  },
  "gsk_…GQpc": {
    "blacklisted_until": 1782015385.0913417
  },
  "gsk_…PxXM": {
    "blacklisted_until": 1782015476.2098637
  },
  "gsk_…bdFd": {
    "blacklisted_until": 1782015476.2795918
  },
  "gsk_…HF8S": {
    "blacklisted_until": 1782015476.3471107
  }
}