{
  "gsk_…JOK1": {
    "blacklisted_until": 1780734744.4839776
  },
  "gsk_…HF8S": {
    "blacklisted_until": 1780734744.6190681
  },
  "gsk_…PxXM": {
    "blacklisted_until": 1780734744.756354
  }
}