{
  "gsk_…HF8S": {
    "blacklisted_until": 1781790537.538399
  },
  "gsk_…bdFd": {
    "blacklisted_until": 1781790719.3358111
  },
  "gsk_…PxXM": {
    "blacklisted_until": 1781790719.269716
  },
  "gsk_…GQpc": {
    "blacklisted_until": 1781790537.3594632
  },
  "gsk_…M2TI": {
    "blacklisted_until": 1781790537.472272
  },
  "gsk_…JOK1": {
    "blacklisted_until": 1781790537.6074347
  }
}