{
  "gsk_…GQpc": {
    "blacklisted_until": 1781238989.2198076
  },
  "gsk_…PxXM": {
    "blacklisted_until": 1781238988.9080753
  },
  "gsk_…bdFd": {
    "blacklisted_until": 1781238989.0690162
  },
  "gsk_…JOK1": {
    "blacklisted_until": 1781238989.1401072
  },
  "gsk_…M2TI": {
    "blacklisted_until": 1781238989.2836616
  },
  "gsk_…HF8S": {
    "blacklisted_until": 1781238989.3607578
  }
}