{
  "gsk_…PxXM": {
    "blacklisted_until": 1781791688.060705
  },
  "gsk_…bdFd": {
    "blacklisted_until": 1781791688.146177
  },
  "gsk_…GQpc": {
    "blacklisted_until": 1781791870.0609128
  },
  "gsk_…M2TI": {
    "blacklisted_until": 1781791870.1282995
  },
  "gsk_…JOK1": {
    "blacklisted_until": 1781791870.1971517
  }
}