{
  "gsk_…bdFd": {
    "blacklisted_until": 1779809263.6372998
  },
  "gsk_…GQpc": {
    "blacklisted_until": 1779809323.7093277
  },
  "gsk_…M2TI": {
    "blacklisted_until": 1779809323.7865796
  },
  "gsk_…HF8S": {
    "blacklisted_until": 1779809383.8568854
  },
  "gsk_…PxXM": {
    "blacklisted_until": 1779809383.9420452
  },
  "gsk_…JOK1": {
    "blacklisted_until": 1779809384.0079296
  }
}