{
  "gsk_…JOK1": {
    "blacklisted_until": 1782295881.2192976
  },
  "gsk_…GQpc": {
    "blacklisted_until": 1782295881.301978
  },
  "gsk_…M2TI": {
    "blacklisted_until": 1782295881.4048567
  }
}