{
  "gsk_…HF8S": {
    "blacklisted_until": 1780995934.361111
  },
  "gsk_…PxXM": {
    "blacklisted_until": 1780995994.4392855
  },
  "gsk_…bdFd": {
    "blacklisted_until": 1780995994.5062926
  }
}