{
  "gsk_…bdFd": {
    "blacklisted_until": 1780437152.5878575
  },
  "gsk_…JOK1": {
    "blacklisted_until": 1780437212.6572206
  },
  "gsk_…GQpc": {
    "blacklisted_until": 1780437212.7261367
  },
  "gsk_…M2TI": {
    "blacklisted_until": 1780437212.7925699
  },
  "gsk_…HF8S": {
    "blacklisted_until": 1780437212.864787
  },
  "gsk_…PxXM": {
    "blacklisted_until": 1780437212.9307616
  }
}