{
  "gsk_…PxXM": {
    "blacklisted_until": 1781481796.0486722
  },
  "gsk_…bdFd": {
    "blacklisted_until": 1781481796.190208
  },
  "gsk_…JOK1": {
    "blacklisted_until": 1781481856.328664
  },
  "gsk_…GQpc": {
    "blacklisted_until": 1781481856.4552062
  },
  "gsk_…M2TI": {
    "blacklisted_until": 1781481856.6311274
  },
  "gsk_…HF8S": {
    "blacklisted_until": 1781481856.7639818
  }
}