{
  "gsk_…GQpc": {
    "blacklisted_until": 1781973370.2554636
  },
  "gsk_…JOK1": {
    "blacklisted_until": 1781973370.190199
  },
  "gsk_…M2TI": {
    "blacklisted_until": 1781973430.3419683
  },
  "gsk_…HF8S": {
    "blacklisted_until": 1781973461.5911968
  },
  "gsk_…PxXM": {
    "blacklisted_until": 1781973521.6594107
  },
  "gsk_…bdFd": {
    "blacklisted_until": 1781973521.7289214
  }
}