{
  "gsk_…M2TI": {
    "blacklisted_until": 1780114860.8157527
  },
  "gsk_…PxXM": {
    "blacklisted_until": 1780114648.7262428
  },
  "gsk_…HF8S": {
    "blacklisted_until": 1780114651.4781265
  },
  "gsk_…JOK1": {
    "blacklisted_until": 1780114682.5557263
  },
  "gsk_…bdFd": {
    "blacklisted_until": 1780114742.6254358
  },
  "gsk_…GQpc": {
    "blacklisted_until": 1780114860.7488465
  }
}