{
  "gsk_…JOK1": {
    "blacklisted_until": 1781656911.763721
  },
  "gsk_…GQpc": {
    "blacklisted_until": 1781656911.8210983
  },
  "gsk_…HF8S": {
    "blacklisted_until": 1781656970.3800874
  },
  "gsk_…M2TI": {
    "blacklisted_until": 1781656911.8844516
  },
  "gsk_…PxXM": {
    "blacklisted_until": 1781656761.0664458
  },
  "gsk_…bdFd": {
    "blacklisted_until": 1781656821.1352153
  }
}