{
  "gsk_…GQpc": {
    "blacklisted_until": 1781850599.8229754
  },
  "gsk_…M2TI": {
    "blacklisted_until": 1781850599.9134185
  },
  "gsk_…PxXM": {
    "blacklisted_until": 1781850600.0147736
  },
  "gsk_…bdFd": {
    "blacklisted_until": 1781850600.1050882
  },
  "gsk_…JOK1": {
    "blacklisted_until": 1781850660.2381885
  },
  "gsk_…HF8S": {
    "blacklisted_until": 1781850660.3291185
  }
}