{
  "gsk_…M2TI": {
    "blacklisted_until": 1781493727.3661895
  },
  "gsk_…bdFd": {
    "blacklisted_until": 1781493791.623882
  },
  "gsk_…HF8S": {
    "blacklisted_until": 1781493791.764429
  },
  "gsk_…PxXM": {
    "blacklisted_until": 1781493791.9101284
  },
  "gsk_…JOK1": {
    "blacklisted_until": 1781493852.052001
  },
  "gsk_…GQpc": {
    "blacklisted_until": 1781493852.1798394
  }
}