{
  "gsk_…bdFd": {
    "blacklisted_until": 1780781903.5301185
  },
  "gsk_…PxXM": {
    "blacklisted_until": 1780781903.453352
  },
  "gsk_…GQpc": {
    "blacklisted_until": 1780781717.8277426
  },
  "gsk_…JOK1": {
    "blacklisted_until": 1780781752.7144532
  },
  "gsk_…HF8S": {
    "blacklisted_until": 1780781752.7797763
  },
  "gsk_…M2TI": {
    "blacklisted_until": 1780781812.854508
  }
}