{
  "gsk_…PxXM": {
    "blacklisted_until": 1780455979.7186491
  },
  "gsk_…bdFd": {
    "blacklisted_until": 1780456315.509819
  },
  "gsk_…JOK1": {
    "blacklisted_until": 1780455979.8622363
  },
  "gsk_…GQpc": {
    "blacklisted_until": 1780456352.1039112
  },
  "gsk_…M2TI": {
    "blacklisted_until": 1780455979.9986856
  },
  "gsk_…HF8S": {
    "blacklisted_until": 1780455980.0672088
  }
}