{
  "gsk_…JOK1": {
    "blacklisted_until": 1780741721.843563
  },
  "gsk_…GQpc": {
    "blacklisted_until": 1780741721.983184
  },
  "gsk_…M2TI": {
    "blacklisted_until": 1780741722.1212435
  },
  "gsk_…PxXM": {
    "blacklisted_until": 1780741753.2761967
  },
  "gsk_…HF8S": {
    "blacklisted_until": 1780741753.4122186
  },
  "gsk_…bdFd": {
    "blacklisted_until": 1780741813.5484514
  }
}