{
  "gsk_…HF8S": {
    "blacklisted_until": 1780533177.2815757
  },
  "gsk_…PxXM": {
    "blacklisted_until": 1780533176.9862273
  },
  "gsk_…JOK1": {
    "blacklisted_until": 1780533177.143311
  },
  "gsk_…bdFd": {
    "blacklisted_until": 1780533328.0058117
  },
  "gsk_…GQpc": {
    "blacklisted_until": 1780533328.1541057
  },
  "gsk_…M2TI": {
    "blacklisted_until": 1780533328.29218
  }
}