{
  "gsk_…GQpc": {
    "blacklisted_until": 1781104967.3273516
  },
  "gsk_…M2TI": {
    "blacklisted_until": 1781104967.4002314
  },
  "gsk_…HF8S": {
    "blacklisted_until": 1781105027.465235
  },
  "gsk_…JOK1": {
    "blacklisted_until": 1781105027.560354
  },
  "gsk_…bdFd": {
    "blacklisted_until": 1781105270.1621199
  }
}