{
  "gsk_…JOK1": {
    "blacklisted_until": 1782338006.2275403
  },
  "gsk_…GQpc": {
    "blacklisted_until": 1782338006.2969084
  },
  "gsk_…M2TI": {
    "blacklisted_until": 1782338006.365479
  },
  "gsk_…HF8S": {
    "blacklisted_until": 1782338035.4867024
  }
}