{
  "gsk_…JOK1": {
    "blacklisted_until": 1780660684.0552325
  },
  "gsk_…GQpc": {
    "blacklisted_until": 1780660684.209652
  },
  "gsk_…M2TI": {
    "blacklisted_until": 1780660684.2922227
  }
}