{
  "gsk_…GQpc": {
    "blacklisted_until": 1782103333.003904
  },
  "gsk_…M2TI": {
    "blacklisted_until": 1782103333.08499
  },
  "gsk_…PxXM": {
    "blacklisted_until": 1782103364.2373598
  },
  "gsk_…bdFd": {
    "blacklisted_until": 1782103364.3077059
  },
  "gsk_…JOK1": {
    "blacklisted_until": 1782103364.3715615
  },
  "gsk_…HF8S": {
    "blacklisted_until": 1782103364.4407935
  }
}