{
  "gsk_…JOK1": {
    "blacklisted_until": 1779900553.3408902
  },
  "gsk_…GQpc": {
    "blacklisted_until": 1779900553.415682
  },
  "gsk_…M2TI": {
    "blacklisted_until": 1779900553.491466
  },
  "gsk_…HF8S": {
    "blacklisted_until": 1779900553.5654736
  },
  "gsk_…PxXM": {
    "blacklisted_until": 1779900553.6403878
  }
}