{
  "gsk_…JOK1": {
    "blacklisted_until": 1780901711.262913
  },
  "gsk_…GQpc": {
    "blacklisted_until": 1780901711.0650942
  },
  "gsk_…M2TI": {
    "blacklisted_until": 1780901711.128513
  },
  "gsk_…PxXM": {
    "blacklisted_until": 1780901680.1634994
  },
  "gsk_…bdFd": {
    "blacklisted_until": 1780901680.2322495
  },
  "gsk_…HF8S": {
    "blacklisted_until": 1780901711.1949456
  }
}