{
  "gsk_…M2TI": {
    "blacklisted_until": 1780662378.621661
  },
  "gsk_…JOK1": {
    "blacklisted_until": 1780662378.4004362
  },
  "gsk_…GQpc": {
    "blacklisted_until": 1780662378.5032125
  },
  "gsk_…bdFd": {
    "blacklisted_until": 1780662196.3714826
  },
  "gsk_…HF8S": {
    "blacklisted_until": 1780662196.4700234
  },
  "gsk_…PxXM": {
    "blacklisted_until": 1780662196.5699449
  }
}