{
  "gsk_…HF8S": {
    "blacklisted_until": 1782356102.0238805
  },
  "gsk_…PxXM": {
    "blacklisted_until": 1782356101.8771834
  },
  "gsk_…bdFd": {
    "blacklisted_until": 1782356101.9536695
  },
  "gsk_…JOK1": {
    "blacklisted_until": 1782356162.089305
  },
  "gsk_…M2TI": {
    "blacklisted_until": 1782356162.1589513
  }
}