{
  "gsk_…JOK1": {
    "blacklisted_until": 1782054905.6870399
  },
  "gsk_…GQpc": {
    "blacklisted_until": 1782054905.7679636
  },
  "gsk_…M2TI": {
    "blacklisted_until": 1782054905.8574884
  },
  "gsk_…HF8S": {
    "blacklisted_until": 1782054905.943352
  },
  "gsk_…PxXM": {
    "blacklisted_until": 1782054906.0360518
  }
}