{
  "gsk_…JOK1": {
    "blacklisted_until": 1781367013.7710245
  },
  "gsk_…GQpc": {
    "blacklisted_until": 1781367013.8571467
  },
  "gsk_…M2TI": {
    "blacklisted_until": 1781367073.942851
  },
  "gsk_…HF8S": {
    "blacklisted_until": 1781367134.2453659
  },
  "gsk_…PxXM": {
    "blacklisted_until": 1781367134.3314452
  },
  "gsk_…bdFd": {
    "blacklisted_until": 1781367194.41509
  }
}