{
  "gsk_…PxXM": {
    "blacklisted_until": 1780905770.2362833
  },
  "gsk_…bdFd": {
    "blacklisted_until": 1780905770.3030136
  },
  "gsk_…GQpc": {
    "blacklisted_until": 1780905981.9316938
  },
  "gsk_…M2TI": {
    "blacklisted_until": 1780905982.0079236
  }
}