{
  "gsk_…GQpc": {
    "blacklisted_until": 1782267650.1033874
  },
  "gsk_…M2TI": {
    "blacklisted_until": 1782267650.1827111
  },
  "gsk_…JOK1": {
    "blacklisted_until": 1782267650.0261998
  },
  "gsk_…PxXM": {
    "blacklisted_until": 1782267559.1541343
  },
  "gsk_…bdFd": {
    "blacklisted_until": 1782267559.2390265
  },
  "gsk_…HF8S": {
    "blacklisted_until": 1782267559.3157752
  }
}