{
  "gsk_…bdFd": {
    "blacklisted_until": 1782340573.980203
  },
  "gsk_…PxXM": {
    "blacklisted_until": 1782340574.0514345
  },
  "gsk_…GQpc": {
    "blacklisted_until": 1782340634.1158197
  },
  "gsk_…M2TI": {
    "blacklisted_until": 1782340694.1880083
  },
  "gsk_…HF8S": {
    "blacklisted_until": 1782340754.259202
  },
  "gsk_…JOK1": {
    "blacklisted_until": 1782340754.3301368
  }
}