{
  "gsk_…PxXM": {
    "blacklisted_until": 1781923824.5505366
  },
  "gsk_…bdFd": {
    "blacklisted_until": 1781923824.6293077
  },
  "gsk_…JOK1": {
    "blacklisted_until": 1781923824.7213914
  },
  "gsk_…GQpc": {
    "blacklisted_until": 1781923824.8023148
  },
  "gsk_…M2TI": {
    "blacklisted_until": 1781923824.8875225
  },
  "gsk_…HF8S": {
    "blacklisted_until": 1781923824.9645324
  }
}