{
  "gsk_…M2TI": {
    "blacklisted_until": 1781491755.4686897
  },
  "gsk_…HF8S": {
    "blacklisted_until": 1781491815.6169004
  },
  "gsk_…PxXM": {
    "blacklisted_until": 1781491815.7723978
  },
  "gsk_…bdFd": {
    "blacklisted_until": 1781491815.893886
  }
}