{
  "gsk_…M2TI": {
    "blacklisted_until": 1781613348.2044032
  },
  "gsk_…HF8S": {
    "blacklisted_until": 1781613348.2741165
  },
  "gsk_…PxXM": {
    "blacklisted_until": 1781613408.3394086
  },
  "gsk_…bdFd": {
    "blacklisted_until": 1781613408.4091835
  },
  "gsk_…JOK1": {
    "blacklisted_until": 1781613408.4793491
  },
  "gsk_…GQpc": {
    "blacklisted_until": 1781613408.54091
  }
}