{
  "gsk_…JOK1": {
    "blacklisted_until": 1780830021.2583072
  },
  "gsk_…GQpc": {
    "blacklisted_until": 1780830021.3356123
  },
  "gsk_…M2TI": {
    "blacklisted_until": 1780830021.4217958
  },
  "gsk_…HF8S": {
    "blacklisted_until": 1780830081.4986544
  },
  "gsk_…PxXM": {
    "blacklisted_until": 1780830127.639389
  },
  "gsk_…bdFd": {
    "blacklisted_until": 1780830187.822982
  }
}