{
  "gsk_…JOK1": {
    "blacklisted_until": 1779944116.255623
  },
  "gsk_…GQpc": {
    "blacklisted_until": 1779944116.3171449
  },
  "gsk_…PxXM": {
    "blacklisted_until": 1779943996.3600342
  },
  "gsk_…bdFd": {
    "blacklisted_until": 1779943996.4239538
  },
  "gsk_…HF8S": {
    "blacklisted_until": 1779943996.4829369
  },
  "gsk_…M2TI": {
    "blacklisted_until": 1779944116.3934047
  }
}