{
  "gsk_…PxXM": {
    "blacklisted_until": 1781660778.7597494
  },
  "gsk_…bdFd": {
    "blacklisted_until": 1781660778.6031601
  },
  "gsk_…M2TI": {
    "blacklisted_until": 1781660869.4146543
  },
  "gsk_…GQpc": {
    "blacklisted_until": 1781660692.340537
  },
  "gsk_…JOK1": {
    "blacklisted_until": 1781660778.6942477
  },
  "gsk_…HF8S": {
    "blacklisted_until": 1781660929.4770174
  }
}