{
  "gsk_…PxXM": {
    "blacklisted_until": 1781929366.5127757
  },
  "gsk_…HF8S": {
    "blacklisted_until": 1781929366.5988038
  },
  "gsk_…bdFd": {
    "blacklisted_until": 1781929426.7057164
  },
  "gsk_…JOK1": {
    "blacklisted_until": 1781929426.792084
  },
  "gsk_…GQpc": {
    "blacklisted_until": 1781929486.884549
  },
  "gsk_…M2TI": {
    "blacklisted_until": 1781929486.962072
  }
}