{
  "gsk_…GQpc": {
    "blacklisted_until": 1781062594.2588816
  },
  "gsk_…M2TI": {
    "blacklisted_until": 1781062594.3348901
  },
  "gsk_…JOK1": {
    "blacklisted_until": 1781062594.4132123
  },
  "gsk_…bdFd": {
    "blacklisted_until": 1781062563.2362344
  },
  "gsk_…HF8S": {
    "blacklisted_until": 1781062563.0952537
  },
  "gsk_…PxXM": {
    "blacklisted_until": 1781062563.1676128
  }
}