{
  "gsk_…JOK1": {
    "blacklisted_until": 1782008399.2111735
  },
  "gsk_…GQpc": {
    "blacklisted_until": 1782008459.2810152
  },
  "gsk_…M2TI": {
    "blacklisted_until": 1782008459.3465102
  }
}