{
  "gsk_…JOK1": {
    "blacklisted_until": 1780285833.0362148
  },
  "gsk_…PxXM": {
    "blacklisted_until": 1780285983.607338
  },
  "gsk_…bdFd": {
    "blacklisted_until": 1780285983.675181
  },
  "gsk_…GQpc": {
    "blacklisted_until": 1780286043.7404237
  },
  "gsk_…M2TI": {
    "blacklisted_until": 1780286043.8052266
  }
}