{
  "gsk_…HF8S": {
    "blacklisted_until": 1780579512.6988957
  },
  "gsk_…PxXM": {
    "blacklisted_until": 1780579512.768923
  },
  "gsk_…bdFd": {
    "blacklisted_until": 1780579512.8442008
  },
  "gsk_…JOK1": {
    "blacklisted_until": 1780579512.9169858
  }
}