{
  "gsk_…JOK1": {
    "blacklisted_until": 1781496083.6033525
  },
  "gsk_…GQpc": {
    "blacklisted_until": 1781496083.7641923
  },
  "gsk_…PxXM": {
    "blacklisted_until": 1781496083.3180385
  },
  "gsk_…bdFd": {
    "blacklisted_until": 1781496083.4678621
  },
  "gsk_…M2TI": {
    "blacklisted_until": 1781496083.906811
  },
  "gsk_…HF8S": {
    "blacklisted_until": 1781496084.040622
  }
}