{
  "gsk_…JOK1": {
    "blacklisted_until": 1782260474.4514828
  },
  "gsk_…GQpc": {
    "blacklisted_until": 1782260474.5286784
  },
  "gsk_…M2TI": {
    "blacklisted_until": 1782260534.609335
  },
  "gsk_…HF8S": {
    "blacklisted_until": 1782260594.7341814
  },
  "gsk_…bdFd": {
    "blacklisted_until": 1782260706.1004975
  },
  "gsk_…PxXM": {
    "blacklisted_until": 1782260706.1800156
  }
}