{
  "gsk_…M2TI": {
    "blacklisted_until": 1781156665.8608208
  },
  "gsk_…HF8S": {
    "blacklisted_until": 1781156666.0176663
  },
  "gsk_…JOK1": {
    "blacklisted_until": 1781156666.1615977
  },
  "gsk_…GQpc": {
    "blacklisted_until": 1781156666.3055055
  },
  "gsk_…bdFd": {
    "blacklisted_until": 1781156885.079786
  },
  "gsk_…PxXM": {
    "blacklisted_until": 1781156885.2253647
  }
}