{
  "gsk_…bdFd": {
    "blacklisted_until": 1781617253.3369002
  },
  "gsk_…GQpc": {
    "blacklisted_until": 1781617284.6900618
  },
  "gsk_…HF8S": {
    "blacklisted_until": 1781617344.7609777
  },
  "gsk_…PxXM": {
    "blacklisted_until": 1781617344.826609
  },
  "gsk_…JOK1": {
    "blacklisted_until": 1781617344.891445
  },
  "gsk_…M2TI": {
    "blacklisted_until": 1781617404.9728856
  }
}