{
  "gsk_…HF8S": {
    "blacklisted_until": 1780916540.0259087
  },
  "gsk_…PxXM": {
    "blacklisted_until": 1780916540.0978045
  },
  "gsk_…bdFd": {
    "blacklisted_until": 1780916540.212347
  },
  "gsk_…JOK1": {
    "blacklisted_until": 1780916540.2783568
  },
  "gsk_…GQpc": {
    "blacklisted_until": 1780916540.3421881
  },
  "gsk_…M2TI": {
    "blacklisted_until": 1780916753.8705912
  }
}