{
  "gsk_…GQpc": {
    "blacklisted_until": 1781457411.178833
  },
  "gsk_…bdFd": {
    "blacklisted_until": 1781457779.261509
  }
}