{
  "gsk_…JOK1": {
    "blacklisted_until": 1780617990.8553424
  },
  "gsk_…HF8S": {
    "blacklisted_until": 1780618173.39731
  },
  "gsk_…PxXM": {
    "blacklisted_until": 1780618173.0869927
  },
  "gsk_…bdFd": {
    "blacklisted_until": 1780618173.1979527
  },
  "gsk_…GQpc": {
    "blacklisted_until": 1780618050.9689271
  },
  "gsk_…M2TI": {
    "blacklisted_until": 1780618173.296621
  }
}