{
  "gsk_…bdFd": {
    "blacklisted_until": 1779910982.4401736
  },
  "gsk_…JOK1": {
    "blacklisted_until": 1779911223.4619613
  },
  "gsk_…GQpc": {
    "blacklisted_until": 1779911223.5388997
  },
  "gsk_…M2TI": {
    "blacklisted_until": 1779911223.612323
  }
}