{
  "gsk_…JOK1": {
    "blacklisted_until": 1780874797.9554942
  },
  "gsk_…GQpc": {
    "blacklisted_until": 1780874798.0587854
  },
  "gsk_…M2TI": {
    "blacklisted_until": 1780874798.165801
  },
  "gsk_…HF8S": {
    "blacklisted_until": 1780874798.272898
  },
  "gsk_…PxXM": {
    "blacklisted_until": 1780874858.4402115
  },
  "gsk_…bdFd": {
    "blacklisted_until": 1780874858.540879
  }
}