{
  "gsk_…GQpc": {
    "blacklisted_until": 1781775330.6433122
  },
  "gsk_…HF8S": {
    "blacklisted_until": 1781775330.716933
  },
  "gsk_…JOK1": {
    "blacklisted_until": 1781775330.575423
  },
  "gsk_…M2TI": {
    "blacklisted_until": 1781775390.8045323
  }
}