{
  "gsk_…GQpc": {
    "blacklisted_until": 1780576185.1683214
  },
  "gsk_…M2TI": {
    "blacklisted_until": 1780576185.2343886
  },
  "gsk_…HF8S": {
    "blacklisted_until": 1780576245.310008
  },
  "gsk_…JOK1": {
    "blacklisted_until": 1780576245.3761816
  },
  "gsk_…PxXM": {
    "blacklisted_until": 1780576305.4656727
  },
  "gsk_…bdFd": {
    "blacklisted_until": 1780576305.5346274
  }
}