{
  "gsk_…PxXM": {
    "blacklisted_until": 1781614018.77297
  },
  "gsk_…bdFd": {
    "blacklisted_until": 1781614018.842794
  },
  "gsk_…JOK1": {
    "blacklisted_until": 1781614018.912976
  },
  "gsk_…GQpc": {
    "blacklisted_until": 1781614018.9780955
  },
  "gsk_…M2TI": {
    "blacklisted_until": 1781614019.0465083
  },
  "gsk_…HF8S": {
    "blacklisted_until": 1781614019.1093974
  }
}