{
  "gsk_…M2TI": {
    "blacklisted_until": 1781397780.9666936
  },
  "gsk_…PxXM": {
    "blacklisted_until": 1781397781.041353
  },
  "gsk_…bdFd": {
    "blacklisted_until": 1781397781.1069965
  }
}