{
  "gsk_…PxXM": {
    "blacklisted_until": 1780078243.7735503
  },
  "gsk_…HF8S": {
    "blacklisted_until": 1780078243.918044
  },
  "gsk_…JOK1": {
    "blacklisted_until": 1780078394.5837224
  },
  "gsk_…M2TI": {
    "blacklisted_until": 1780078241.3078828
  },
  "gsk_…GQpc": {
    "blacklisted_until": 1780078243.8521843
  },
  "gsk_…bdFd": {
    "blacklisted_until": 1780078304.1062443
  }
}