{
  "gsk_…bdFd": {
    "blacklisted_until": 1780071639.9384391
  },
  "gsk_…GQpc": {
    "blacklisted_until": 1780071675.7954934
  },
  "gsk_…M2TI": {
    "blacklisted_until": 1780071675.8668585
  },
  "gsk_…HF8S": {
    "blacklisted_until": 1780071675.9310656
  },
  "gsk_…PxXM": {
    "blacklisted_until": 1780071676.0078418
  },
  "gsk_…JOK1": {
    "blacklisted_until": 1780071676.1269958
  }
}