{
  "gsk_…PxXM": {
    "blacklisted_until": 1780690127.5222924
  },
  "gsk_…GQpc": {
    "blacklisted_until": 1780690159.0491128
  },
  "gsk_…M2TI": {
    "blacklisted_until": 1780690219.189747
  },
  "gsk_…HF8S": {
    "blacklisted_until": 1780690219.3366065
  },
  "gsk_…bdFd": {
    "blacklisted_until": 1780690219.512424
  },
  "gsk_…JOK1": {
    "blacklisted_until": 1780690219.6934006
  }
}