{
  "gsk_…PxXM": {
    "blacklisted_until": 1780229099.2859473
  },
  "gsk_…bdFd": {
    "blacklisted_until": 1780229211.1012335
  },
  "gsk_…JOK1": {
    "blacklisted_until": 1780229271.1770074
  },
  "gsk_…GQpc": {
    "blacklisted_until": 1780229271.238694
  },
  "gsk_…M2TI": {
    "blacklisted_until": 1780229271.3080838
  },
  "gsk_…HF8S": {
    "blacklisted_until": 1780229271.3721793
  }
}