{
  "gsk_…GQpc": {
    "blacklisted_until": 1780740674.122108
  },
  "gsk_…M2TI": {
    "blacklisted_until": 1780740674.256238
  },
  "gsk_…JOK1": {
    "blacklisted_until": 1780740673.971946
  },
  "gsk_…bdFd": {
    "blacklisted_until": 1780740492.4360535
  }
}