{
  "gsk_…GQpc": {
    "blacklisted_until": 1782186199.8214924
  },
  "gsk_…M2TI": {
    "blacklisted_until": 1782186199.8972118
  },
  "gsk_…HF8S": {
    "blacklisted_until": 1782186199.962847
  },
  "gsk_…PxXM": {
    "blacklisted_until": 1782186200.035756
  },
  "gsk_…bdFd": {
    "blacklisted_until": 1782186200.1017787
  },
  "gsk_…JOK1": {
    "blacklisted_until": 1782186200.1664517
  }
}