{
  "gsk_…GQpc": {
    "blacklisted_until": 1780032526.8285124
  },
  "gsk_…M2TI": {
    "blacklisted_until": 1780032526.8916316
  },
  "gsk_…HF8S": {
    "blacklisted_until": 1780032587.043319
  },
  "gsk_…PxXM": {
    "blacklisted_until": 1780032587.1082807
  },
  "gsk_…JOK1": {
    "blacklisted_until": 1780032587.1688783
  },
  "gsk_…bdFd": {
    "blacklisted_until": 1780032647.234099
  }
}