{
  "gsk_…M2TI": {
    "blacklisted_until": 1781193855.4790845
  },
  "gsk_…PxXM": {
    "blacklisted_until": 1781193917.7438216
  },
  "gsk_…bdFd": {
    "blacklisted_until": 1781193917.9120278
  },
  "gsk_…HF8S": {
    "blacklisted_until": 1781193952.4761927
  },
  "gsk_…JOK1": {
    "blacklisted_until": 1781193952.6279242
  },
  "gsk_…GQpc": {
    "blacklisted_until": 1781193952.7875817
  }
}