{
  "gsk_…PxXM": {
    "blacklisted_until": 1781314114.2508638
  },
  "gsk_…bdFd": {
    "blacklisted_until": 1781314114.3169212
  },
  "gsk_…GQpc": {
    "blacklisted_until": 1781314145.3605893
  },
  "gsk_…M2TI": {
    "blacklisted_until": 1781314145.4313326
  },
  "gsk_…HF8S": {
    "blacklisted_until": 1781314145.5049896
  },
  "gsk_…JOK1": {
    "blacklisted_until": 1781314145.5669413
  }
}