{
  "gsk_…GQpc": {
    "blacklisted_until": 1781604901.3717196
  },
  "gsk_…JOK1": {
    "blacklisted_until": 1781604901.3051789
  },
  "gsk_…PxXM": {
    "blacklisted_until": 1781605244.1399195
  },
  "gsk_…bdFd": {
    "blacklisted_until": 1781605052.2362285
  },
  "gsk_…M2TI": {
    "blacklisted_until": 1781605112.304009
  }
}