{
  "gsk_…PxXM": {
    "blacklisted_until": 1781885475.9506044
  },
  "gsk_…bdFd": {
    "blacklisted_until": 1781885476.055209
  },
  "gsk_…HF8S": {
    "blacklisted_until": 1781885476.1466827
  },
  "gsk_…JOK1": {
    "blacklisted_until": 1781885536.2331748
  },
  "gsk_…GQpc": {
    "blacklisted_until": 1781885596.3300672
  },
  "gsk_…M2TI": {
    "blacklisted_until": 1781885596.4174056
  }
}