{
  "gsk_…PxXM": {
    "blacklisted_until": 1780621806.2458866
  },
  "gsk_…bdFd": {
    "blacklisted_until": 1780621806.3552127
  },
  "gsk_…JOK1": {
    "blacklisted_until": 1780621806.482451
  },
  "gsk_…GQpc": {
    "blacklisted_until": 1780621806.5961545
  },
  "gsk_…M2TI": {
    "blacklisted_until": 1780621806.7191873
  },
  "gsk_…HF8S": {
    "blacklisted_until": 1780621806.8266
  }
}