{
  "gsk_…PxXM": {
    "blacklisted_until": 1782265384.593388
  },
  "gsk_…bdFd": {
    "blacklisted_until": 1782265384.678743
  },
  "gsk_…HF8S": {
    "blacklisted_until": 1782265384.7559128
  },
  "gsk_…GQpc": {
    "blacklisted_until": 1782265567.0130172
  },
  "gsk_…M2TI": {
    "blacklisted_until": 1782265567.092751
  },
  "gsk_…JOK1": {
    "blacklisted_until": 1782265567.1712775
  }
}