{
  "gsk_…PxXM": {
    "blacklisted_until": 1781782974.0312047
  },
  "gsk_…bdFd": {
    "blacklisted_until": 1781782974.09876
  },
  "gsk_…HF8S": {
    "blacklisted_until": 1781782974.164868
  },
  "gsk_…JOK1": {
    "blacklisted_until": 1781783034.2741961
  },
  "gsk_…M2TI": {
    "blacklisted_until": 1781783184.5462923
  },
  "gsk_…GQpc": {
    "blacklisted_until": 1781783184.6146169
  }
}