{
  "gsk_…HF8S": {
    "blacklisted_until": 1781843307.2795303
  },
  "gsk_…PxXM": {
    "blacklisted_until": 1781843307.3721101
  },
  "gsk_…bdFd": {
    "blacklisted_until": 1781843307.4654436
  },
  "gsk_…M2TI": {
    "blacklisted_until": 1781843307.5564106
  },
  "gsk_…JOK1": {
    "blacklisted_until": 1781843367.6447742
  },
  "gsk_…GQpc": {
    "blacklisted_until": 1781843367.7019053
  }
}