{
  "gsk_…M2TI": {
    "blacklisted_until": 1780863807.0897875
  },
  "gsk_…PxXM": {
    "blacklisted_until": 1780863867.1915755
  },
  "gsk_…bdFd": {
    "blacklisted_until": 1780863867.2951536
  },
  "gsk_…JOK1": {
    "blacklisted_until": 1780863927.4017303
  },
  "gsk_…GQpc": {
    "blacklisted_until": 1780863927.5004544
  },
  "gsk_…HF8S": {
    "blacklisted_until": 1780863927.6077456
  }
}