{
  "gsk_…M2TI": {
    "blacklisted_until": 1782105617.5669775
  },
  "gsk_…PxXM": {
    "blacklisted_until": 1782105708.6165226
  },
  "gsk_…bdFd": {
    "blacklisted_until": 1782105708.6871364
  },
  "gsk_…JOK1": {
    "blacklisted_until": 1782105708.7530673
  },
  "gsk_…GQpc": {
    "blacklisted_until": 1782105708.8169901
  },
  "gsk_…HF8S": {
    "blacklisted_until": 1782105708.883686
  }
}