{
  "gsk_…GQpc": {
    "blacklisted_until": 1781649469.230649
  },
  "gsk_…M2TI": {
    "blacklisted_until": 1781649469.2852848
  },
  "gsk_…PxXM": {
    "blacklisted_until": 1781649469.44309
  },
  "gsk_…bdFd": {
    "blacklisted_until": 1781649469.5267808
  }
}