{
  "gsk_…HF8S": {
    "blacklisted_until": 1781743384.0076602
  },
  "gsk_…PxXM": {
    "blacklisted_until": 1781743384.110451
  },
  "gsk_…bdFd": {
    "blacklisted_until": 1781743384.2372806
  },
  "gsk_…JOK1": {
    "blacklisted_until": 1781743384.3855693
  },
  "gsk_…GQpc": {
    "blacklisted_until": 1781743384.519679
  },
  "gsk_…M2TI": {
    "blacklisted_until": 1781743614.5855193
  }
}