{
  "gsk_…M2TI": {
    "blacklisted_until": 1782104639.3657458
  },
  "gsk_…PxXM": {
    "blacklisted_until": 1782104426.2967427
  },
  "gsk_…bdFd": {
    "blacklisted_until": 1782104426.3658056
  },
  "gsk_…JOK1": {
    "blacklisted_until": 1782104426.4337733
  },
  "gsk_…GQpc": {
    "blacklisted_until": 1782104426.5007565
  },
  "gsk_…HF8S": {
    "blacklisted_until": 1782104426.5701964
  }
}