{
  "gsk_…M2TI": {
    "blacklisted_until": 1781415604.672979
  },
  "gsk_…bdFd": {
    "blacklisted_until": 1781415786.013292
  },
  "gsk_…PxXM": {
    "blacklisted_until": 1781415786.0798035
  },
  "gsk_…JOK1": {
    "blacklisted_until": 1781415846.1467712
  }
}