{
  "gsk_…JOK1": {
    "blacklisted_until": 1779730859.0667524
  },
  "gsk_…GQpc": {
    "blacklisted_until": 1779730859.17787
  },
  "gsk_…M2TI": {
    "blacklisted_until": 1779730859.607711
  },
  "gsk_…HF8S": {
    "blacklisted_until": 1779730859.7496839
  },
  "gsk_…PxXM": {
    "blacklisted_until": 1779730859.8857462
  },
  "gsk_…bdFd": {
    "blacklisted_until": 1779730860.0972323
  }
}