{
  "gsk_…PxXM": {
    "blacklisted_until": 1781653449.4065535
  },
  "gsk_…bdFd": {
    "blacklisted_until": 1781653509.469076
  },
  "gsk_…GQpc": {
    "blacklisted_until": 1781653600.4768531
  },
  "gsk_…M2TI": {
    "blacklisted_until": 1781653660.539532
  },
  "gsk_…HF8S": {
    "blacklisted_until": 1781653660.6869447
  },
  "gsk_…JOK1": {
    "blacklisted_until": 1781653660.7417989
  }
}