{
  "gsk_…M2TI": {
    "blacklisted_until": 1779688739.6933665
  },
  "gsk_…bdFd": {
    "blacklisted_until": 1779688861.360833
  },
  "gsk_…JOK1": {
    "blacklisted_until": 1779688861.4326503
  },
  "gsk_…GQpc": {
    "blacklisted_until": 1779688861.5216272
  },
  "gsk_…HF8S": {
    "blacklisted_until": 1779688861.5944564
  },
  "gsk_…PxXM": {
    "blacklisted_until": 1779688861.6688662
  }
}