{
  "gsk_…GQpc": {
    "blacklisted_until": 1781779866.64067
  },
  "gsk_…M2TI": {
    "blacklisted_until": 1781779866.709379
  },
  "gsk_…JOK1": {
    "blacklisted_until": 1781779866.7723646
  },
  "gsk_…PxXM": {
    "blacklisted_until": 1781779958.0883446
  },
  "gsk_…HF8S": {
    "blacklisted_until": 1781780018.1575837
  }
}