{
  "gsk_…GQpc": {
    "blacklisted_until": 1782046047.614307
  },
  "gsk_…M2TI": {
    "blacklisted_until": 1782046047.7036107
  },
  "gsk_…HF8S": {
    "blacklisted_until": 1782046047.7983198
  },
  "gsk_…JOK1": {
    "blacklisted_until": 1782046047.8743913
  },
  "gsk_…PxXM": {
    "blacklisted_until": 1782046198.7625866
  },
  "gsk_…bdFd": {
    "blacklisted_until": 1782046198.832388
  }
}