{
  "gsk_…bdFd": {
    "blacklisted_until": 1781109243.5552542
  },
  "gsk_…PxXM": {
    "blacklisted_until": 1781109243.4815056
  },
  "gsk_…JOK1": {
    "blacklisted_until": 1781109394.2101407
  },
  "gsk_…GQpc": {
    "blacklisted_until": 1781109394.279634
  },
  "gsk_…M2TI": {
    "blacklisted_until": 1781109394.348404
  }
}