{
  "gsk_…GQpc": {
    "blacklisted_until": 1780818493.4466524
  },
  "gsk_…M2TI": {
    "blacklisted_until": 1780818493.526423
  },
  "gsk_…PxXM": {
    "blacklisted_until": 1780818580.5135279
  },
  "gsk_…JOK1": {
    "blacklisted_until": 1780818580.5914621
  },
  "gsk_…HF8S": {
    "blacklisted_until": 1780818580.6669066
  },
  "gsk_…bdFd": {
    "blacklisted_until": 1780818731.161054
  }
}