{
  "gsk_…GQpc": {
    "blacklisted_until": 1781696075.5000708
  },
  "gsk_…M2TI": {
    "blacklisted_until": 1781696075.597113
  },
  "gsk_…HF8S": {
    "blacklisted_until": 1781696075.69965
  },
  "gsk_…JOK1": {
    "blacklisted_until": 1781696075.8029382
  }
}