{
  "gsk_…GQpc": {
    "blacklisted_until": 1781360978.7497616
  },
  "gsk_…bdFd": {
    "blacklisted_until": 1781360888.0341117
  },
  "gsk_…M2TI": {
    "blacklisted_until": 1781361038.830384
  }
}