{
  "gsk_…PxXM": {
    "blacklisted_until": 1781150333.6883
  },
  "gsk_…bdFd": {
    "blacklisted_until": 1781150333.8347704
  },
  "gsk_…JOK1": {
    "blacklisted_until": 1781150393.9759476
  },
  "gsk_…GQpc": {
    "blacklisted_until": 1781150394.1342318
  },
  "gsk_…M2TI": {
    "blacklisted_until": 1781150394.2862964
  },
  "gsk_…HF8S": {
    "blacklisted_until": 1781150452.7659144
  }
}