{
  "gsk_…GQpc": {
    "blacklisted_until": 1780687473.5372143
  },
  "gsk_…PxXM": {
    "blacklisted_until": 1780687505.0965436
  },
  "gsk_…bdFd": {
    "blacklisted_until": 1780687505.2430713
  },
  "gsk_…HF8S": {
    "blacklisted_until": 1780687505.4073079
  },
  "gsk_…M2TI": {
    "blacklisted_until": 1780687596.2999582
  },
  "gsk_…JOK1": {
    "blacklisted_until": 1780687596.152992
  }
}