{
  "gsk_…JOK1": {
    "blacklisted_until": 1780027865.126082
  },
  "gsk_…GQpc": {
    "blacklisted_until": 1780027865.1899726
  },
  "gsk_…M2TI": {
    "blacklisted_until": 1780027925.2929406
  },
  "gsk_…HF8S": {
    "blacklisted_until": 1780028077.3890276
  },
  "gsk_…bdFd": {
    "blacklisted_until": 1780028168.1733227
  }
}