{
  "gsk_…M2TI": {
    "blacklisted_until": 1780492309.087723
  },
  "gsk_…PxXM": {
    "blacklisted_until": 1780492400.233878
  },
  "gsk_…bdFd": {
    "blacklisted_until": 1780492400.3753948
  },
  "gsk_…JOK1": {
    "blacklisted_until": 1780492400.516249
  },
  "gsk_…GQpc": {
    "blacklisted_until": 1780492400.6562674
  },
  "gsk_…HF8S": {
    "blacklisted_until": 1780492400.7904668
  }
}