{
  "gsk_…GQpc": {
    "blacklisted_until": 1781892573.829043
  },
  "gsk_…M2TI": {
    "blacklisted_until": 1781892573.9053628
  },
  "gsk_…JOK1": {
    "blacklisted_until": 1781892573.7394068
  },
  "gsk_…bdFd": {
    "blacklisted_until": 1781892483.057572
  }
}