{
  "gsk_…HF8S": {
    "blacklisted_until": 1781034664.643504
  },
  "gsk_…PxXM": {
    "blacklisted_until": 1781034664.7162213
  },
  "gsk_…bdFd": {
    "blacklisted_until": 1781034664.7867453
  },
  "gsk_…GQpc": {
    "blacklisted_until": 1781034846.6900241
  },
  "gsk_…M2TI": {
    "blacklisted_until": 1781034846.7630925
  },
  "gsk_…JOK1": {
    "blacklisted_until": 1781034846.8318021
  }
}