{
  "gsk_…bdFd": {
    "blacklisted_until": 1780158275.1254303
  },
  "gsk_…JOK1": {
    "blacklisted_until": 1780158353.0356622
  },
  "gsk_…M2TI": {
    "blacklisted_until": 1780158443.5799003
  }
}