{
  "gsk_…GQpc": {
    "blacklisted_until": 1780456967.0447702
  },
  "gsk_…bdFd": {
    "blacklisted_until": 1780456967.1128607
  },
  "gsk_…M2TI": {
    "blacklisted_until": 1780457027.1797726
  },
  "gsk_…PxXM": {
    "blacklisted_until": 1780457087.248659
  },
  "gsk_…JOK1": {
    "blacklisted_until": 1780457147.3196478
  },
  "gsk_…HF8S": {
    "blacklisted_until": 1780457147.4244614
  }
}