{
  "gsk_…GQpc": {
    "blacklisted_until": 1780246945.461437
  },
  "gsk_…M2TI": {
    "blacklisted_until": 1780246945.5344408
  },
  "gsk_…JOK1": {
    "blacklisted_until": 1780246945.6006215
  },
  "gsk_…PxXM": {
    "blacklisted_until": 1780247036.5499172
  },
  "gsk_…bdFd": {
    "blacklisted_until": 1780247036.6201086
  },
  "gsk_…HF8S": {
    "blacklisted_until": 1780247036.6858346
  }
}