{
  "gsk_…PxXM": {
    "blacklisted_until": 1782210691.018278
  },
  "gsk_…bdFd": {
    "blacklisted_until": 1782210691.0935612
  }
}