{
  "gsk_…bdFd": {
    "blacklisted_until": 1780611469.8141594
  },
  "gsk_…GQpc": {
    "blacklisted_until": 1780611530.005002
  },
  "gsk_…M2TI": {
    "blacklisted_until": 1780611530.1093283
  },
  "gsk_…PxXM": {
    "blacklisted_until": 1780611655.3730917
  }
}