{
  "gsk_…bdFd": {
    "blacklisted_until": 1780955054.1791527
  },
  "gsk_…JOK1": {
    "blacklisted_until": 1780955114.3093204
  },
  "gsk_…M2TI": {
    "blacklisted_until": 1780955145.668628
  },
  "gsk_…HF8S": {
    "blacklisted_until": 1780955145.7698717
  },
  "gsk_…PxXM": {
    "blacklisted_until": 1780955145.8711379
  },
  "gsk_…GQpc": {
    "blacklisted_until": 1780955145.9793384
  }
}