{
  "gsk_…PxXM": {
    "blacklisted_until": 1779933364.9786358
  },
  "gsk_…bdFd": {
    "blacklisted_until": 1779933365.038173
  }
}