{
  "gsk_…HF8S": {
    "blacklisted_until": 1780992810.109219
  },
  "gsk_…PxXM": {
    "blacklisted_until": 1780992870.1750865
  },
  "gsk_…bdFd": {
    "blacklisted_until": 1780992870.24272
  },
  "gsk_…JOK1": {
    "blacklisted_until": 1780992930.3219213
  },
  "gsk_…GQpc": {
    "blacklisted_until": 1780992930.394928
  },
  "gsk_…M2TI": {
    "blacklisted_until": 1780992930.458098
  }
}