{
  "gsk_…bdFd": {
    "blacklisted_until": 1780111131.795609
  },
  "gsk_…HF8S": {
    "blacklisted_until": 1780111131.8587997
  },
  "gsk_…M2TI": {
    "blacklisted_until": 1780111222.54303
  },
  "gsk_…GQpc": {
    "blacklisted_until": 1780111222.6096091
  },
  "gsk_…PxXM": {
    "blacklisted_until": 1780111282.6835976
  },
  "gsk_…JOK1": {
    "blacklisted_until": 1780111282.7457154
  }
}