{
  "gsk_…JOK1": {
    "blacklisted_until": 1779683830.9728458
  },
  "gsk_…GQpc": {
    "blacklisted_until": 1779683831.0421016
  },
  "gsk_…M2TI": {
    "blacklisted_until": 1779683831.1542768
  },
  "gsk_…HF8S": {
    "blacklisted_until": 1779683831.2446694
  },
  "gsk_…PxXM": {
    "blacklisted_until": 1779683831.3151104
  },
  "gsk_…bdFd": {
    "blacklisted_until": 1779683831.3830776
  }
}