{
  "gsk_…GQpc": {
    "blacklisted_until": 1780330032.7919323
  },
  "gsk_…M2TI": {
    "blacklisted_until": 1780330032.8588352
  },
  "gsk_…PxXM": {
    "blacklisted_until": 1780330063.9847941
  },
  "gsk_…bdFd": {
    "blacklisted_until": 1780330064.0626612
  },
  "gsk_…HF8S": {
    "blacklisted_until": 1780330064.1331618
  },
  "gsk_…JOK1": {
    "blacklisted_until": 1780330124.291124
  }
}