{
  "gsk_…JOK1": {
    "blacklisted_until": 1780865328.5538268
  },
  "gsk_…GQpc": {
    "blacklisted_until": 1780865328.662715
  },
  "gsk_…M2TI": {
    "blacklisted_until": 1780865388.7942424
  },
  "gsk_…HF8S": {
    "blacklisted_until": 1780865388.9005685
  },
  "gsk_…PxXM": {
    "blacklisted_until": 1780865449.0007074
  },
  "gsk_…bdFd": {
    "blacklisted_until": 1780865449.0998676
  }
}