{
  "gsk_…bdFd": {
    "blacklisted_until": 1782098179.5148394
  },
  "gsk_…JOK1": {
    "blacklisted_until": 1782097877.6006339
  },
  "gsk_…GQpc": {
    "blacklisted_until": 1782097877.6660566
  },
  "gsk_…PxXM": {
    "blacklisted_until": 1782098179.4082522
  },
  "gsk_…M2TI": {
    "blacklisted_until": 1782097937.8862014
  },
  "gsk_…HF8S": {
    "blacklisted_until": 1782097997.95821
  }
}