{
  "gsk_…HF8S": {
    "blacklisted_until": 1780188710.5575476
  },
  "gsk_…PxXM": {
    "blacklisted_until": 1780188710.6316462
  },
  "gsk_…bdFd": {
    "blacklisted_until": 1780188710.7087252
  },
  "gsk_…JOK1": {
    "blacklisted_until": 1780188710.79074
  },
  "gsk_…GQpc": {
    "blacklisted_until": 1780188710.8797498
  }
}