{
  "gsk_…bdFd": {
    "blacklisted_until": 1780498703.0736802
  },
  "gsk_…PxXM": {
    "blacklisted_until": 1780498703.2229223
  },
  "gsk_…GQpc": {
    "blacklisted_until": 1780498796.0402622
  },
  "gsk_…M2TI": {
    "blacklisted_until": 1780498796.1838288
  },
  "gsk_…HF8S": {
    "blacklisted_until": 1780498796.353465
  },
  "gsk_…JOK1": {
    "blacklisted_until": 1780498796.5090873
  }
}