{
  "gsk_…GQpc": {
    "blacklisted_until": 1781882442.436468
  },
  "gsk_…M2TI": {
    "blacklisted_until": 1781882442.5219574
  },
  "gsk_…PxXM": {
    "blacklisted_until": 1781882537.3737967
  },
  "gsk_…bdFd": {
    "blacklisted_until": 1781882597.4580352
  }
}