{
  "gsk_…PxXM": {
    "blacklisted_until": 1781526515.8275483
  },
  "gsk_…bdFd": {
    "blacklisted_until": 1781526515.8780184
  },
  "gsk_…GQpc": {
    "blacklisted_until": 1781526515.9384036
  },
  "gsk_…M2TI": {
    "blacklisted_until": 1781526516.0022128
  },
  "gsk_…HF8S": {
    "blacklisted_until": 1781526576.06159
  },
  "gsk_…JOK1": {
    "blacklisted_until": 1781526636.156946
  }
}