{
  "gsk_…bdFd": {
    "blacklisted_until": 1781787678.5509937
  },
  "gsk_…PxXM": {
    "blacklisted_until": 1781787678.6182213
  },
  "gsk_…GQpc": {
    "blacklisted_until": 1781787769.8277237
  },
  "gsk_…M2TI": {
    "blacklisted_until": 1781787769.8925292
  },
  "gsk_…HF8S": {
    "blacklisted_until": 1781787769.957612
  },
  "gsk_…JOK1": {
    "blacklisted_until": 1781787770.024817
  }
}