{
  "gsk_…HF8S": {
    "blacklisted_until": 1780663901.188875
  },
  "gsk_…PxXM": {
    "blacklisted_until": 1780663901.003776
  },
  "gsk_…bdFd": {
    "blacklisted_until": 1780663901.09461
  }
}