{
  "gsk_…PxXM": {
    "blacklisted_until": 1779724575.5078669
  },
  "gsk_…bdFd": {
    "blacklisted_until": 1779724575.672935
  },
  "gsk_…M2TI": {
    "blacklisted_until": 1779724609.4965792
  },
  "gsk_…HF8S": {
    "blacklisted_until": 1779724609.647406
  },
  "gsk_…JOK1": {
    "blacklisted_until": 1779724609.7915125
  },
  "gsk_…GQpc": {
    "blacklisted_until": 1779724609.8987756
  }
}