{
  "gsk_…HF8S": {
    "blacklisted_until": 1781121605.6036692
  },
  "gsk_…PxXM": {
    "blacklisted_until": 1781121605.6724453
  },
  "gsk_…bdFd": {
    "blacklisted_until": 1781121605.7331166
  },
  "gsk_…GQpc": {
    "blacklisted_until": 1781121911.3358073
  }
}