{
  "gsk_…HF8S": {
    "blacklisted_until": 1781331656.0035515
  },
  "gsk_…PxXM": {
    "blacklisted_until": 1781331656.0696168
  },
  "gsk_…bdFd": {
    "blacklisted_until": 1781331656.1396983
  },
  "gsk_…JOK1": {
    "blacklisted_until": 1781331656.2040446
  }
}