{
  "gsk_…M2TI": {
    "blacklisted_until": 1781279216.4866366
  },
  "gsk_…PxXM": {
    "blacklisted_until": 1781279216.563016
  },
  "gsk_…bdFd": {
    "blacklisted_until": 1781279216.6358976
  },
  "gsk_…JOK1": {
    "blacklisted_until": 1781279216.71801
  },
  "gsk_…GQpc": {
    "blacklisted_until": 1781279276.7870567
  }
}