{
  "gsk_…bdFd": {
    "blacklisted_until": 1782061083.4989595
  },
  "gsk_…GQpc": {
    "blacklisted_until": 1782061174.6345384
  },
  "gsk_…M2TI": {
    "blacklisted_until": 1782061174.7047641
  },
  "gsk_…PxXM": {
    "blacklisted_until": 1782061231.0215528
  },
  "gsk_…JOK1": {
    "blacklisted_until": 1782061231.0819528
  },
  "gsk_…HF8S": {
    "blacklisted_until": 1782061231.1810625
  }
}