{
  "gsk_…PxXM": {
    "blacklisted_until": 1782095742.4130774
  },
  "gsk_…bdFd": {
    "blacklisted_until": 1782095742.4814975
  },
  "gsk_…JOK1": {
    "blacklisted_until": 1782095742.5471964
  },
  "gsk_…GQpc": {
    "blacklisted_until": 1782095742.6130438
  }
}