{
  "gsk_…bdFd": {
    "blacklisted_until": 1780273048.6099951
  },
  "gsk_…GQpc": {
    "blacklisted_until": 1780273139.8782177
  },
  "gsk_…M2TI": {
    "blacklisted_until": 1780273139.9452817
  },
  "gsk_…HF8S": {
    "blacklisted_until": 1780273140.0147164
  },
  "gsk_…PxXM": {
    "blacklisted_until": 1780273140.0762691
  },
  "gsk_…JOK1": {
    "blacklisted_until": 1780273140.1419737
  }
}