{
  "gsk_…JOK1": {
    "blacklisted_until": 1780394865.4859436
  },
  "gsk_…HF8S": {
    "blacklisted_until": 1780394865.785538
  },
  "gsk_…PxXM": {
    "blacklisted_until": 1780394865.2940989
  },
  "gsk_…bdFd": {
    "blacklisted_until": 1780394865.3909078
  },
  "gsk_…GQpc": {
    "blacklisted_until": 1780394865.5593972
  },
  "gsk_…M2TI": {
    "blacklisted_until": 1780394865.7156541
  }
}