{
  "gsk_…GQpc": {
    "blacklisted_until": 1780203825.024585
  },
  "gsk_…M2TI": {
    "blacklisted_until": 1780203825.1109936
  },
  "gsk_…JOK1": {
    "blacklisted_until": 1780203825.1870828
  },
  "gsk_…HF8S": {
    "blacklisted_until": 1780203885.2756817
  },
  "gsk_…PxXM": {
    "blacklisted_until": 1780203945.3566067
  },
  "gsk_…bdFd": {
    "blacklisted_until": 1780203945.43833
  }
}