{
  "gsk_…JOK1": {
    "blacklisted_until": 1781577148.383015
  },
  "gsk_…GQpc": {
    "blacklisted_until": 1781577148.4488754
  },
  "gsk_…M2TI": {
    "blacklisted_until": 1781577148.5212827
  }
}