{
  "gsk_…GQpc": {
    "blacklisted_until": 1782339629.6227047
  },
  "gsk_…JOK1": {
    "blacklisted_until": 1782339781.6495404
  },
  "gsk_…M2TI": {
    "blacklisted_until": 1782339781.7187123
  },
  "gsk_…HF8S": {
    "blacklisted_until": 1782339781.5694299
  },
  "gsk_…PxXM": {
    "blacklisted_until": 1782339841.8151085
  },
  "gsk_…bdFd": {
    "blacklisted_until": 1782339841.8880866
  }
}