{
  "gsk_…PxXM": {
    "blacklisted_until": 1782300871.495247
  },
  "gsk_…bdFd": {
    "blacklisted_until": 1782300871.5749605
  },
  "gsk_…HF8S": {
    "blacklisted_until": 1782300871.6559882
  },
  "gsk_…GQpc": {
    "blacklisted_until": 1782300963.0766282
  },
  "gsk_…M2TI": {
    "blacklisted_until": 1782300963.1543515
  },
  "gsk_…JOK1": {
    "blacklisted_until": 1782300963.2396696
  }
}