{
  "gsk_…GQpc": {
    "blacklisted_until": 1780616142.9279475
  },
  "gsk_…M2TI": {
    "blacklisted_until": 1780616143.0382695
  },
  "gsk_…PxXM": {
    "blacklisted_until": 1780616204.8112762
  },
  "gsk_…bdFd": {
    "blacklisted_until": 1780616204.9311469
  },
  "gsk_…HF8S": {
    "blacklisted_until": 1780616205.0453064
  },
  "gsk_…JOK1": {
    "blacklisted_until": 1780616353.6003883
  }
}