{
  "gsk_…HF8S": {
    "blacklisted_until": 1781241093.7689555
  },
  "gsk_…PxXM": {
    "blacklisted_until": 1781241093.8668454
  },
  "gsk_…bdFd": {
    "blacklisted_until": 1781241093.957431
  },
  "gsk_…JOK1": {
    "blacklisted_until": 1781241094.016429
  },
  "gsk_…GQpc": {
    "blacklisted_until": 1781241094.0956428
  }
}