{
  "gsk_…JOK1": {
    "blacklisted_until": 1780822801.9321094
  },
  "gsk_…GQpc": {
    "blacklisted_until": 1780822802.009482
  },
  "gsk_…M2TI": {
    "blacklisted_until": 1780822802.086269
  },
  "gsk_…HF8S": {
    "blacklisted_until": 1780822802.1673298
  },
  "gsk_…PxXM": {
    "blacklisted_until": 1780822802.2390447
  },
  "gsk_…bdFd": {
    "blacklisted_until": 1780822862.3355017
  }
}