{
  "gsk_…PxXM": {
    "blacklisted_until": 1781165077.0306838
  },
  "gsk_…bdFd": {
    "blacklisted_until": 1781165077.1785524
  },
  "gsk_…HF8S": {
    "blacklisted_until": 1781165159.6963198
  },
  "gsk_…JOK1": {
    "blacklisted_until": 1781165159.8237207
  },
  "gsk_…GQpc": {
    "blacklisted_until": 1781165219.9523063
  },
  "gsk_…M2TI": {
    "blacklisted_until": 1781165220.1122608
  }
}