{
  "gsk_…M2TI": {
    "blacklisted_until": 1780290210.9586184
  },
  "gsk_…PxXM": {
    "blacklisted_until": 1780290241.7169154
  },
  "gsk_…bdFd": {
    "blacklisted_until": 1780290241.7853074
  },
  "gsk_…JOK1": {
    "blacklisted_until": 1780290241.8541558
  },
  "gsk_…GQpc": {
    "blacklisted_until": 1780290241.9251523
  },
  "gsk_…HF8S": {
    "blacklisted_until": 1780290241.9876559
  }
}