{
  "gsk_…bdFd": {
    "blacklisted_until": 1781318469.687325
  },
  "gsk_…GQpc": {
    "blacklisted_until": 1781318560.7227757
  },
  "gsk_…JOK1": {
    "blacklisted_until": 1781318591.7509065
  },
  "gsk_…M2TI": {
    "blacklisted_until": 1781318591.8146453
  },
  "gsk_…HF8S": {
    "blacklisted_until": 1781318651.881477
  },
  "gsk_…PxXM": {
    "blacklisted_until": 1781318651.9570768
  }
}