{
  "gsk_…M2TI": {
    "blacklisted_until": 1781582314.2831554
  },
  "gsk_…HF8S": {
    "blacklisted_until": 1781582314.3523927
  },
  "gsk_…PxXM": {
    "blacklisted_until": 1781582314.421077
  },
  "gsk_…bdFd": {
    "blacklisted_until": 1781582314.4902809
  },
  "gsk_…GQpc": {
    "blacklisted_until": 1781582314.5561705
  },
  "gsk_…JOK1": {
    "blacklisted_until": 1781582374.62217
  }
}