{
  "gsk_…PxXM": {
    "blacklisted_until": 1780537055.0137868
  },
  "gsk_…bdFd": {
    "blacklisted_until": 1780537055.1550617
  },
  "gsk_…GQpc": {
    "blacklisted_until": 1780537146.3274329
  },
  "gsk_…M2TI": {
    "blacklisted_until": 1780537146.4893212
  },
  "gsk_…JOK1": {
    "blacklisted_until": 1780537221.9867098
  },
  "gsk_…HF8S": {
    "blacklisted_until": 1780537222.1259992
  }
}