{
  "gsk_…M2TI": {
    "blacklisted_until": 1780960772.0494723
  },
  "gsk_…PxXM": {
    "blacklisted_until": 1780960803.1874037
  },
  "gsk_…JOK1": {
    "blacklisted_until": 1780960803.3185897
  },
  "gsk_…GQpc": {
    "blacklisted_until": 1780960803.4571586
  },
  "gsk_…HF8S": {
    "blacklisted_until": 1780960803.5669878
  }
}