{
  "gsk_…bdFd": {
    "blacklisted_until": 1780320104.641955
  },
  "gsk_…GQpc": {
    "blacklisted_until": 1780320285.5576906
  },
  "gsk_…M2TI": {
    "blacklisted_until": 1780320285.6292355
  },
  "gsk_…HF8S": {
    "blacklisted_until": 1780320345.6990669
  },
  "gsk_…PxXM": {
    "blacklisted_until": 1780320345.7709038
  }
}