{
  "gsk_…GQpc": {
    "blacklisted_until": 1781736256.74111
  },
  "gsk_…M2TI": {
    "blacklisted_until": 1781736316.8769052
  },
  "gsk_…HF8S": {
    "blacklisted_until": 1781736317.0250604
  },
  "gsk_…PxXM": {
    "blacklisted_until": 1781736317.2025409
  },
  "gsk_…JOK1": {
    "blacklisted_until": 1781736317.330216
  }
}