{
  "gsk_…GQpc": {
    "blacklisted_until": 1780203164.4298465
  },
  "gsk_…M2TI": {
    "blacklisted_until": 1780203164.5062287
  },
  "gsk_…JOK1": {
    "blacklisted_until": 1780203164.5843754
  },
  "gsk_…HF8S": {
    "blacklisted_until": 1780203224.681406
  },
  "gsk_…PxXM": {
    "blacklisted_until": 1780203284.762297
  },
  "gsk_…bdFd": {
    "blacklisted_until": 1780203284.8389642
  }
}