{
  "gsk_…PxXM": {
    "blacklisted_until": 1781482466.729185
  },
  "gsk_…bdFd": {
    "blacklisted_until": 1781482466.8674207
  }
}