{
  "gsk_…HF8S": {
    "blacklisted_until": 1780030356.4443085
  },
  "gsk_…bdFd": {
    "blacklisted_until": 1780030416.509322
  },
  "gsk_…JOK1": {
    "blacklisted_until": 1780030566.834716
  },
  "gsk_…GQpc": {
    "blacklisted_until": 1780030566.8976524
  },
  "gsk_…M2TI": {
    "blacklisted_until": 1780030566.9599326
  },
  "gsk_…PxXM": {
    "blacklisted_until": 1780030567.0296159
  }
}