{
  "gsk_…HF8S": {
    "blacklisted_until": 1782259927.7719276
  },
  "gsk_…M2TI": {
    "blacklisted_until": 1782259927.6954727
  },
  "gsk_…JOK1": {
    "blacklisted_until": 1782259836.886194
  },
  "gsk_…GQpc": {
    "blacklisted_until": 1782259836.9636676
  },
  "gsk_…PxXM": {
    "blacklisted_until": 1782259987.954091
  },
  "gsk_…bdFd": {
    "blacklisted_until": 1782259988.032232
  }
}