{
  "gsk_…JOK1": {
    "blacklisted_until": 1779900921.9306862
  },
  "gsk_…GQpc": {
    "blacklisted_until": 1779900921.9945936
  },
  "gsk_…M2TI": {
    "blacklisted_until": 1779900921.666449
  },
  "gsk_…HF8S": {
    "blacklisted_until": 1779900921.732244
  },
  "gsk_…PxXM": {
    "blacklisted_until": 1779900921.7975671
  },
  "gsk_…bdFd": {
    "blacklisted_until": 1779900921.8651547
  }
}