{
  "gsk_…GQpc": {
    "blacklisted_until": 1780693269.7324262
  },
  "gsk_…PxXM": {
    "blacklisted_until": 1780693269.8754754
  },
  "gsk_…bdFd": {
    "blacklisted_until": 1780693330.023114
  },
  "gsk_…JOK1": {
    "blacklisted_until": 1780693330.1606176
  },
  "gsk_…M2TI": {
    "blacklisted_until": 1780693330.3049054
  },
  "gsk_…HF8S": {
    "blacklisted_until": 1780693330.4656754
  }
}