{
  "gsk_…PxXM": {
    "blacklisted_until": 1780100251.0426147
  },
  "gsk_…bdFd": {
    "blacklisted_until": 1780100251.1076496
  },
  "gsk_…GQpc": {
    "blacklisted_until": 1780100281.8869755
  },
  "gsk_…M2TI": {
    "blacklisted_until": 1780100281.960331
  },
  "gsk_…HF8S": {
    "blacklisted_until": 1780100282.0356274
  },
  "gsk_…JOK1": {
    "blacklisted_until": 1780100282.1030872
  }
}