{
  "gsk_…bdFd": {
    "blacklisted_until": 1780865876.4320216
  },
  "gsk_…PxXM": {
    "blacklisted_until": 1780865876.5316484
  },
  "gsk_…JOK1": {
    "blacklisted_until": 1780866027.2129052
  },
  "gsk_…GQpc": {
    "blacklisted_until": 1780866027.3144207
  },
  "gsk_…M2TI": {
    "blacklisted_until": 1780866027.42185
  },
  "gsk_…HF8S": {
    "blacklisted_until": 1780866027.5258195
  }
}