{
  "gsk_…PxXM": {
    "blacklisted_until": 1782014814.303154
  },
  "gsk_…bdFd": {
    "blacklisted_until": 1782014814.3725855
  },
  "gsk_…HF8S": {
    "blacklisted_until": 1782014814.4431484
  },
  "gsk_…JOK1": {
    "blacklisted_until": 1782014965.0411105
  }
}