{
  "gsk_…GQpc": {
    "blacklisted_until": 1781537889.794749
  },
  "gsk_…M2TI": {
    "blacklisted_until": 1781537889.8779702
  },
  "gsk_…JOK1": {
    "blacklisted_until": 1781537921.778875
  },
  "gsk_…HF8S": {
    "blacklisted_until": 1781537921.8601506
  },
  "gsk_…PxXM": {
    "blacklisted_until": 1781537921.7187402
  },
  "gsk_…bdFd": {
    "blacklisted_until": 1781537981.9719114
  }
}