{
  "gsk_…PxXM": {
    "blacklisted_until": 1780193316.9821506
  },
  "gsk_…bdFd": {
    "blacklisted_until": 1780193317.0650384
  },
  "gsk_…HF8S": {
    "blacklisted_until": 1780193317.1455748
  }
}