{
  "gsk_…GQpc": {
    "blacklisted_until": 1781705200.1162586
  },
  "gsk_…M2TI": {
    "blacklisted_until": 1781705200.574723
  },
  "gsk_…JOK1": {
    "blacklisted_until": 1781705201.0117767
  },
  "gsk_…HF8S": {
    "blacklisted_until": 1781705261.1708336
  },
  "gsk_…PxXM": {
    "blacklisted_until": 1781705323.4409556
  },
  "gsk_…bdFd": {
    "blacklisted_until": 1781705323.5865211
  }
}