{
  "gsk_…GQpc": {
    "blacklisted_until": 1782002014.9303036
  },
  "gsk_…M2TI": {
    "blacklisted_until": 1782002015.0031872
  },
  "gsk_…HF8S": {
    "blacklisted_until": 1782001957.5569453
  },
  "gsk_…PxXM": {
    "blacklisted_until": 1782001957.6277144
  },
  "gsk_…bdFd": {
    "blacklisted_until": 1782001957.6991096
  },
  "gsk_…JOK1": {
    "blacklisted_until": 1782002015.0702088
  }
}